# Blender 3.6.15
# www.blender.org
o Cylinder.003
v -0.810473 18.110689 -5.461910
v 2.111959 20.439152 -12.608535
v 2.579686 20.245411 -12.102270
v -0.304208 17.752707 -5.103928
v 2.579685 20.245411 -13.902565
v -0.304208 19.025707 -6.376928
v 2.111958 20.439152 -13.396301
v -0.810473 18.667725 -6.018945
v 0.989824 18.667725 -6.018945
v 3.775214 19.750206 -13.396301
v 3.307487 19.943945 -13.902565
v 0.483559 19.025707 -6.376928
v 0.483559 17.752707 -5.103928
v 3.307488 19.943945 -12.102270
v 0.989824 18.110691 -5.461911
v 3.775215 19.750206 -12.608537
v -0.160373 15.343794 -8.003925
v 1.275990 16.722153 -12.449520
v -0.463223 15.557941 -8.218073
v 0.996193 16.838049 -12.752371
v -0.463223 15.911561 -8.571693
v 0.996193 16.838049 -13.252465
v -0.160373 16.125710 -8.785840
v 1.275990 16.722153 -13.555316
v 0.339724 16.125710 -8.785840
v 1.738019 16.530775 -13.555316
v 0.642574 15.911561 -8.571693
v 2.017817 16.414881 -13.252465
v 2.017817 16.414881 -12.752373
v 0.642574 15.557942 -8.218074
v 0.339723 15.343794 -8.003925
v 1.738019 16.530775 -12.449520
v 1.870906 16.475733 -12.102270
v 0.483559 15.098251 -7.758383
v 2.338634 16.281992 -12.608537
v 0.989824 15.456235 -8.116366
v 0.989824 16.013269 -8.673401
v 2.338634 16.281992 -13.396301
v 1.870907 16.475733 -13.902565
v 0.483559 16.371252 -9.031384
v -0.304208 16.371252 -9.031384
v 1.143105 16.777197 -13.902565
v -0.810473 16.013269 -8.673401
v 0.675377 16.970936 -13.396301
v 0.675377 16.970936 -12.608535
v -0.810473 15.456234 -8.116365
v -0.304208 15.098251 -7.758383
v 1.143105 16.777197 -12.102270
v 0.339725 12.821248 -10.526473
v 0.642576 13.311888 -13.252342
v 0.642576 13.035397 -10.740622
v 0.642576 13.389015 -11.094241
v 0.339725 12.494633 -12.449479
v 0.339726 13.603164 -11.308388
v -0.463221 12.494633 -12.752329
v -0.160371 13.603164 -11.308388
v -1.932603 20.439152 -12.608535
v -0.463221 13.389015 -11.094241
v -2.400331 20.245411 -12.102270
v -2.400330 20.245411 -13.902565
v -0.463221 13.035396 -10.740621
v -1.932603 20.439152 -13.396301
v -0.160371 12.821248 -10.526473
v -3.595859 19.750206 -13.396301
v 0.339725 12.497410 -11.308493
v -3.128132 19.943945 -13.902565
v 0.642576 12.800261 -11.308493
v 0.642576 13.300354 -11.308494
v -3.128133 19.943945 -12.102270
v -0.463221 13.300354 -11.308494
v -3.595860 19.750206 -12.608537
v -0.463221 12.800260 -11.308493
v -1.096635 16.722153 -12.449520
v -0.160371 12.497410 -11.308493
v -0.816838 16.838049 -12.752371
v -0.816838 16.838049 -13.252465
v -1.096635 16.722153 -13.555316
v -1.558664 16.530775 -13.555316
v -1.838462 16.414881 -13.252465
v -1.838462 16.414881 -12.752373
v -1.558664 16.530775 -12.449520
v -1.691552 16.475733 -12.102270
v -2.159279 16.281992 -12.608537
v -2.159279 16.281992 -13.396301
v -1.691552 16.475733 -13.902565
v -0.963750 16.777197 -13.902565
v -0.496022 16.970936 -13.396301
v -0.496022 16.970936 -12.608535
v -0.963750 16.777197 -12.102270
v -0.463221 13.311888 -13.252342
v -0.160371 13.311968 -13.555161
v 0.339726 13.311968 -13.555161
v 0.339725 4.551817 -18.714687
v -0.160372 4.551817 -18.714687
v -0.160370 12.494633 -12.449479
v 0.642576 12.494633 -12.752329
v 0.642576 12.494632 -13.252423
v -0.463221 12.494632 -13.252423
v 0.090189 14.648993 -12.752301
v 0.089660 13.905587 -13.555188
v 0.090189 14.649008 -13.252389
v 0.089689 13.905567 -12.449428
v -0.160371 12.493191 -13.551497
v 0.339726 12.493191 -13.551497
v 0.642576 12.278996 -13.337454
v 0.642576 11.925377 -12.983832
v -0.463221 12.278996 -13.337454
v 0.339725 11.711230 -12.769686
v -0.463221 11.925377 -12.983832
v -0.160370 11.711230 -12.769686
v -0.160371 9.473896 -16.571280
v 0.339726 9.473896 -16.571280
v 0.642576 9.259703 -16.357237
v 0.642576 8.906082 -16.003616
v -0.463221 9.259703 -16.357237
v 0.339725 8.691936 -15.789469
v -0.463221 8.906082 -16.003616
v -0.160370 8.691936 -15.789469
v -0.160371 9.118568 -16.813192
v 0.339726 9.118568 -16.813192
v 0.642576 9.002591 -16.533474
v 0.642576 8.811214 -16.071445
v -0.463221 9.002591 -16.533474
v -0.463221 8.811214 -16.071445
v 0.339724 4.125184 -17.690964
v 0.642575 4.435840 -18.434967
v 0.642575 4.244462 -17.972940
v -0.463222 4.435840 -18.434967
v -0.463222 4.244462 -17.972940
v 0.339725 4.127199 -18.802757
v -0.160372 4.127199 -18.802757
v -0.160371 4.124804 -17.693695
v 0.642575 4.127093 -18.499949
v 0.642575 4.127093 -17.999855
v -0.463222 4.127093 -18.499949
v -0.463222 4.127093 -17.999855
v 0.339723 0.713528 -18.810688
v -0.160374 0.713528 -18.810688
v -0.160373 0.711132 -17.701626
v 0.339722 0.711132 -17.701626
v 0.642573 0.713423 -18.507877
v 0.642573 0.713423 -18.007784
v -0.463224 0.713423 -18.507877
v -0.463224 0.713423 -18.007784
v 0.470520 0.639445 -19.100456
v -0.291171 0.639445 -19.100456
v -0.291170 0.635797 -17.411257
v 0.470519 0.635797 -17.411257
v 0.931787 0.639286 -18.639252
v 0.931787 0.639286 -17.877563
v -0.752438 0.639286 -18.639252
v -0.752438 0.639286 -17.877563
v 0.698439 0.059035 -19.606222
v -0.519090 0.059035 -19.606222
v -0.519089 0.053204 -16.906111
v 0.698438 0.053204 -16.906111
v 1.435755 0.058781 -18.869005
v 1.435755 0.058781 -17.651482
v -1.256406 0.058781 -18.869005
v -1.256406 0.058781 -17.651482
v 0.427962 13.514986 -12.449414
v 0.217025 13.603211 -12.449417
v -0.037659 13.603211 -12.449417
v 0.339726 13.603211 -12.449417
v 0.642576 12.800322 -12.752298
v 0.642576 13.300414 -12.752249
v 0.642576 13.300426 -13.033018
v 0.642576 12.800333 -13.033017
v -0.463221 13.300425 -13.009309
v -0.463221 13.261685 -13.033018
v -0.463221 12.800323 -12.815287
v -0.463221 12.800320 -12.752303
v -0.463221 12.903248 -12.752295
v -0.463221 13.300414 -12.752260
v -0.248607 13.514986 -12.449414
v -0.160371 13.603211 -12.449417
v -0.810473 18.110689 5.461910
v 2.111959 20.439152 12.608535
v 2.579686 20.245411 12.102270
v -0.304208 17.752707 5.103928
v 2.579685 20.245411 13.902565
v -0.304208 19.025707 6.376928
v 2.111958 20.439152 13.396301
v -0.810473 18.667725 6.018945
v 0.989824 18.667725 6.018945
v 3.775214 19.750206 13.396301
v 3.307487 19.943945 13.902565
v 0.483559 19.025707 6.376928
v 0.483559 17.752707 5.103928
v 3.307488 19.943945 12.102270
v 0.989824 18.110691 5.461911
v 3.775215 19.750206 12.608537
v -0.160373 15.343794 8.003925
v 1.275990 16.722153 12.449520
v -0.463223 15.557941 8.218073
v 0.996193 16.838049 12.752371
v -0.463223 15.911561 8.571693
v 0.996193 16.838049 13.252465
v -0.160373 16.125710 8.785840
v 1.275990 16.722153 13.555316
v 0.339724 16.125710 8.785840
v 1.738019 16.530775 13.555316
v 0.642574 15.911561 8.571693
v 2.017817 16.414881 13.252465
v 2.017817 16.414881 12.752373
v 0.642574 15.557942 8.218074
v 0.339723 15.343794 8.003925
v 1.738019 16.530775 12.449520
v 1.870906 16.475733 12.102270
v 0.483559 15.098251 7.758383
v 2.338634 16.281992 12.608537
v 0.989824 15.456235 8.116366
v 0.989824 16.013269 8.673401
v 2.338634 16.281992 13.396301
v 1.870907 16.475733 13.902565
v 0.483559 16.371252 9.031384
v -0.304208 16.371252 9.031384
v 1.143105 16.777197 13.902565
v -0.810473 16.013269 8.673401
v 0.675377 16.970936 13.396301
v 0.675377 16.970936 12.608535
v -0.810473 15.456234 8.116365
v -0.304208 15.098251 7.758383
v 1.143105 16.777197 12.102270
v 0.339725 12.821248 10.526473
v 0.642576 13.311888 13.252342
v 0.642576 13.035397 10.740622
v 0.642576 13.389015 11.094241
v 0.339725 12.494633 12.449479
v 0.339726 13.603164 11.308388
v -0.463221 12.494633 12.752329
v -0.160371 13.603164 11.308388
v -1.932603 20.439152 12.608535
v -0.463221 13.389015 11.094241
v -2.400331 20.245411 12.102270
v -2.400330 20.245411 13.902565
v -0.463221 13.035396 10.740621
v -1.932603 20.439152 13.396301
v -0.160371 12.821248 10.526473
v -3.595859 19.750206 13.396301
v 0.339725 12.497410 11.308493
v -3.128132 19.943945 13.902565
v 0.642576 12.800261 11.308493
v 0.642576 13.300354 11.308494
v -3.128133 19.943945 12.102270
v -0.463221 13.300354 11.308494
v -3.595860 19.750206 12.608537
v -0.463221 12.800260 11.308493
v -1.096635 16.722153 12.449520
v -0.160371 12.497410 11.308493
v -0.816838 16.838049 12.752371
v -0.816838 16.838049 13.252465
v -1.096635 16.722153 13.555316
v -1.558664 16.530775 13.555316
v -1.838462 16.414881 13.252465
v -1.838462 16.414881 12.752373
v -1.558664 16.530775 12.449520
v -1.691552 16.475733 12.102270
v -2.159279 16.281992 12.608537
v -2.159279 16.281992 13.396301
v -1.691552 16.475733 13.902565
v -0.963750 16.777197 13.902565
v -0.496022 16.970936 13.396301
v -0.496022 16.970936 12.608535
v -0.963750 16.777197 12.102270
v -0.463221 13.311888 13.252342
v -0.160371 13.311968 13.555161
v 0.339726 13.311968 13.555161
v 0.339725 4.551817 18.714687
v -0.160372 4.551817 18.714687
v -0.160370 12.494633 12.449479
v 0.642576 12.494633 12.752329
v 0.642576 12.494632 13.252423
v -0.463221 12.494632 13.252423
v 0.090189 14.648993 12.752301
v 0.089660 13.905587 13.555188
v 0.090189 14.649008 13.252389
v 0.089689 13.905567 12.449428
v -0.160371 12.493191 13.551497
v 0.339726 12.493191 13.551497
v 0.642576 12.278996 13.337454
v 0.642576 11.925377 12.983832
v -0.463221 12.278996 13.337454
v 0.339725 11.711230 12.769686
v -0.463221 11.925377 12.983832
v -0.160370 11.711230 12.769686
v -0.160371 9.473896 16.571280
v 0.339726 9.473896 16.571280
v 0.642576 9.259703 16.357237
v 0.642576 8.906082 16.003616
v -0.463221 9.259703 16.357237
v 0.339725 8.691936 15.789469
v -0.463221 8.906082 16.003616
v -0.160370 8.691936 15.789469
v -0.160371 9.118568 16.813192
v 0.339726 9.118568 16.813192
v 0.642576 9.002591 16.533474
v 0.642576 8.811214 16.071445
v -0.463221 9.002591 16.533474
v -0.463221 8.811214 16.071445
v 0.642575 4.435840 18.434967
v 0.642575 4.244462 17.972940
v -0.463222 4.435840 18.434967
v -0.463222 4.244462 17.972940
v 0.339725 4.127199 18.802757
v -0.160372 4.127199 18.802757
v -0.160371 4.124804 17.693695
v 0.339724 4.124804 17.693695
v 0.642575 4.127093 18.499949
v 0.642575 4.127093 17.999855
v -0.463222 4.127093 18.499949
v -0.463222 4.127093 17.999855
v 0.339723 0.713528 18.810688
v -0.160374 0.713528 18.810688
v -0.160373 0.711132 17.701626
v 0.339722 0.711132 17.701626
v 0.642573 0.713423 18.507877
v 0.642573 0.713423 18.007784
v -0.463224 0.713423 18.507877
v -0.463224 0.713423 18.007784
v 0.470520 0.639445 19.100456
v -0.291171 0.639445 19.100456
v -0.291170 0.635797 17.411257
v 0.470519 0.635797 17.411257
v 0.931787 0.639286 18.639252
v 0.931787 0.639286 17.877563
v -0.752438 0.639286 18.639252
v -0.752438 0.639286 17.877563
v 0.698439 0.059035 19.606222
v -0.519090 0.059035 19.606222
v -0.519089 0.053204 16.906111
v 0.698438 0.053204 16.906111
v 1.435755 0.058781 18.869005
v 1.435755 0.058781 17.651482
v -1.256406 0.058781 18.869005
v -1.256406 0.058781 17.651482
v 0.217025 13.603211 12.449417
v -0.037659 13.603211 12.449417
v 0.339726 13.603211 12.449417
v 0.441989 13.500962 12.467871
v 0.642576 12.800322 12.752298
v 0.642576 13.300414 12.752249
v 0.642576 13.300426 13.033018
v 0.642576 12.800333 13.033017
v -0.463221 13.300425 13.009309
v -0.463221 13.261685 13.033018
v -0.463221 12.800323 12.815287
v -0.463221 12.800320 12.752303
v -0.463221 12.903248 12.752295
v -0.463221 13.300414 12.752260
v -0.160371 13.603211 12.449417
v -0.262634 13.500962 12.467871
v -5.377994 18.110689 0.894402
v -12.524619 20.439152 -2.028029
v -12.018354 20.245411 -2.495756
v -5.020011 17.752707 0.388137
v -13.818649 20.245411 -2.495756
v -6.293011 19.025707 0.388137
v -13.312386 20.439152 -2.028028
v -5.935029 18.667725 0.894402
v -5.935028 18.667725 -0.905895
v -13.312387 19.750206 -3.691284
v -13.818649 19.943945 -3.223557
v -6.293011 19.025707 -0.399630
v -5.020011 17.752707 -0.399630
v -12.018354 19.943945 -3.223558
v -5.377995 18.110691 -0.905895
v -12.524620 19.750206 -3.691285
v -7.920009 15.343794 0.244302
v -12.365604 16.722153 -1.192060
v -8.134157 15.557941 0.547153
v -12.668455 16.838049 -0.912263
v -8.487778 15.911561 0.547153
v -13.168550 16.838049 -0.912263
v -8.701924 16.125710 0.244302
v -13.471400 16.722153 -1.192060
v -8.701924 16.125710 -0.255795
v -13.471400 16.530775 -1.654090
v -8.487778 15.911561 -0.558645
v -13.168550 16.414881 -1.933887
v -12.668457 16.414881 -1.933887
v -8.134158 15.557942 -0.558645
v -7.920009 15.343794 -0.255794
v -12.365604 16.530775 -1.654090
v -12.018354 16.475733 -1.786977
v -7.674467 15.098251 -0.399630
v -12.524620 16.281992 -2.254704
v -8.032451 15.456235 -0.905895
v -8.589485 16.013269 -0.905895
v -13.312386 16.281992 -2.254704
v -13.818649 16.475733 -1.786977
v -8.947468 16.371252 -0.399630
v -8.947468 16.371252 0.388138
v -13.818649 16.777197 -1.059175
v -8.589485 16.013269 0.894403
v -13.312386 16.970936 -0.591448
v -12.524619 16.970936 -0.591448
v -8.032450 15.456234 0.894403
v -7.674466 15.098251 0.388138
v -12.018354 16.777197 -1.059175
v -10.442557 12.821248 -0.255796
v -13.168427 13.311888 -0.558646
v -10.656706 13.035397 -0.558646
v -11.010325 13.389015 -0.558646
v -12.365563 12.494633 -0.255795
v -11.224472 13.603164 -0.255796
v -12.668413 12.494633 0.547151
v -11.224472 13.603164 0.244300
v -12.524619 20.439152 2.016533
v -11.010325 13.389015 0.547151
v -12.018354 20.245411 2.484261
v -13.818649 20.245411 2.484261
v -10.656705 13.035396 0.547151
v -13.312386 20.439152 2.016533
v -10.442557 12.821248 0.244300
v -13.312386 19.750206 3.679789
v -11.224577 12.497410 -0.255795
v -13.818649 19.943945 3.212063
v -11.224577 12.800261 -0.558646
v -11.224578 13.300354 -0.558646
v -12.018354 19.943945 3.212063
v -11.224578 13.300354 0.547151
v -12.524621 19.750206 3.679790
v -11.224577 12.800260 0.547151
v -12.365604 16.722153 1.180565
v -11.224577 12.497410 0.244300
v -12.668455 16.838049 0.900767
v -13.168550 16.838049 0.900767
v -13.471400 16.722153 1.180565
v -13.471400 16.530775 1.642594
v -12.949101 12.800333 -0.558646
v -13.168550 16.414881 1.922391
v -12.668457 16.414881 1.922391
v -12.365604 16.530775 1.642594
v -12.018354 16.475733 1.775481
v -12.524621 16.281992 2.243209
v -13.312386 16.281992 2.243208
v -13.818649 16.475733 1.775481
v -13.818649 16.777197 1.047679
v -13.312386 16.970936 0.579951
v -12.524619 16.970936 0.579951
v -12.018354 16.777197 1.047679
v -13.168427 13.311888 0.547151
v -13.471246 13.311968 0.244301
v -13.471246 13.311968 -0.255796
v -18.630770 4.551817 -0.255795
v -18.630770 4.551817 0.244301
v -12.668413 12.494633 -0.558646
v -13.168508 12.494632 -0.558646
v -13.168508 12.494632 0.547151
v -12.668386 14.648993 -0.006259
v -13.471272 13.905587 -0.005731
v -13.168473 14.649008 -0.006259
v -12.365512 13.905567 -0.005759
v -13.467582 12.493191 0.244301
v -13.467582 12.493191 -0.255796
v -13.253538 12.278996 -0.558646
v -12.899917 11.925377 -0.558646
v -13.253538 12.278996 0.547151
v -12.685770 11.711230 -0.255795
v -12.899917 11.925377 0.547151
v -12.685770 11.711230 0.244300
v -16.487362 9.473896 0.244301
v -16.487362 9.473896 -0.255796
v -16.273319 9.259703 -0.558646
v -15.919699 8.906082 -0.558646
v -16.273319 9.259703 0.547152
v -15.705553 8.691936 -0.255795
v -15.919700 8.906082 0.547150
v -15.705553 8.691936 0.244301
v -16.729275 9.118568 0.244301
v -16.729275 9.118568 -0.255796
v -16.449556 9.002591 -0.558646
v -15.987528 8.811214 -0.558646
v -16.449556 9.002591 0.547150
v -15.987529 8.811214 0.547150
v -18.351049 4.435840 -0.558645
v -17.889023 4.244462 -0.558645
v -18.351049 4.435840 0.547152
v -17.889023 4.244462 0.547152
v -18.718840 4.127200 -0.255795
v -18.718840 4.127200 0.244301
v -17.609777 4.124804 0.244301
v -17.609777 4.124804 -0.255795
v -18.416031 4.127094 -0.558645
v -17.915937 4.127094 -0.558645
v -18.416031 4.127094 0.547152
v -17.915937 4.127094 0.547152
v -18.726770 0.713529 -0.255793
v -18.726770 0.713529 0.244303
v -17.617708 0.711133 0.244303
v -17.617708 0.711133 -0.255793
v -18.423960 0.713424 -0.558643
v -17.923866 0.713424 -0.558643
v -18.423960 0.713424 0.547153
v -17.923866 0.713424 0.547153
v -19.016539 0.639446 -0.386591
v -19.016539 0.639446 0.375101
v -17.327339 0.635798 0.375099
v -17.327339 0.635798 -0.386589
v -18.555334 0.639287 -0.847858
v -17.793646 0.639287 -0.847858
v -18.555334 0.639287 0.836369
v -17.793646 0.639287 0.836369
v -19.522305 0.059036 -0.614510
v -19.522305 0.059036 0.603020
v -16.822193 0.053205 0.603020
v -16.822193 0.053205 -0.614508
v -18.785088 0.058782 -1.351826
v -17.567564 0.058782 -1.351826
v -18.785088 0.058782 1.340336
v -17.567564 0.058782 1.340336
v -12.365501 13.603211 -0.133096
v -12.365501 13.603211 0.121589
v -12.365501 13.603211 -0.255796
v -12.383955 13.500962 -0.358060
v -12.668383 12.800322 -0.558646
v -12.668333 13.300414 -0.558646
v -12.949102 13.300426 -0.558646
v -12.925393 13.300425 0.547151
v -12.949102 13.261685 0.547151
v -12.731371 12.800323 0.547151
v -12.668387 12.800320 0.547151
v -12.668379 12.903248 0.547151
v -12.668344 13.300414 0.547151
v -12.365563 12.497458 0.244300
v -12.365501 13.603211 0.244300
v -12.383955 13.500962 0.346563
v 5.545827 18.110689 0.894402
v 12.692451 20.439152 -2.028029
v 12.186186 20.245411 -2.495757
v 5.187844 17.752707 0.388137
v 13.986481 20.245411 -2.495758
v 6.460845 19.025707 0.388137
v 13.480217 20.439152 -2.028029
v 6.102862 18.667725 0.894402
v 6.102862 18.667725 -0.905895
v 13.480217 19.750206 -3.691286
v 13.986481 19.943945 -3.223558
v 6.460845 19.025707 -0.399631
v 5.187844 17.752707 -0.399631
v 12.186186 19.943945 -3.223559
v 5.545828 18.110691 -0.905895
v 12.692453 19.750206 -3.691287
v 8.087841 15.343794 0.244301
v 12.533436 16.722153 -1.192061
v 8.301989 15.557941 0.547152
v 12.836287 16.838049 -0.912265
v 8.655609 15.911561 0.547152
v 13.336381 16.838049 -0.912265
v 8.869756 16.125710 0.244301
v 13.639232 16.722153 -1.192061
v 8.869756 16.125710 -0.255795
v 13.639232 16.530775 -1.654091
v 8.655609 15.911561 -0.558645
v 13.336381 16.414881 -1.933888
v 12.836288 16.414881 -1.933888
v 8.301990 15.557942 -0.558645
v 8.087841 15.343794 -0.255795
v 12.533436 16.530775 -1.654091
v 12.186186 16.475733 -1.786978
v 7.842299 15.098251 -0.399631
v 12.692453 16.281992 -2.254705
v 8.200282 15.456235 -0.905895
v 8.757317 16.013269 -0.905895
v 13.480217 16.281992 -2.254705
v 13.986481 16.475733 -1.786978
v 9.115299 16.371252 -0.399631
v 9.115299 16.371252 0.388137
v 13.986481 16.777197 -1.059176
v 8.757317 16.013269 0.894402
v 13.480217 16.970936 -0.591449
v 12.692451 16.970936 -0.591449
v 8.200281 15.456234 0.894402
v 7.842299 15.098251 0.388137
v 12.186186 16.777197 -1.059176
v 10.610389 12.821248 -0.255796
v 13.336258 13.311888 -0.558647
v 10.824537 13.035397 -0.558647
v 11.178157 13.389015 -0.558647
v 12.533395 12.494633 -0.255797
v 11.392303 13.603164 -0.255797
v 12.836245 12.494633 0.547150
v 11.392303 13.603164 0.244299
v 12.692451 20.439152 2.016532
v 11.178157 13.389015 0.547150
v 12.186186 20.245411 2.484260
v 13.986480 20.245411 2.484259
v 10.824536 13.035396 0.547150
v 13.480217 20.439152 2.016532
v 10.610389 12.821248 0.244299
v 13.480217 19.750206 3.679788
v 11.392408 12.497410 -0.255797
v 13.986481 19.943945 3.212061
v 11.392408 12.800261 -0.558647
v 11.392409 13.300354 -0.558647
v 12.186186 19.943945 3.212061
v 11.392409 13.300354 0.547150
v 12.692451 19.750206 3.679788
v 11.392408 12.800260 0.547150
v 12.533436 16.722153 1.180563
v 11.392408 12.497410 0.244299
v 12.836287 16.838049 0.900766
v 13.336381 16.838049 0.900766
v 13.639232 16.722153 1.180564
v 13.639232 16.530775 1.642592
v 13.336381 16.414881 1.922390
v 12.836288 16.414881 1.922390
v 12.533436 16.530775 1.642592
v 12.186186 16.475733 1.775480
v 13.116934 13.300426 -0.558647
v 12.692452 16.281992 2.243207
v 13.480217 16.281992 2.243208
v 13.986481 16.475733 1.775480
v 13.986481 16.777197 1.047678
v 13.480217 16.970936 0.579950
v 12.692451 16.970936 0.579950
v 12.186186 16.777197 1.047678
v 13.336258 13.311888 0.547150
v 13.639077 13.311968 0.244299
v 13.639077 13.311968 -0.255797
v 18.798605 4.551817 -0.255796
v 18.798605 4.551817 0.244301
v 12.836245 12.494633 -0.558647
v 13.336339 12.494632 -0.558647
v 13.336339 12.494632 0.547150
v 12.836217 14.648993 -0.006260
v 13.639104 13.905587 -0.005732
v 13.336305 14.649008 -0.006261
v 12.533343 13.905567 -0.005760
v 13.635413 12.493191 0.244299
v 13.635413 12.493191 -0.255797
v 13.421370 12.278996 -0.558647
v 13.067748 11.925377 -0.558647
v 13.421370 12.278996 0.547150
v 12.853601 11.711230 -0.255797
v 13.067748 11.925377 0.547150
v 12.853601 11.711230 0.244299
v 16.655197 9.473896 0.244299
v 16.655197 9.473896 -0.255798
v 16.441154 9.259703 -0.558647
v 16.087534 8.906082 -0.558647
v 16.441154 9.259703 0.547150
v 15.873384 8.691936 -0.255796
v 16.087534 8.906082 0.547150
v 15.873384 8.691936 0.244299
v 16.897110 9.118568 0.244299
v 16.897110 9.118568 -0.255798
v 16.617392 9.002591 -0.558647
v 16.155363 8.811214 -0.558647
v 16.617392 9.002591 0.547150
v 17.774881 4.125185 0.244299
v 16.155363 8.811214 0.547149
v 18.518885 4.435840 -0.558647
v 18.056858 4.244462 -0.558647
v 18.518885 4.435840 0.547150
v 18.056858 4.244462 0.547150
v 18.886675 4.127200 -0.255796
v 18.886675 4.127200 0.244301
v 17.777613 4.124804 -0.255796
v 18.583866 4.127094 -0.558647
v 18.083773 4.127094 -0.558647
v 18.583866 4.127094 0.547150
v 18.083773 4.127094 0.547150
v 18.894606 0.713529 -0.255795
v 18.894606 0.713529 0.244303
v 17.785543 0.711133 0.244301
v 17.785543 0.711133 -0.255795
v 18.591795 0.713424 -0.558645
v 18.091702 0.713424 -0.558645
v 18.591795 0.713424 0.547152
v 18.091702 0.713424 0.547152
v 19.184374 0.639446 -0.386591
v 19.184374 0.639446 0.375099
v 17.495174 0.635798 0.375099
v 17.495174 0.635798 -0.386591
v 18.723169 0.639287 -0.847858
v 17.961481 0.639287 -0.847858
v 18.723169 0.639287 0.836367
v 17.961481 0.639287 0.836367
v 19.690140 0.059036 -0.614511
v 19.690140 0.059036 0.603018
v 16.990028 0.053205 0.603018
v 16.990028 0.053205 -0.614510
v 18.952923 0.058782 -1.351828
v 17.735399 0.058782 -1.351828
v 18.952923 0.058782 1.340334
v 17.735399 0.058782 1.340334
v 12.533330 13.514986 -0.344033
v 12.533333 13.603211 -0.133097
v 12.533333 13.603211 0.121588
v 12.533333 13.603211 -0.255797
v 12.824689 13.311887 -0.547173
v 12.836214 12.800322 -0.558647
v 13.116933 12.800333 -0.558647
v 13.093225 13.300425 0.547150
v 13.116934 13.261685 0.547150
v 12.899202 12.800323 0.547150
v 12.836219 12.800320 0.547150
v 12.836210 12.903248 0.547150
v 12.836176 13.300414 0.547150
v 12.533395 12.497458 0.244299
v 12.533329 13.514986 0.332536
v 12.533333 13.603211 0.244299
v -0.000000 17.979670 -15.270358
v -0.000000 20.971588 -15.270358
v 5.843714 17.979670 -14.107970
v 5.843714 20.971588 -14.107970
v 10.797773 17.979670 -10.797773
v 10.797773 20.971588 -10.797773
v 14.107970 17.979670 -5.843714
v 14.107970 20.971588 -5.843714
v 15.270358 17.979670 0.000000
v 15.270358 20.971588 0.000000
v 14.107970 17.979670 5.843713
v 14.107970 20.971588 5.843713
v 10.797773 17.979670 10.797773
v 10.797773 20.971588 10.797773
v 5.843714 17.979670 14.107970
v 5.843714 20.971588 14.107970
v -0.000000 17.979670 15.270358
v -0.000000 20.971588 15.270358
v -5.843713 17.979670 14.107970
v -5.843713 20.971588 14.107970
v -10.797773 17.979670 10.797773
v -10.797773 20.971588 10.797773
v -14.107970 17.979670 5.843713
v -14.107970 20.971588 5.843713
v -15.270358 17.979670 0.000000
v -15.270358 20.971588 0.000000
v -14.107970 17.979670 -5.843714
v -14.107970 20.971588 -5.843714
v -10.797773 17.979670 -10.797773
v -10.797773 20.971588 -10.797773
v -5.843713 17.979670 -14.107970
v -5.843713 20.971588 -14.107970
v 5.386473 30.259098 -13.004094
v 0.000000 30.259098 -14.075531
v 9.952903 30.259098 -9.952903
v 13.004094 30.259098 -5.386473
v 14.075531 30.259098 0.000000
v 13.004094 30.259098 5.386473
v 9.952903 30.259098 9.952903
v 5.386473 30.259098 13.004094
v 0.000000 30.259098 14.075531
v -5.386473 30.259098 13.004094
v -9.952903 30.259098 9.952903
v -13.004094 30.259098 5.386473
v -14.075531 30.259098 0.000000
v -13.004094 30.259098 -5.386473
v -9.952903 30.259098 -9.952903
v -5.386473 30.259098 -13.004094
v -0.000000 16.523533 -5.385982
v 2.061126 16.523533 -4.975997
v 3.808463 16.523533 -3.808463
v 4.975997 16.523533 -2.061126
v 5.385982 16.523533 -0.000000
v 4.975997 16.523533 2.061126
v 3.808463 16.523533 3.808463
v 2.061126 16.523533 4.975997
v -0.000000 16.523533 5.385982
v -2.061126 16.523533 4.975997
v -3.808463 16.523533 3.808463
v -4.975996 16.523533 2.061125
v -5.385982 16.523533 -0.000000
v -4.975997 16.523533 -2.061126
v -3.808463 16.523533 -3.808463
v -2.061125 16.523533 -4.975996
v -0.000000 16.523531 -11.698763
v 4.476923 16.523531 -10.808247
v 8.272274 16.523531 -8.272274
v 10.808247 16.523531 -4.476923
v 11.698763 16.523531 0.000000
v 10.808247 16.523531 4.476923
v 8.272274 16.523531 8.272274
v 4.476923 16.523531 10.808247
v -0.000000 16.523531 11.698763
v -4.476923 16.523531 10.808247
v -8.272274 16.523531 8.272274
v -10.808247 16.523531 4.476923
v -11.698763 16.523531 0.000000
v -10.808247 16.523531 -4.476923
v -8.272274 16.523531 -8.272274
v -4.476923 16.523531 -10.808247
v 0.000000 9.860286 -5.123583
v 1.960710 9.860286 -4.733573
v 3.622919 9.860286 -3.622919
v 4.733573 9.860286 -1.960710
v 5.123583 9.860286 -0.000000
v 4.733573 9.860286 1.960710
v 3.622919 9.860286 3.622919
v 1.960710 9.860286 4.733573
v -0.000000 9.860286 5.123583
v -1.960710 9.860286 4.733573
v -3.622919 9.860286 3.622919
v -4.733572 9.860286 1.960709
v -5.123583 9.860286 -0.000000
v -4.733573 9.860286 -1.960710
v -3.622919 9.860286 -3.622919
v -1.960709 9.860286 -4.733572
v -0.000000 9.860286 -6.200266
v 2.372739 9.860286 -5.728299
v 4.384250 9.860286 -4.384249
v 5.728299 9.860286 -2.372739
v 6.200266 9.860286 -0.000000
v 5.728299 9.860286 2.372739
v 4.384250 9.860286 4.384249
v 2.372739 9.860286 5.728299
v -0.000000 9.860286 6.200266
v -2.372739 9.860286 5.728299
v -4.384249 9.860286 4.384249
v -5.728298 9.860286 2.372739
v -6.200266 9.860286 -0.000000
v -5.728299 9.860286 -2.372739
v -4.384249 9.860286 -4.384249
v -2.372739 9.860286 -5.728297
v 0.000000 16.754307 -4.450700
v 1.703209 16.754307 -4.111910
v 3.147119 16.754307 -3.147119
v 4.111910 16.754307 -1.703209
v 4.450700 16.754307 -0.000000
v 4.111910 16.754307 1.703208
v 3.147119 16.754307 3.147119
v 1.703209 16.754307 4.111910
v -0.000000 16.754307 4.450700
v -1.703208 16.754307 4.111910
v -3.147119 16.754307 3.147119
v -4.111909 16.754307 1.703208
v -4.450700 16.754307 -0.000000
v -4.111910 16.754307 -1.703209
v -3.147119 16.754307 -3.147119
v -1.703208 16.754307 -4.111909
v 3.281246 38.441414 -7.921626
v 0.000000 38.441414 -8.574306
v 6.062950 38.441414 -6.062950
v 7.921626 38.441414 -3.281245
v 8.574306 38.441414 -0.000000
v 7.921626 38.441414 3.281245
v 6.062950 38.441414 6.062950
v 3.281246 38.441414 7.921626
v 0.000000 38.441414 8.574306
v -3.281245 38.441414 7.921626
v -6.062950 38.441414 6.062950
v -7.921626 38.441414 3.281245
v -8.574306 38.441414 -0.000000
v -7.921626 38.441414 -3.281245
v -6.062950 38.441414 -6.062950
v -3.281245 38.441414 -7.921626
v 0.000001 43.473820 -0.000000
v 4.552678 33.942074 -10.411399
v 6.431094 35.357208 -11.244496
v 6.640735 31.585169 -10.783477
v 8.146597 33.420826 -11.550188
v 9.221616 30.608906 -9.221618
v 10.266994 32.618744 -10.266998
v 10.783474 31.585169 -6.640738
v 11.550186 33.420826 -8.146601
v 10.411397 33.942074 -4.552682
v 11.244495 35.357208 -6.431098
v 8.323340 36.298985 -4.180604
v 9.528992 37.293594 -6.125406
v 5.742461 37.275246 -5.742463
v 7.408594 38.095676 -7.408596
v 4.180601 36.298985 -8.323342
v 6.125404 37.293594 -9.528994
v 8.005043 33.009228 -12.147785
v 5.916987 35.366138 -11.775708
v 10.585924 32.032967 -10.585928
v 12.147783 33.009228 -8.005047
v 11.775705 35.366138 -5.916990
v 9.687650 37.723042 -5.544913
v 7.106770 38.699310 -7.106772
v 5.544911 37.723042 -9.687652
v 7.987425 33.360149 -11.095543
v 6.420848 35.128433 -10.816388
v 9.923746 32.627701 -9.923748
v 11.095540 33.360149 -7.987428
v 10.816387 35.128433 -6.420851
v 9.249810 36.896717 -6.141697
v 7.313489 37.629166 -7.313491
v 6.141695 36.896717 -9.249812
v -10.411399 33.942074 4.552678
v -11.244496 35.357208 6.431094
v -10.783477 31.585169 6.640735
v -11.550188 33.420826 8.146597
v -9.221618 30.608906 9.221616
v -10.266998 32.618744 10.266994
v -6.640738 31.585169 10.783474
v -8.146601 33.420826 11.550186
v -4.552682 33.942074 10.411397
v -6.431098 35.357208 11.244495
v -4.180604 36.298985 8.323340
v -6.125406 37.293594 9.528992
v -5.742463 37.275246 5.742461
v -7.408596 38.095676 7.408594
v -8.323342 36.298985 4.180601
v -9.528994 37.293594 6.125404
v -12.147785 33.009228 8.005043
v -11.775708 35.366138 5.916987
v -10.585928 32.032967 10.585924
v -8.005047 33.009228 12.147783
v -5.916990 35.366138 11.775705
v -5.544913 37.723042 9.687650
v -7.106772 38.699310 7.106770
v -9.687652 37.723042 5.544911
v -11.095543 33.360149 7.987425
v -10.816388 35.128433 6.420848
v -9.923748 32.627701 9.923746
v -7.987428 33.360149 11.095540
v -6.420851 35.128433 10.816387
v -6.141697 36.896717 9.249810
v -7.313491 37.629166 7.313489
v -9.249812 36.896717 6.141695
v -10.411400 33.942074 -4.552681
v -11.244498 35.357208 -6.431096
v -10.783480 31.585169 -6.640738
v -11.550190 33.420826 -8.146599
v -9.221620 30.608906 -9.221618
v -10.266999 32.618744 -10.266997
v -6.640739 31.585169 -10.783476
v -8.146603 33.420826 -11.550188
v -4.552683 33.942074 -10.411400
v -6.431099 35.357208 -11.244497
v -4.180605 36.298985 -8.323343
v -6.125408 37.293594 -9.528995
v -5.742464 37.275246 -5.742464
v -7.408597 38.095676 -7.408597
v -8.323343 36.298985 -4.180604
v -9.528996 37.293594 -6.125406
v -12.147787 33.009228 -8.005047
v -11.775710 35.366138 -5.916989
v -10.585929 32.032967 -10.585927
v -8.005050 33.009228 -12.147786
v -5.916992 35.366138 -11.775709
v -5.544914 37.723042 -9.687653
v -7.106773 38.699310 -7.106773
v -9.687654 37.723042 -5.544913
v -11.095545 33.360149 -7.987427
v -10.816390 35.128433 -6.420850
v -9.923750 32.627701 -9.923748
v -7.987430 33.360149 -11.095544
v -6.420852 35.128433 -10.816389
v -6.141699 36.896717 -9.249812
v -7.313493 37.629166 -7.313492
v -9.249813 36.896717 -6.141697
v 4.552678 33.942074 10.411395
v 6.431094 35.357208 11.244493
v 6.640735 31.585169 10.783471
v 8.146596 33.420826 11.550183
v 9.221615 30.608906 9.221613
v 10.266995 32.618744 10.266994
v 10.783474 31.585169 6.640734
v 11.550186 33.420826 8.146597
v 10.411397 33.942074 4.552677
v 11.244495 35.357208 6.431093
v 8.323341 36.298985 4.180600
v 9.528992 37.293594 6.125402
v 5.742461 37.275246 5.742460
v 7.408594 38.095676 7.408593
v 4.180601 36.298985 8.323339
v 6.125404 37.293594 9.528991
v 8.005044 33.009228 12.147780
v 5.916986 35.366138 11.775703
v 10.585925 32.032967 10.585923
v 12.147783 33.009228 8.005043
v 11.775705 35.366138 5.916986
v 9.687650 37.723042 5.544909
v 7.106770 38.699310 7.106769
v 5.544910 37.723042 9.687648
v 7.987425 33.360149 11.095539
v 6.420848 35.128433 10.816384
v 9.923746 32.627701 9.923744
v 11.095540 33.360149 7.987422
v 10.816387 35.128433 6.420847
v 9.249809 36.896717 6.141693
v 7.313489 37.629166 7.313488
v 6.141695 36.896717 9.249808
v 2.398089 45.938568 3.615469
v 2.156432 45.666451 3.462838
v 0.526216 41.645466 2.355757
v 0.776833 41.503368 2.718366
v 0.942956 41.454865 2.288790
v 8.292245 42.200031 4.454740
v 8.240705 44.817410 -0.130056
v 5.377476 42.320354 8.855115
v 1.203829 45.107895 10.493391
v -1.783831 48.929752 8.409887
v -1.835373 51.547127 3.825093
v 1.079397 51.426804 -0.575284
v 5.253044 48.639263 -2.213559
v 8.826327 42.904106 4.820600
v 1.808052 45.783199 10.799495
v -1.150045 49.567234 8.736610
v 1.684852 52.039577 -0.159651
v 11.808784 42.737480 5.724686
v 11.740243 46.218185 -0.372380
v 7.932594 42.897488 11.576505
v 2.382290 46.604488 13.755155
v -1.590834 51.686962 10.984420
v -1.659375 55.167664 4.887353
v 2.216816 55.007656 -0.964464
v 7.767119 51.300655 -3.143117
v 8.775298 45.495583 0.281172
v 5.940401 43.023239 9.177432
v -1.201074 52.158710 4.197183
v 5.817201 49.279617 -1.781714
v 1.928254 45.111031 3.030494
v 7.191040 51.335674 6.642698
v 1.708965 45.077736 3.437051
v 1.564681 45.383430 3.120480
v -2.858268 18.323675 14.689914
v -2.358268 18.323675 14.689914
v -2.358268 18.463890 15.169851
v -2.858268 18.463890 15.169851
v -2.858268 1.431647 19.624994
v -2.358268 1.431647 19.624994
v -2.358268 1.571862 20.104931
v -2.858268 1.571862 20.104931
v 2.353587 1.435946 19.623737
v 1.853587 1.435946 19.623737
v 1.853587 1.576161 20.103676
v 2.353587 1.576161 20.103676
v 1.853587 18.327974 14.688658
v 2.353587 18.327974 14.688658
v 2.353587 18.468189 15.168595
v 1.853587 18.468189 15.168595
v -2.358268 15.041827 15.648720
v -2.858268 15.041827 15.648720
v -2.858268 15.182043 16.128656
v -2.358268 15.182043 16.128656
v -2.358268 13.163317 16.197536
v -2.858268 13.163317 16.197536
v -2.858268 13.303532 16.677473
v -2.358268 13.303532 16.677473
v -2.137320 12.934087 16.264505
v -2.136845 12.454149 16.404722
v -2.136845 12.594366 16.884659
v -2.137320 13.074303 16.744442
v 1.632164 12.937526 16.263500
v 1.632639 12.457589 16.403717
v -2.358268 9.410049 17.294069
v -2.858268 9.410049 17.294069
v -2.858268 9.550264 17.774006
v -2.358268 9.550264 17.774006
v -2.358268 7.531538 17.842884
v -2.858268 7.531538 17.842884
v -2.858268 7.671754 18.322821
v -2.358268 7.671754 18.322821
v 1.632402 9.779924 17.706909
v -2.137082 10.119645 17.086758
v -2.137082 9.639709 17.226973
v -2.137082 9.779924 17.706909
v -2.137082 10.259861 17.566694
v -2.137320 7.302309 17.909855
v -2.136845 6.822371 18.050070
v -2.136845 6.962587 18.530006
v -2.137320 7.442524 18.389791
v 1.853587 7.535120 17.841837
v 2.353587 7.535120 17.841837
v 2.353587 7.675336 18.321775
v 1.853587 7.675336 18.321775
v 1.853587 9.410766 17.293859
v 2.353587 9.410766 17.293859
v 2.353587 9.550982 17.773796
v 1.853587 9.550982 17.773796
v 1.853587 10.349395 17.019634
v 2.353587 10.349395 17.019634
v 2.353587 10.489611 17.499573
v 1.853587 10.489611 17.499573
v 1.853587 12.228269 16.470715
v 2.353587 12.228269 16.470715
v 2.353587 12.368484 16.950651
v 1.853587 12.368484 16.950651
v -2.358268 12.224687 16.471760
v -2.858268 12.224687 16.471760
v -2.858268 12.364902 16.951698
v -2.358268 12.364902 16.951698
v -2.358268 10.348679 17.019844
v -2.858268 10.348679 17.019844
v -2.858268 10.488894 17.499781
v -2.358268 10.488894 17.499781
v -2.858268 3.779787 18.938974
v -2.358268 3.779787 18.938974
v -2.358268 3.920002 19.418911
v -2.858268 3.920002 19.418911
v 1.632402 4.009446 18.871880
v 1.632402 4.489383 18.731663
v 1.632402 4.629599 19.211601
v 1.632402 4.149662 19.351816
v -2.137082 4.009446 18.871880
v -2.137082 4.489383 18.731663
v -2.137082 4.629599 19.211601
v -2.137082 4.149662 19.351816
v 2.353587 3.780503 18.938766
v 1.853587 3.780503 18.938766
v 1.853587 3.920719 19.418703
v 2.353587 3.920719 19.418703
v 2.353587 4.718880 18.664614
v 1.853587 4.718880 18.664614
v 1.853587 4.859096 19.144552
v 2.353587 4.859096 19.144552
v 2.353587 6.596743 18.115990
v 1.853587 6.596743 18.115990
v 1.853587 6.736959 18.595926
v 2.353587 6.736959 18.595926
v -2.858268 6.593161 18.117035
v -2.358268 6.593161 18.117035
v -2.358268 6.733377 18.596972
v -2.858268 6.733377 18.596972
v -2.858268 4.718163 18.664824
v -2.358268 4.718163 18.664824
v -2.358268 4.858379 19.144760
v -2.858268 4.858379 19.144760
v 1.853587 15.979382 15.374809
v 2.353587 15.979382 15.374809
v 2.353587 16.119596 15.854747
v 1.853587 16.119596 15.854747
v 1.632110 15.411523 16.061613
v 1.632308 15.891460 15.921398
v 1.632308 15.751244 15.441461
v 1.632110 15.271307 15.581676
v 1.631972 7.442524 18.389791
v 1.632447 6.962587 18.530006
v 1.632447 6.822371 18.050070
v 1.631972 7.302309 17.909855
v 1.632209 10.259861 17.566694
v 1.632209 9.639709 17.226973
v 1.632209 10.119645 17.086758
v 1.631972 13.074303 16.744442
v 1.632447 12.594366 16.884659
v -2.137181 15.271307 15.581676
v -2.136983 15.751244 15.441461
v -2.136983 15.891460 15.921398
v -2.137181 15.411523 16.061613
v 1.853587 13.166599 16.196577
v 2.353587 13.166599 16.196577
v 2.353587 13.306815 16.676514
v 1.853587 13.306815 16.676514
v 1.853587 15.041050 15.648947
v 2.353587 15.041050 15.648947
v 2.353587 15.181266 16.128883
v 1.853587 15.181266 16.128883
v -2.858268 15.980158 15.374582
v -2.358268 15.980158 15.374582
v -2.358268 16.120375 15.854520
v -2.858268 16.120375 15.854520
v -2.902295 19.000048 15.501701
v -2.902295 20.358725 15.753341
v -3.832750 20.298317 14.824848
v -2.367635 28.539989 15.011239
v -2.367635 29.549810 14.184888
v -3.126681 28.490709 14.253794
v -2.902295 18.911749 13.552163
v -3.832750 20.210018 13.467695
v -3.126681 28.404875 12.934526
v -2.367635 29.463976 12.865620
v 2.902295 19.000048 15.501701
v 3.832749 20.298317 14.824848
v 2.902295 20.358725 15.753341
v 2.367635 29.549810 14.184888
v 2.367635 28.539989 15.011239
v 3.126681 28.490709 14.253794
v 3.832749 20.210018 13.467695
v 2.902295 18.911749 13.552163
v 2.367635 29.463976 12.865620
v 3.126681 28.404875 12.934526
v -1.000000 20.554710 15.883705
v -1.000000 20.964794 15.883705
v -1.000000 20.554710 15.226777
v -1.000000 20.964794 15.226777
v 1.000000 20.554710 15.883705
v 1.000000 20.964794 15.883705
v 1.000000 20.554710 15.226777
v 1.000000 20.964794 15.226777
vn -0.0000 -0.0000 1.0000
vn 0.9142 -0.4052 -0.0000
vn -0.0000 -0.0000 -1.0000
vn 0.9239 -0.3827 -0.0000
vn 0.6533 -0.2706 0.7071
vn 0.6533 -0.2706 -0.7071
vn -0.6533 0.2706 -0.7071
vn -0.6533 0.2706 0.7071
vn -0.9239 0.3827 -0.0000
vn -0.3827 -0.9239 -0.0000
vn -0.6677 0.2812 0.6892
vn 0.6759 -0.2936 -0.6760
vn -0.6534 0.2704 -0.7071
vn 1.0000 -0.0000 -0.0000
vn -1.0000 -0.0000 -0.0000
vn 0.7027 -0.0032 -0.7115
vn -0.9142 -0.4052 -0.0000
vn -0.9239 -0.3827 -0.0000
vn -0.6533 -0.2706 0.7071
vn -0.6533 -0.2706 -0.7071
vn 0.6533 0.2706 -0.7071
vn 0.6533 0.2706 0.7071
vn 0.9239 0.3827 -0.0000
vn 0.3827 -0.9239 -0.0000
vn -0.6465 -0.2866 -0.7070
vn 0.6667 0.2808 -0.6905
vn 0.9238 0.3828 -0.0000
vn -0.7071 0.0001 -0.7071
vn -0.0000 -0.0045 -1.0000
vn -0.9240 0.3824 -0.0000
vn 0.6532 0.2707 0.7071
vn 0.6796 -0.2764 0.6796
vn -0.6758 0.2704 -0.6857
vn -0.7071 0.2718 -0.6528
vn -0.0000 -0.3784 0.9257
vn -0.6779 -0.2782 0.6805
vn 0.6758 0.2704 -0.6857
vn 0.6996 0.4021 -0.5907
vn 0.7071 -0.5000 0.5000
vn -0.7071 0.5001 -0.5000
vn -0.0000 0.7072 -0.7070
vn -0.0000 -0.7072 0.7070
vn -0.7071 -0.5000 0.5000
vn 0.7071 0.5001 -0.5000
vn -0.0000 -0.3844 0.9232
vn 0.7023 -0.4141 0.5791
vn -0.7010 0.4032 -0.5883
vn -0.0000 0.5628 -0.8266
vn -0.7023 -0.4141 0.5791
vn -0.0000 0.3844 -0.9232
vn 0.7109 -0.2703 0.6492
vn 0.7071 0.2718 -0.6528
vn -0.7082 -0.2717 0.6516
vn -0.7109 -0.0016 0.7032
vn 0.6996 0.1451 -0.6996
vn -0.0000 0.2031 -0.9792
vn 0.7055 -0.1584 0.6908
vn -0.7009 0.1469 -0.6980
vn -0.0000 0.9688 -0.2477
vn -0.0055 -0.0031 1.0000
vn 0.7071 0.0016 -0.7072
vn 0.7141 -0.0016 0.7001
vn -0.0000 0.0023 -1.0000
vn -0.7071 0.0016 -0.7072
vn 0.5287 0.6646 0.5280
vn -0.1711 0.9703 -0.1708
vn -0.2483 0.9687 -0.0000
vn -0.1697 0.9698 0.1752
vn -0.0000 0.9680 0.2511
vn 0.2483 0.9687 -0.0000
vn 0.1711 0.9703 -0.1708
vn 0.1697 0.9698 0.1752
vn -0.0000 0.6570 -0.7539
vn -0.5273 0.6664 -0.5271
vn -0.7551 0.6556 -0.0000
vn -0.5287 0.6646 0.5280
vn -0.0000 0.6551 0.7555
vn 0.7551 0.6556 -0.0000
vn 0.5273 0.6664 -0.5271
vn -0.0000 -0.7071 0.7071
vn -0.0000 0.7071 -0.7071
vn 0.7071 0.5000 -0.5000
vn -0.7071 0.5000 -0.5000
vn -0.0000 -0.7071 -0.7071
vn 0.6786 -0.6786 0.2810
vn -0.0000 -0.9239 0.3826
vn -0.6786 -0.6786 0.2810
vn 0.6786 0.6787 -0.2809
vn -0.6785 0.6787 -0.2809
vn -0.0000 -1.0000 0.0024
vn -0.7071 0.7071 -0.0000
vn -0.7104 -0.7038 -0.0000
vn -0.0000 1.0000 -0.0000
vn 0.6465 -0.2866 0.7070
vn -0.6534 0.2704 0.7071
vn 0.6698 -0.2958 -0.6811
vn 0.7071 0.0001 0.7071
vn -0.6759 -0.2936 0.6760
vn 0.6667 0.2808 0.6905
vn -0.6699 -0.2958 -0.6810
vn -0.7027 -0.0032 0.7115
vn -0.0000 -0.0045 1.0000
vn 0.6667 0.2808 -0.6904
vn 0.6796 -0.2764 -0.6796
vn -0.6758 0.2704 0.6857
vn -0.7071 0.2718 0.6528
vn -0.0000 -0.3784 -0.9257
vn -0.6796 -0.2764 -0.6796
vn 0.6758 0.2704 0.6857
vn 0.7010 0.4032 0.5883
vn 0.7071 -0.5000 -0.5000
vn -0.7071 0.5001 0.5000
vn -0.0000 0.7072 0.7070
vn -0.0000 -0.7072 -0.7070
vn -0.7071 -0.5000 -0.5000
vn 0.7071 0.5001 0.5000
vn -0.0000 -0.3848 -0.9230
vn 0.7023 -0.4141 -0.5791
vn -0.7010 0.4032 0.5883
vn -0.0000 0.5628 0.8266
vn -0.7023 -0.4141 -0.5791
vn -0.0000 0.3844 0.9232
vn 0.7109 -0.2703 -0.6492
vn 0.7071 0.2718 0.6528
vn -0.7109 -0.2703 -0.6492
vn -0.7109 -0.0016 -0.7032
vn 0.7009 0.1469 0.6980
vn -0.0000 0.2031 0.9792
vn -0.7009 0.1469 0.6980
vn -0.0000 0.9688 0.2477
vn -0.0000 -0.0023 -1.0000
vn 0.7071 0.0016 0.7072
vn 0.7109 -0.0016 -0.7032
vn -0.0000 0.0023 1.0000
vn -0.7071 0.0016 0.7072
vn 0.5287 0.6646 -0.5280
vn -0.1711 0.9703 0.1708
vn -0.1697 0.9698 -0.1752
vn -0.0000 0.9680 -0.2511
vn 0.1711 0.9703 0.1708
vn 0.1697 0.9698 -0.1752
vn -0.0000 0.6570 0.7539
vn -0.5273 0.6664 0.5271
vn -0.5287 0.6646 -0.5280
vn -0.0000 0.6551 -0.7555
vn 0.5273 0.6664 0.5271
vn -0.0000 0.7071 0.7071
vn 0.7071 0.5000 0.5000
vn -0.7071 0.5000 0.5000
vn 0.6786 -0.6786 -0.2810
vn -0.0000 -0.9239 -0.3826
vn -0.6786 -0.6786 -0.2810
vn 0.6786 0.6787 0.2809
vn -0.6785 0.6787 0.2809
vn -0.0000 -1.0000 -0.0000
vn -0.0000 -1.0000 -0.0024
vn -0.0000 -0.4052 -0.9142
vn -0.0000 -0.3827 -0.9239
vn 0.7071 -0.2706 -0.6533
vn -0.7071 -0.2706 -0.6533
vn -0.7071 0.2706 0.6533
vn 0.7071 0.2706 0.6533
vn -0.0000 0.3827 0.9239
vn -0.0000 -0.9239 0.3827
vn 0.6893 0.2813 0.6677
vn -0.6760 -0.2936 -0.6759
vn -0.7071 0.2704 0.6534
vn -0.7115 -0.0032 -0.7027
vn -0.0000 -0.4052 0.9142
vn -0.0000 -0.3827 0.9239
vn 0.7071 -0.2706 0.6533
vn -0.7071 -0.2706 0.6533
vn -0.7071 0.2706 -0.6533
vn 0.7071 0.2706 -0.6533
vn -0.0000 0.3827 -0.9239
vn -0.0000 -0.9239 -0.3827
vn -0.7070 -0.2866 0.6466
vn -0.6905 0.2808 -0.6667
vn -0.0000 0.3828 -0.9238
vn -0.7071 0.0001 0.7071
vn -1.0000 -0.0045 -0.0000
vn -0.0000 0.3824 0.9240
vn 0.7071 0.2707 -0.6532
vn -0.6857 0.2704 0.6758
vn -0.6528 0.2718 0.7071
vn 0.9257 -0.3784 0.0021
vn 0.6810 -0.2774 0.6777
vn -0.6857 0.2704 -0.6758
vn -0.5907 0.4021 -0.6996
vn 0.5000 -0.5000 -0.7071
vn -0.5000 0.5001 0.7071
vn -0.7070 0.7072 -0.0000
vn 0.7070 -0.7072 -0.0000
vn 0.5000 -0.5000 0.7071
vn -0.5000 0.5001 -0.7071
vn 0.9230 -0.3848 -0.0000
vn 0.5791 -0.4141 -0.7023
vn -0.5883 0.4032 0.7010
vn -0.8266 0.5628 -0.0000
vn 0.5791 -0.4141 0.7023
vn -0.9232 0.3844 -0.0000
vn 0.6492 -0.2703 -0.7109
vn -0.6528 0.2718 -0.7071
vn 0.6516 -0.2717 0.7082
vn 0.7032 -0.0016 0.7109
vn -0.6996 0.1451 -0.6996
vn -0.9792 0.2031 -0.0000
vn 0.6937 -0.1591 -0.7025
vn -0.6980 0.1469 0.7009
vn -0.2477 0.9688 -0.0000
vn 1.0000 -0.0023 -0.0000
vn -0.7072 0.0016 -0.7071
vn 0.7032 -0.0016 -0.7109
vn -1.0000 0.0023 -0.0000
vn -0.7072 0.0016 0.7071
vn 0.5280 0.6646 -0.5287
vn -0.1708 0.9703 0.1711
vn -0.0000 0.9687 0.2483
vn 0.1752 0.9698 0.1697
vn 0.2511 0.9680 -0.0000
vn -0.0000 0.9687 -0.2483
vn -0.1708 0.9703 -0.1711
vn 0.1752 0.9698 -0.1697
vn -0.7539 0.6570 -0.0000
vn -0.5271 0.6664 0.5273
vn -0.0000 0.6556 0.7551
vn 0.5280 0.6646 0.5287
vn 0.7555 0.6551 -0.0000
vn -0.0000 0.6556 -0.7551
vn -0.5271 0.6664 -0.5273
vn 0.7071 -0.7071 -0.0000
vn -0.5000 0.5000 -0.7071
vn -0.5000 0.5000 0.7071
vn -0.7071 -0.7071 -0.0000
vn 0.2810 -0.6786 -0.6786
vn 0.3826 -0.9239 -0.0000
vn 0.2810 -0.6786 0.6786
vn -0.2809 0.6787 -0.6785
vn -0.2809 0.6787 0.6785
vn -0.0000 -0.1695 -0.9855
vn 0.0024 -1.0000 0.0056
vn -0.0000 0.7072 0.7071
vn 0.7070 -0.2866 -0.6466
vn 0.7071 0.2704 0.6534
vn -0.6770 -0.2982 -0.6729
vn 0.7071 0.0001 -0.7071
vn 0.6760 -0.2936 0.6759
vn 0.6905 0.2808 -0.6667
vn -0.6828 -0.2951 0.6684
vn 0.7115 -0.0032 0.7027
vn 1.0000 -0.0045 -0.0000
vn -0.6904 0.2808 -0.6667
vn 0.6857 0.2704 0.6758
vn 0.6528 0.2718 0.7071
vn -0.9257 -0.3784 0.0021
vn -0.6808 -0.2768 0.6782
vn 0.6857 0.2704 -0.6758
vn 0.5883 0.4032 -0.7010
vn -0.5000 -0.5000 -0.7071
vn 0.5000 0.5001 0.7071
vn 0.7070 0.7072 -0.0000
vn -0.7070 -0.7072 -0.0000
vn -0.5000 -0.5000 0.7071
vn 0.5000 0.5001 -0.7071
vn -0.9232 -0.3844 -0.0000
vn -0.5791 -0.4141 -0.7023
vn 0.5883 0.4032 0.7010
vn 0.8266 0.5628 -0.0000
vn -0.5791 -0.4141 0.7023
vn 0.9232 0.3844 -0.0000
vn -0.6492 -0.2703 -0.7109
vn 0.6528 0.2718 -0.7071
vn -0.6492 -0.2703 0.7109
vn -0.7001 -0.0016 0.7141
vn 0.6980 0.1469 -0.7009
vn 0.9792 0.2031 -0.0000
vn 0.6980 0.1469 0.7009
vn 0.2477 0.9688 -0.0000
vn -1.0000 -0.0023 -0.0055
vn 0.7072 0.0016 -0.7071
vn -0.7032 -0.0016 -0.7109
vn 1.0000 0.0023 -0.0000
vn 0.7071 0.0016 0.7071
vn -0.5280 0.6646 -0.5287
vn 0.1708 0.9703 0.1711
vn -0.1752 0.9698 0.1697
vn -0.2511 0.9680 -0.0000
vn 0.1708 0.9703 -0.1711
vn -0.1752 0.9698 -0.1697
vn 0.7539 0.6570 -0.0000
vn 0.5271 0.6664 0.5273
vn -0.5280 0.6646 0.5287
vn -0.7555 0.6551 -0.0000
vn 0.5271 0.6664 -0.5273
vn 0.7071 0.7071 -0.0000
vn 0.5000 0.5000 -0.7071
vn 0.5000 0.5000 0.7071
vn -0.2810 -0.6786 -0.6786
vn -0.3826 -0.9239 -0.0000
vn -0.2810 -0.6786 0.6786
vn 0.2809 0.6787 -0.6785
vn 0.2809 0.6787 0.6785
vn -0.0000 -0.3282 0.9446
vn -0.0000 -1.0000 0.0056
vn 0.9147 -0.4039 -0.0093
vn 0.6465 -0.2866 -0.7070
vn -0.6677 0.2812 -0.6893
vn 0.6684 -0.2951 0.6828
vn 0.6486 -0.2817 0.7071
vn 0.7071 -0.0001 0.7071
vn -0.7071 -0.0001 0.7071
vn -0.9147 -0.4039 -0.0093
vn -0.6759 -0.2936 -0.6760
vn 0.6533 0.2707 -0.7071
vn -0.6486 -0.2817 0.7071
vn -0.6684 -0.2951 0.6828
vn -0.7027 -0.0032 -0.7115
vn 0.6667 0.2808 0.6904
vn 0.6779 -0.2782 0.6805
vn -0.6796 -0.2764 0.6796
vn 0.7010 0.4032 -0.5883
vn -0.0047 -0.3848 0.9230
vn -0.6996 0.4021 -0.5907
vn -0.7109 -0.2703 0.6492
vn 0.7009 0.1469 -0.6980
vn -0.7025 -0.1591 0.6937
vn -0.0000 -0.0023 1.0000
vn 0.7109 -0.0022 0.7032
vn 0.7071 0.7072 -0.0000
vn -0.0000 1.0000 0.0001
vn 0.7071 -0.7071 0.0017
vn 0.7104 -0.7038 -0.0000
vn -0.7071 0.7072 -0.0000
vn -0.7071 -0.7071 0.0017
vn -0.9980 -0.0627 -0.0000
vn 0.9147 -0.4039 0.0093
vn 0.1210 -0.0578 -0.9910
vn -0.6677 0.2812 -0.6892
vn 0.6759 -0.2936 0.6760
vn -0.6677 0.2812 0.6893
vn 0.6486 -0.2817 -0.7071
vn 0.7027 -0.0032 0.7115
vn 0.7071 -0.0001 -0.7071
vn -0.7071 -0.0001 -0.7071
vn -0.9147 -0.4039 0.0093
vn -0.1210 -0.0578 -0.9910
vn -0.6465 -0.2866 0.7070
vn 0.6533 0.2707 0.7071
vn -0.6486 -0.2817 -0.7071
vn 0.6532 0.2707 -0.7071
vn 0.6779 -0.2782 -0.6805
vn -0.6779 -0.2782 -0.6805
vn 0.6996 0.4021 0.5907
vn -0.6996 0.4021 0.5907
vn 0.7082 -0.2717 -0.6516
vn -0.7082 -0.2717 -0.6516
vn 0.6996 0.1451 0.6996
vn 0.7025 -0.1591 -0.6937
vn -0.6996 0.1451 0.6996
vn -0.7025 -0.1591 -0.6937
vn -0.0000 1.0000 -0.0001
vn 0.7071 -0.7071 -0.0017
vn -0.7071 -0.7071 -0.0017
vn -0.0093 -0.4039 -0.9147
vn 0.9910 -0.0578 -0.1211
vn -0.7070 -0.2866 -0.6466
vn -0.6893 0.2812 0.6677
vn 0.6811 -0.2958 -0.6698
vn 0.7071 -0.2817 -0.6486
vn -0.0093 -0.4039 0.9147
vn 0.9910 -0.0578 0.1211
vn -0.6760 -0.2936 0.6759
vn -0.7071 0.2707 -0.6533
vn 0.7071 -0.2817 0.6486
vn 0.6810 -0.2958 0.6699
vn -0.7115 -0.0032 0.7027
vn 0.6904 0.2808 -0.6667
vn 0.6805 -0.2782 -0.6779
vn 0.9261 -0.3772 -0.0000
vn 0.6808 -0.2768 0.6782
vn -0.5883 0.4032 -0.7010
vn -0.5907 0.4021 0.6996
vn 0.6516 -0.2717 -0.7082
vn 0.6492 -0.2703 0.7109
vn -0.6980 0.1469 -0.7009
vn 0.6937 -0.1591 0.7025
vn -0.0000 0.7072 -0.7071
vn 0.0017 -0.7071 -0.7071
vn -0.0000 -0.7038 -0.7104
vn -0.0000 0.1695 0.9855
vn -0.0205 -0.4079 -0.9128
vn -0.6893 0.2813 0.6677
vn 0.6760 -0.2936 -0.6759
vn 0.6893 0.2812 0.6677
vn -0.7071 -0.2817 -0.6486
vn -0.0206 0.3943 -0.9187
vn 0.7115 -0.0032 -0.7027
vn 0.0093 -0.4039 0.9147
vn 0.7070 -0.2866 0.6466
vn 0.7071 0.2707 -0.6533
vn -0.7071 -0.2817 0.6486
vn -0.7071 0.2707 -0.6532
vn -0.6805 -0.2782 -0.6779
vn -0.9261 -0.3772 -0.0000
vn -0.6810 -0.2774 0.6777
vn 0.5907 0.4021 -0.6996
vn -0.9230 -0.3848 -0.0047
vn 0.5907 0.4021 0.6996
vn -0.6516 -0.2717 -0.7082
vn -0.7032 -0.0022 0.7109
vn -0.6937 -0.1591 -0.7025
vn -0.6908 -0.1584 0.7055
vn -1.0000 -0.0031 -0.0000
vn -0.0017 -0.7071 -0.7071
vn -0.0024 -1.0000 -0.0000
vn 0.1951 -0.0000 -0.9808
vn 0.5556 -0.0000 -0.8315
vn 0.8315 -0.0000 -0.5556
vn 0.9808 -0.0000 -0.1951
vn 0.9808 -0.0000 0.1951
vn 0.8315 -0.0000 0.5556
vn 0.5556 -0.0000 0.8315
vn 0.1951 -0.0000 0.9808
vn -0.1951 -0.0000 0.9808
vn -0.5556 -0.0000 0.8315
vn -0.8315 -0.0000 0.5556
vn -0.9808 -0.0000 0.1951
vn -0.9808 -0.0000 -0.1951
vn -0.8315 -0.0000 -0.5556
vn 0.5512 0.1252 -0.8249
vn -0.5556 -0.0000 -0.8315
vn -0.1951 -0.0000 -0.9808
vn 0.3765 -0.9234 0.0749
vn 0.4638 0.5505 0.6941
vn 0.5512 0.1252 0.8249
vn -0.9731 0.1252 0.1936
vn 0.9731 0.1252 0.1936
vn -0.5512 0.1252 0.8249
vn -0.5512 0.1252 -0.8249
vn 0.8249 0.1252 -0.5512
vn 0.1936 0.1252 0.9731
vn 0.1936 0.1252 -0.9731
vn -0.9731 0.1252 -0.1936
vn 0.8249 0.1252 0.5512
vn -0.8249 0.1252 0.5512
vn -0.1936 0.1252 -0.9731
vn 0.9731 0.1252 -0.1936
vn -0.1936 0.1252 0.9731
vn -0.8249 0.1252 -0.5512
vn -0.2133 -0.9234 0.3192
vn -0.2133 -0.9234 -0.3192
vn 0.3192 -0.9234 -0.2133
vn 0.0749 -0.9234 0.3765
vn 0.0749 -0.9234 -0.3765
vn -0.3765 -0.9234 -0.0749
vn 0.3192 -0.9234 0.2133
vn -0.3192 -0.9234 0.2133
vn -0.0749 -0.9234 -0.3765
vn 0.3765 -0.9234 -0.0749
vn -0.0749 -0.9234 0.3765
vn -0.3192 -0.9234 -0.2133
vn 0.2133 -0.9234 -0.3192
vn 0.2133 -0.9234 0.3192
vn -0.3765 -0.9234 0.0749
vn -0.1937 0.1190 0.9738
vn -0.1937 0.1190 -0.9738
vn 0.1937 0.1190 -0.9738
vn 0.1937 0.1190 0.9738
vn -0.5516 0.1190 -0.8256
vn 0.5516 0.1190 0.8256
vn -0.8256 0.1190 -0.5516
vn 0.8256 0.1190 0.5516
vn -0.9738 0.1190 -0.1937
vn 0.9738 0.1190 0.1937
vn -0.9738 0.1190 0.1937
vn 0.9738 0.1190 -0.1937
vn -0.8256 0.1190 0.5516
vn 0.8256 0.1190 -0.5516
vn -0.5516 0.1190 0.8256
vn 0.5516 0.1190 -0.8256
vn 0.9763 -0.0953 0.1942
vn -0.9763 -0.0953 -0.1942
vn 0.9763 -0.0953 -0.1942
vn -0.9763 -0.0953 0.1942
vn 0.8277 -0.0953 -0.5530
vn -0.8277 -0.0953 0.5530
vn 0.5530 -0.0953 -0.8277
vn -0.5530 -0.0953 0.8277
vn 0.1942 -0.0953 -0.9763
vn 0.1942 -0.0953 0.9763
vn -0.1942 -0.0953 0.9763
vn -0.1942 -0.0953 -0.9763
vn 0.5530 -0.0953 0.8277
vn -0.5530 -0.0953 -0.8277
vn 0.8277 -0.0953 0.5530
vn -0.8277 -0.0953 -0.5530
vn -0.5036 0.8581 0.1002
vn -0.4638 0.5505 -0.6941
vn 0.1629 0.5505 0.8188
vn 0.1629 0.5505 -0.8188
vn -0.1629 0.5505 -0.8188
vn -0.1629 0.5505 0.8188
vn 0.4638 0.5505 -0.6941
vn -0.4638 0.5505 0.6941
vn 0.6941 0.5505 -0.4638
vn -0.6941 0.5505 0.4638
vn 0.8188 0.5505 -0.1629
vn -0.8188 0.5505 0.1629
vn 0.8188 0.5505 0.1629
vn -0.8188 0.5505 -0.1629
vn 0.6941 0.5505 0.4638
vn -0.6941 0.5505 -0.4638
vn 0.5036 0.8581 0.1002
vn -0.5036 0.8581 -0.1002
vn 0.4270 0.8581 0.2853
vn -0.4270 0.8581 -0.2853
vn 0.2853 0.8581 0.4270
vn -0.2853 0.8581 -0.4270
vn 0.1002 0.8581 0.5036
vn 0.1002 0.8581 -0.5036
vn -0.1002 0.8581 -0.5036
vn -0.1002 0.8581 0.5036
vn 0.2853 0.8581 -0.4270
vn -0.2853 0.8581 0.4270
vn 0.4270 0.8581 -0.2853
vn -0.4270 0.8581 0.2853
vn 0.5036 0.8581 -0.1002
vn -0.4926 -0.3079 -0.8140
vn 0.1173 -0.7433 -0.6585
vn 0.6585 -0.7433 -0.1173
vn 0.8140 -0.3079 0.4926
vn 0.4926 0.3079 0.8140
vn -0.1173 0.7433 0.6585
vn 0.8663 -0.2632 -0.4247
vn -0.6585 0.7433 0.1173
vn -0.8140 0.3079 -0.4926
vn 0.5689 0.5938 -0.5689
vn 0.5796 0.6005 -0.5509
vn 0.5662 0.6101 -0.5543
vn 0.5543 0.6101 -0.5662
vn 0.5509 0.6005 -0.5796
vn 0.5579 0.5869 -0.5867
vn 0.5714 0.5773 -0.5833
vn 0.5833 0.5773 -0.5714
vn 0.5867 0.5869 -0.5579
vn -0.0730 0.0921 -0.9931
vn -0.2084 0.9498 -0.2332
vn 0.7308 0.5946 0.3352
vn 0.9931 0.0921 0.0730
vn 0.4247 -0.2632 -0.8663
vn -0.3352 0.5946 -0.7308
vn 0.2332 0.9498 0.2084
vn -0.8140 -0.3079 -0.4926
vn -0.6585 -0.7433 0.1173
vn -0.1173 -0.7433 0.6585
vn 0.4926 -0.3079 0.8140
vn 0.8140 0.3079 0.4926
vn 0.6585 0.7433 -0.1173
vn -0.4247 -0.2632 0.8663
vn 0.1173 0.7433 -0.6585
vn -0.4926 0.3079 -0.8140
vn -0.5689 0.5938 0.5689
vn -0.5509 0.6005 0.5796
vn -0.5543 0.6101 0.5662
vn -0.5662 0.6101 0.5543
vn -0.5796 0.6005 0.5509
vn -0.5867 0.5869 0.5579
vn -0.5833 0.5773 0.5714
vn -0.5714 0.5773 0.5833
vn -0.5579 0.5869 0.5867
vn -0.9931 0.0921 -0.0730
vn -0.2332 0.9498 -0.2084
vn 0.3352 0.5946 0.7308
vn 0.0730 0.0921 0.9931
vn -0.8663 -0.2632 0.4247
vn -0.7308 0.5946 -0.3352
vn 0.2084 0.9498 0.2332
vn -0.8140 -0.3079 0.4926
vn -0.6585 -0.7433 -0.1173
vn -0.1173 -0.7433 -0.6585
vn 0.4926 -0.3079 -0.8140
vn 0.8140 0.3079 -0.4926
vn 0.6585 0.7433 0.1173
vn -0.4247 -0.2632 -0.8663
vn 0.1173 0.7433 0.6585
vn -0.4926 0.3079 0.8140
vn -0.5689 0.5938 -0.5689
vn -0.5509 0.6005 -0.5796
vn -0.5543 0.6101 -0.5662
vn -0.5662 0.6101 -0.5543
vn -0.5796 0.6005 -0.5509
vn -0.5867 0.5869 -0.5579
vn -0.5833 0.5773 -0.5714
vn -0.5714 0.5773 -0.5833
vn -0.5579 0.5869 -0.5867
vn -0.9931 0.0921 0.0730
vn -0.2332 0.9498 0.2084
vn 0.3352 0.5946 -0.7308
vn 0.0730 0.0921 -0.9931
vn -0.8663 -0.2632 -0.4247
vn -0.7308 0.5946 0.3352
vn 0.2084 0.9498 -0.2332
vn -0.4926 -0.3079 0.8140
vn 0.1173 -0.7433 0.6585
vn 0.6585 -0.7433 0.1173
vn 0.8140 -0.3079 -0.4926
vn 0.4926 0.3079 -0.8140
vn -0.1173 0.7433 -0.6585
vn 0.8663 -0.2632 0.4247
vn -0.6585 0.7433 -0.1173
vn -0.8140 0.3079 0.4926
vn 0.5689 0.5938 0.5689
vn 0.5796 0.6005 0.5509
vn 0.5662 0.6101 0.5543
vn 0.5543 0.6101 0.5662
vn 0.5509 0.6005 0.5796
vn 0.5579 0.5869 0.5867
vn 0.5714 0.5773 0.5833
vn 0.5833 0.5773 0.5714
vn 0.5867 0.5869 0.5579
vn -0.0730 0.0921 0.9931
vn -0.2084 0.9498 0.2332
vn 0.7308 0.5946 -0.3352
vn 0.9931 0.0921 -0.0730
vn 0.4247 -0.2632 0.8663
vn -0.3352 0.5946 0.7308
vn 0.2332 0.9498 -0.2084
vn 0.3852 0.6553 0.6497
vn -0.3811 -0.8048 -0.4551
vn -0.4442 -0.6709 -0.5937
vn -0.5879 -0.7962 -0.1429
vn 0.5784 0.4771 0.6617
vn 0.7696 0.3986 0.4989
vn -0.7999 -0.5250 -0.2907
vn 0.8468 0.4660 0.2565
vn -0.3582 0.0123 -0.9336
vn -0.8144 0.1995 -0.5449
vn -0.9987 0.0388 0.0334
vn -0.8031 -0.3757 0.4625
vn 0.3033 0.8290 0.4699
vn -0.7404 -0.4731 -0.4775
vn 0.3805 0.8964 0.2275
vn -0.7367 -0.6589 -0.1522
vn 0.5717 0.8179 0.0646
vn 0.7648 0.6397 0.0767
vn -0.4406 -0.8567 -0.2684
vn -0.5931 -0.5336 -0.6030
vn -0.1015 0.8635 0.4941
vn 0.0534 0.9985 0.0080
vn 0.4368 0.8412 -0.3186
vn 0.8242 0.4837 -0.2945
vn 0.9886 0.1354 0.0662
vn 0.8337 0.0003 0.5522
vn 0.4503 0.1576 0.8789
vn 0.0629 0.5151 0.8548
vn 0.1027 -0.4130 -0.9049
vn 0.2983 -0.8275 -0.4757
vn 0.1140 -0.9882 0.1025
vn -0.3422 -0.8010 0.4912
vn 0.6422 -0.7103 0.2882
vn -0.7174 0.3084 0.6247
vn 0.1027 0.4329 -0.8956
vn -0.0672 0.2168 -0.9739
vn -0.8259 0.1104 0.5530
vn 0.8613 -0.3097 0.4027
vn -0.0000 0.2804 0.9599
vn -0.0000 -0.2804 -0.9599
vn -0.0000 0.9599 -0.2804
vn -0.7341 0.6518 -0.1904
vn 0.7336 -0.6523 0.1906
vn 0.7343 -0.6516 0.1904
vn -0.7382 0.6475 -0.1892
vn -0.7319 0.6541 -0.1911
vn 0.7333 -0.6527 0.1907
vn 0.7342 -0.6517 0.1904
vn -0.7354 0.6510 -0.1878
vn -0.7315 -0.6552 0.1887
vn 0.7334 0.6525 -0.1906
vn 0.7340 0.6519 -0.1904
vn 0.7330 0.6529 -0.1907
vn -0.7332 -0.6527 0.1907
vn -0.7331 -0.6528 0.1909
vn -0.7347 -0.6511 0.1902
vn -0.7283 -0.6577 0.1922
vn 0.7330 0.6529 -0.1908
vn -0.0000 -0.9599 0.2804
vn -0.0005 0.9609 -0.2770
vn 0.0005 -0.9609 0.2770
vn -0.0000 0.0903 0.9959
vn -0.0000 0.9979 -0.0649
vn -0.9963 0.0855 -0.0056
vn 0.9963 0.0855 -0.0056
vn -0.6960 -0.1308 0.7060
vn -0.6310 0.4913 0.6004
vn 0.6960 -0.1308 0.7060
vn 0.6310 0.4913 0.6004
vn -0.8167 -0.5763 0.0308
vn -0.7057 0.1096 0.7000
vn -0.8134 0.5805 -0.0378
vn 0.8167 -0.5763 0.0308
vn 0.8134 0.5805 -0.0378
vn 0.7057 0.1096 0.7000
vn -0.0000 -0.1821 0.9833
vn -0.0000 0.6333 0.7739
vn -0.0000 -0.9990 0.0452
vt 0.579622 0.121461
vt 0.490170 0.098479
vt 0.579622 0.099420
vt 0.017129 0.237148
vt 0.112426 0.265699
vt 0.015036 0.251497
vt 0.579622 0.015354
vt 0.490170 0.050780
vt 0.490170 0.033408
vt 0.579622 0.079388
vt 0.490170 0.066424
vt 0.579622 0.057247
vt 0.579622 0.182252
vt 0.490170 0.145586
vt 0.579622 0.162727
vt 0.490170 0.130373
vt 0.490170 0.115787
vt 0.579622 0.141192
vt 0.482266 0.098164
vt 0.490170 0.083274
vt 0.482266 0.068315
vt 0.482266 0.150805
vt 0.490170 0.160372
vt 0.482266 0.114916
vt 0.482266 0.128147
vt 0.482266 0.141740
vt 0.482266 0.054546
vt 0.482266 0.083899
vt 0.112597 0.235515
vt 0.019121 0.224889
vt 0.114976 0.224193
vt 0.021148 0.211590
vt 0.108394 0.200873
vt 0.013456 0.263816
vt 0.114229 0.277986
vt 0.147563 0.283656
vt 0.143595 0.269718
vt 0.162124 0.271977
vt 0.018126 0.198788
vt 0.100740 0.173573
vt 0.020058 0.203107
vt 0.249023 0.195149
vt 0.254334 0.162117
vt 0.259989 0.184382
vt 0.257832 0.270621
vt 0.267627 0.267733
vt 0.278053 0.265186
vt 0.266277 0.266391
vt 0.237024 0.159332
vt 0.231810 0.192443
vt 0.489483 0.115635
vt 0.579336 0.097279
vt 0.579336 0.119461
vt 0.138743 0.258295
vt 0.205213 0.184362
vt 0.214463 0.195519
vt 0.579336 0.036616
vt 0.489483 0.037079
vt 0.579336 0.017057
vt 0.489483 0.147866
vt 0.579336 0.139629
vt 0.579336 0.161959
vt 0.489483 0.165852
vt 0.579336 0.180478
vt 0.489483 0.068858
vt 0.489483 0.055105
vt 0.489483 0.083855
vt 0.489483 0.098276
vt 0.579336 0.077426
vt 0.579336 0.055922
vt 0.481302 0.114915
vt 0.489483 0.130845
vt 0.481302 0.129248
vt 0.481302 0.155225
vt 0.481302 0.143710
vt 0.481302 0.059698
vt 0.481302 0.070745
vt 0.481302 0.098212
vt 0.481302 0.084838
vt 0.481302 0.047697
vt 0.197137 0.174938
vt 0.122897 0.232627
vt 0.222218 0.205209
vt 0.231217 0.216569
vt 0.184404 0.152138
vt 0.094771 0.152138
vt 0.186202 0.160887
vt 0.240364 0.275108
vt 0.249273 0.237287
vt 0.211483 0.246856
vt 0.219950 0.280280
vt 0.021147 0.207192
vt 0.188489 0.164644
vt 0.326041 0.225604
vt 0.350112 0.239628
vt 0.330410 0.240682
vt 0.452984 0.104344
vt 0.310649 0.090672
vt 0.452984 0.088282
vt 0.333453 0.174194
vt 0.336479 0.158847
vt 0.340889 0.173908
vt 0.301973 0.121587
vt 0.139568 0.107409
vt 0.303528 0.107630
vt 0.325198 0.207101
vt 0.353175 0.224191
vt 0.347880 0.190642
vt 0.352332 0.205688
vt 0.341656 0.272457
vt 0.337249 0.257498
vt 0.344676 0.257009
vt 0.328176 0.191641
vt 0.315440 0.012927
vt 0.303658 0.026473
vt 0.302304 0.012611
vt 0.452984 0.045942
vt 0.308541 0.058421
vt 0.310635 0.043388
vt 0.315437 0.121321
vt 0.313769 0.107526
vt 0.452984 0.134883
vt 0.452984 0.118434
vt 0.452984 0.074892
vt 0.452984 0.059336
vt 0.308602 0.075626
vt 0.452984 0.029877
vt 0.452984 0.016060
vt 0.313755 0.026610
vt 0.134436 0.058208
vt 0.306630 0.043285
vt 0.306632 0.090766
vt 0.315777 0.137467
vt 0.301948 0.137719
vt 0.140957 0.121376
vt 0.136426 0.043250
vt 0.139300 0.026378
vt 0.140642 0.012611
vt 0.136581 0.090461
vt 0.134524 0.075551
vt 0.018274 0.087909
vt 0.018274 0.074505
vt 0.129103 0.026440
vt 0.127409 0.012752
vt 0.140845 0.137453
vt 0.127405 0.121277
vt 0.132451 0.090534
vt 0.132315 0.043191
vt 0.129201 0.107396
vt 0.605612 0.173736
vt 0.634739 0.169827
vt 0.626190 0.180369
vt 0.018274 0.059055
vt 0.018274 0.045685
vt 0.018274 0.029528
vt 0.018274 0.015812
vt 0.126951 0.137190
vt 0.018274 0.118134
vt 0.018274 0.104100
vt 0.604842 0.250656
vt 0.562550 0.268153
vt 0.581501 0.242005
vt 0.649302 0.191248
vt 0.636671 0.195293
vt 0.648264 0.220805
vt 0.636367 0.216248
vt 0.625264 0.230694
vt 0.633442 0.241460
vt 0.605395 0.237493
vt 0.577142 0.215063
vt 0.564531 0.218487
vt 0.577939 0.197143
vt 0.564974 0.192017
vt 0.588664 0.231878
vt 0.604422 0.159351
vt 0.655090 0.143747
vt 0.680595 0.180315
vt 0.679523 0.232364
vt 0.652395 0.268337
vt 0.603519 0.282801
vt 0.533650 0.227057
vt 0.533045 0.184447
vt 0.577563 0.145794
vt 0.490076 0.113985
vt 0.577563 0.124748
vt 0.475989 0.161140
vt 0.347917 0.191159
vt 0.342032 0.173695
vt 0.577563 0.062691
vt 0.490076 0.049152
vt 0.577563 0.039653
vt 0.577563 0.083164
vt 0.490076 0.099718
vt 0.490076 0.083326
vt 0.577563 0.105286
vt 0.490076 0.067941
vt 0.577563 0.018600
vt 0.490076 0.141949
vt 0.490076 0.129007
vt 0.577563 0.184977
vt 0.577563 0.164517
vt 0.482554 0.099206
vt 0.482554 0.112266
vt 0.482554 0.069724
vt 0.482554 0.083591
vt 0.482554 0.053548
vt 0.490076 0.031177
vt 0.482554 0.126453
vt 0.482554 0.137676
vt 0.482554 0.147373
vt 0.490076 0.156964
vt 0.325259 0.205951
vt 0.327319 0.192216
vt 0.478627 0.197362
vt 0.351430 0.220724
vt 0.350977 0.204975
vt 0.479980 0.233989
vt 0.479494 0.217131
vt 0.337472 0.157209
vt 0.474486 0.144690
vt 0.480817 0.286810
vt 0.340968 0.270195
vt 0.480431 0.268837
vt 0.480288 0.253469
vt 0.349304 0.234885
vt 0.344481 0.252922
vt 0.477534 0.180536
vt 0.333016 0.174111
vt 0.263147 0.163763
vt 0.325439 0.221664
vt 0.328476 0.235313
vt 0.335486 0.253105
vt 0.274365 0.249133
vt 0.285875 0.225227
vt 0.284830 0.204577
vt 0.293762 0.279437
vt 0.292789 0.274700
vt 0.273877 0.244905
vt 0.296439 0.293739
vt 0.294673 0.284098
vt 0.489459 0.101616
vt 0.580499 0.083907
vt 0.580499 0.105892
vt 0.136137 0.261314
vt 0.202832 0.187518
vt 0.212057 0.198703
vt 0.580499 0.186179
vt 0.489459 0.151323
vt 0.580499 0.166161
vt 0.489459 0.133996
vt 0.580499 0.125865
vt 0.580499 0.147968
vt 0.580499 0.022611
vt 0.489459 0.054771
vt 0.489459 0.040981
vt 0.489459 0.084204
vt 0.580499 0.064118
vt 0.489459 0.069664
vt 0.580499 0.042325
vt 0.480961 0.100958
vt 0.489459 0.116840
vt 0.480961 0.115199
vt 0.480961 0.129775
vt 0.480961 0.141791
vt 0.480961 0.045739
vt 0.480961 0.056873
vt 0.480961 0.084360
vt 0.480961 0.070991
vt 0.480961 0.033523
vt 0.112545 0.227303
vt 0.186132 0.167762
vt 0.194776 0.178067
vt 0.106043 0.203963
vt 0.183846 0.164005
vt 0.219791 0.208419
vt 0.228766 0.219807
vt 0.159495 0.275065
vt 0.098389 0.176667
vt 0.182058 0.155257
vt 0.182652 0.159950
vt 0.126677 0.250321
vt 0.121803 0.239744
vt 0.260781 0.246407
vt 0.264683 0.267056
vt 0.255833 0.269214
vt 0.265126 0.162341
vt 0.255095 0.159778
vt 0.275781 0.164535
vt 0.247651 0.193872
vt 0.263808 0.163751
vt 0.269286 0.184744
vt 0.238369 0.272606
vt 0.249363 0.235888
vt 0.578876 0.124905
vt 0.490040 0.099353
vt 0.578876 0.103025
vt 0.014790 0.240196
vt 0.110051 0.268603
vt 0.012717 0.254537
vt 0.578876 0.018164
vt 0.490040 0.052701
vt 0.490040 0.034112
vt 0.578876 0.083070
vt 0.490040 0.068455
vt 0.578876 0.060942
vt 0.578876 0.040735
vt 0.578876 0.184977
vt 0.490040 0.145664
vt 0.578876 0.165721
vt 0.490040 0.130749
vt 0.490040 0.116378
vt 0.578876 0.144441
vt 0.482762 0.098648
vt 0.490040 0.084530
vt 0.482762 0.057277
vt 0.482762 0.070136
vt 0.482762 0.150295
vt 0.490040 0.160010
vt 0.482762 0.115150
vt 0.482762 0.128214
vt 0.482762 0.141574
vt 0.482762 0.084795
vt 0.110163 0.238623
vt 0.016765 0.227944
vt 0.011155 0.266848
vt 0.111868 0.280879
vt 0.015788 0.201852
vt 0.092344 0.155257
vt 0.018801 0.210259
vt 0.017716 0.206171
vt 0.112425 0.254305
vt 0.111097 0.242743
vt 0.237229 0.155874
vt 0.229881 0.190056
vt 0.217964 0.276499
vt 0.231995 0.239197
vt 0.018800 0.214657
vt 0.347799 0.189569
vt 0.325460 0.205853
vt 0.328627 0.190037
vt 0.309617 0.044633
vt 0.452984 0.030973
vt 0.452984 0.046982
vt 0.336285 0.258030
vt 0.343513 0.257739
vt 0.340305 0.273542
vt 0.138225 0.027698
vt 0.301285 0.013900
vt 0.302638 0.027746
vt 0.351862 0.205170
vt 0.325953 0.224908
vt 0.349105 0.240016
vt 0.329934 0.240540
vt 0.337278 0.156543
vt 0.341299 0.172159
vt 0.334065 0.172242
vt 0.314390 0.122440
vt 0.302524 0.108769
vt 0.312734 0.108664
vt 0.452984 0.089203
vt 0.307531 0.076824
vt 0.452984 0.075843
vt 0.314395 0.014224
vt 0.452984 0.017205
vt 0.314882 0.138374
vt 0.452984 0.119280
vt 0.452984 0.135359
vt 0.452984 0.060330
vt 0.307544 0.059645
vt 0.452984 0.105227
vt 0.309601 0.091842
vt 0.133359 0.059538
vt 0.305591 0.091942
vt 0.305618 0.044533
vt 0.312719 0.027879
vt 0.301166 0.138697
vt 0.140021 0.139071
vt 0.300997 0.122671
vt 0.135494 0.091850
vt 0.138535 0.108841
vt 0.135363 0.044610
vt 0.018274 0.047273
vt 0.131242 0.044557
vt 0.139962 0.122876
vt 0.128130 0.108840
vt 0.126024 0.138872
vt 0.131354 0.091934
vt 0.128001 0.027766
vt 0.139566 0.013900
vt 0.604940 0.161297
vt 0.626998 0.181046
vt 0.606662 0.175032
vt 0.018274 0.076215
vt 0.133392 0.076910
vt 0.018274 0.089650
vt 0.126325 0.122743
vt 0.018274 0.105886
vt 0.018274 0.119964
vt 0.018274 0.031037
vt 0.126294 0.014035
vt 0.681979 0.229942
vt 0.636899 0.240767
vt 0.650595 0.219896
vt 0.565977 0.219946
vt 0.578684 0.197577
vt 0.578684 0.215883
vt 0.584338 0.243193
vt 0.591202 0.232512
vt 0.608595 0.237489
vt 0.628483 0.230648
vt 0.638035 0.195301
vt 0.638698 0.215964
vt 0.650311 0.190734
vt 0.653855 0.143705
vt 0.634993 0.170221
vt 0.534897 0.230075
vt 0.565233 0.192939
vt 0.566204 0.270629
vt 0.608573 0.251085
vt 0.656847 0.266750
vt 0.680662 0.178559
vt 0.489945 0.115835
vt 0.579342 0.099159
vt 0.579342 0.120829
vt 0.481949 0.253806
vt 0.350178 0.236593
vt 0.481444 0.234302
vt 0.489945 0.057859
vt 0.579342 0.016566
vt 0.579342 0.038284
vt 0.579342 0.163099
vt 0.489945 0.130554
vt 0.579342 0.140722
vt 0.489945 0.147686
vt 0.579342 0.183673
vt 0.489945 0.164809
vt 0.579342 0.057936
vt 0.489945 0.100192
vt 0.579342 0.079620
vt 0.489945 0.087273
vt 0.482326 0.128204
vt 0.482326 0.115235
vt 0.482326 0.153934
vt 0.482326 0.142886
vt 0.482326 0.063217
vt 0.489945 0.072790
vt 0.482326 0.075307
vt 0.482326 0.100533
vt 0.482326 0.088605
vt 0.489945 0.040673
vt 0.482326 0.050464
vt 0.326072 0.222783
vt 0.352350 0.222223
vt 0.479740 0.197628
vt 0.480795 0.217418
vt 0.348655 0.192266
vt 0.478495 0.181165
vt 0.342159 0.272389
vt 0.482274 0.269196
vt 0.344630 0.292402
vt 0.482811 0.288567
vt 0.476887 0.161794
vt 0.338577 0.158235
vt 0.475343 0.145374
vt 0.336055 0.255372
vt 0.328933 0.236800
vt 0.345237 0.255051
vt 0.351582 0.206341
vt 0.325443 0.206844
vt 0.327794 0.192991
vt 0.342900 0.174729
vt 0.333862 0.174999
vt 0.272641 0.180928
vt 0.683181 -0.178273
vt 0.687371 -0.147885
vt 0.698790 -0.188828
vt 0.285178 0.225512
vt 0.285306 0.204730
vt 0.272311 0.185224
vt 0.299767 0.297365
vt 0.297634 0.288083
vt 0.579570 0.085010
vt 0.489573 0.084205
vt 0.579570 0.062845
vt 0.015471 0.241837
vt 0.110832 0.270206
vt 0.013406 0.256192
vt 0.579570 0.168050
vt 0.489573 0.145656
vt 0.579570 0.146322
vt 0.579570 0.020752
vt 0.489573 0.068207
vt 0.489573 0.051716
vt 0.579570 0.042818
vt 0.489573 0.035714
vt 0.579570 0.126695
vt 0.489573 0.116661
vt 0.489573 0.101976
vt 0.579570 0.104911
vt 0.482053 0.086058
vt 0.482053 0.056180
vt 0.482053 0.141927
vt 0.489573 0.131663
vt 0.482053 0.103055
vt 0.482053 0.116542
vt 0.482053 0.130702
vt 0.482053 0.153702
vt 0.489573 0.163121
vt 0.482053 0.071126
vt 0.110925 0.240200
vt 0.017439 0.229573
vt 0.113303 0.228878
vt 0.019467 0.216273
vt 0.106721 0.205555
vt 0.011850 0.268515
vt 0.112659 0.282491
vt 0.145683 0.288250
vt 0.141742 0.274303
vt 0.160269 0.276598
vt 0.016444 0.203470
vt 0.099066 0.178253
vt 0.018377 0.207789
vt 0.248780 0.197360
vt 0.252662 0.164341
vt 0.259167 0.186252
vt 0.258038 0.271420
vt 0.267833 0.268324
vt 0.278270 0.265557
vt 0.266449 0.267000
vt 0.235359 0.162304
vt 0.231576 0.195398
vt 0.490232 0.098464
vt 0.580213 0.075519
vt 0.580213 0.097672
vt 0.136912 0.262869
vt 0.203531 0.189059
vt 0.212760 0.200235
vt 0.580213 0.181263
vt 0.490232 0.144839
vt 0.580213 0.159475
vt 0.490232 0.130071
vt 0.580213 0.117732
vt 0.580213 0.139740
vt 0.580213 0.014310
vt 0.490232 0.050577
vt 0.490232 0.035598
vt 0.490232 0.065987
vt 0.490232 0.080794
vt 0.580213 0.033984
vt 0.580213 0.055669
vt 0.482122 0.098789
vt 0.490232 0.114243
vt 0.482122 0.113634
vt 0.482122 0.140474
vt 0.482122 0.128650
vt 0.482122 0.045178
vt 0.482122 0.054385
vt 0.482122 0.081592
vt 0.482122 0.068151
vt 0.490232 0.162275
vt 0.482122 0.153229
vt 0.195472 0.179618
vt 0.121226 0.237312
vt 0.220497 0.209941
vt 0.229475 0.221319
vt 0.182739 0.156816
vt 0.093097 0.156816
vt 0.184536 0.165565
vt 0.240557 0.276274
vt 0.248780 0.238061
vt 0.210958 0.248423
vt 0.220126 0.281874
vt 0.019466 0.211875
vt 0.186824 0.169323
vt 0.326007 0.222922
vt 0.349179 0.238178
vt 0.329935 0.238581
vt 0.452984 0.102675
vt 0.311327 0.088980
vt 0.452984 0.086614
vt 0.334358 0.170316
vt 0.337640 0.154631
vt 0.341619 0.170271
vt 0.302645 0.119888
vt 0.140249 0.105676
vt 0.304203 0.105933
vt 0.325514 0.203862
vt 0.352510 0.222405
vt 0.348079 0.187718
vt 0.352099 0.203343
vt 0.340200 0.271653
vt 0.336233 0.256114
vt 0.343489 0.255868
vt 0.328834 0.188085
vt 0.316128 0.011247
vt 0.304347 0.024790
vt 0.302994 0.010930
vt 0.452984 0.044278
vt 0.309226 0.056732
vt 0.311321 0.041703
vt 0.316107 0.119625
vt 0.314443 0.105831
vt 0.452984 0.133209
vt 0.452984 0.116762
vt 0.452984 0.073226
vt 0.452984 0.057672
vt 0.309284 0.073936
vt 0.452984 0.028216
vt 0.452984 0.014401
vt 0.314442 0.024928
vt 0.135098 0.056464
vt 0.307317 0.041599
vt 0.307310 0.089073
vt 0.316444 0.135768
vt 0.302618 0.136017
vt 0.141642 0.119644
vt 0.137130 0.041569
vt 0.140010 0.024696
vt 0.141357 0.010930
vt 0.137265 0.088724
vt 0.135212 0.073810
vt 0.018274 0.086113
vt 0.018274 0.072713
vt 0.129813 0.024754
vt 0.128127 0.011065
vt 0.141547 0.135717
vt 0.128081 0.119557
vt 0.133134 0.088796
vt 0.133017 0.041509
vt 0.129878 0.105665
vt 0.607809 0.174779
vt 0.636409 0.169886
vt 0.628348 0.180591
vt 0.018274 0.057268
vt 0.018274 0.043893
vt 0.018274 0.027736
vt 0.018274 0.014019
vt 0.018274 0.132716
vt 0.018274 0.116338
vt 0.018274 0.102303
vt 0.608927 0.250408
vt 0.566915 0.269873
vt 0.585214 0.242534
vt 0.651544 0.190508
vt 0.639217 0.194947
vt 0.651579 0.219773
vt 0.639638 0.215647
vt 0.629083 0.230303
vt 0.637518 0.240941
vt 0.609257 0.237257
vt 0.579872 0.215347
vt 0.567167 0.219263
vt 0.580063 0.197090
vt 0.566696 0.192324
vt 0.592147 0.232057
vt 0.606124 0.160628
vt 0.655560 0.143431
vt 0.682025 0.178600
vt 0.682841 0.229973
vt 0.657665 0.266421
vt 0.609403 0.283127
vt 0.536049 0.229068
vt 0.533946 0.185737
vt 0.578941 0.059232
vt 0.489621 0.085071
vt 0.489621 0.068190
vt 0.476398 0.158556
vt 0.347448 0.189486
vt 0.341324 0.171706
vt 0.578941 0.142508
vt 0.489621 0.146573
vt 0.489621 0.129339
vt 0.578941 0.039159
vt 0.489621 0.033913
vt 0.578941 0.018875
vt 0.578941 0.164396
vt 0.489621 0.162777
vt 0.489621 0.114198
vt 0.578941 0.122684
vt 0.578941 0.081266
vt 0.489621 0.098868
vt 0.578941 0.100942
vt 0.482099 0.070514
vt 0.489621 0.052875
vt 0.482099 0.142489
vt 0.482099 0.153484
vt 0.482099 0.126423
vt 0.482099 0.086142
vt 0.482099 0.098557
vt 0.482099 0.112859
vt 0.482099 0.044022
vt 0.482099 0.056703
vt 0.324411 0.204983
vt 0.326227 0.190861
vt 0.480463 0.214666
vt 0.350774 0.203537
vt 0.479295 0.194829
vt 0.481108 0.231624
vt 0.351340 0.219477
vt 0.337826 0.155207
vt 0.474825 0.142108
vt 0.482483 0.284735
vt 0.341623 0.269454
vt 0.481910 0.266667
vt 0.481609 0.251215
vt 0.349453 0.233788
vt 0.344892 0.252024
vt 0.478069 0.177970
vt 0.331979 0.171888
vt 0.261460 0.165799
vt 0.325308 0.220914
vt 0.328550 0.234570
vt 0.335849 0.252343
vt 0.274249 0.249488
vt 0.626703 -0.072836
vt 0.633606 -0.110648
vt 0.658871 -0.076863
vt 0.285355 0.225307
vt 0.284511 0.204881
vt 0.294269 0.279569
vt 0.292325 0.274221
vt 0.273677 0.245240
vt 0.297208 0.293909
vt 0.295266 0.284243
vt 0.491657 0.100660
vt 0.580713 0.075427
vt 0.580713 0.097418
vt 0.137094 0.259982
vt 0.203244 0.186813
vt 0.212390 0.197907
vt 0.491657 0.167828
vt 0.580713 0.159729
vt 0.580713 0.180218
vt 0.580713 0.139488
vt 0.491657 0.115632
vt 0.580713 0.117318
vt 0.491657 0.147901
vt 0.580713 0.034420
vt 0.491657 0.038672
vt 0.580713 0.016966
vt 0.491657 0.069107
vt 0.491657 0.083585
vt 0.580713 0.055789
vt 0.484031 0.101436
vt 0.484031 0.115370
vt 0.491657 0.131742
vt 0.484031 0.143508
vt 0.484031 0.130165
vt 0.484031 0.048662
vt 0.491657 0.053988
vt 0.484031 0.057970
vt 0.484031 0.084800
vt 0.484031 0.071589
vt 0.484031 0.158217
vt 0.113692 0.226282
vt 0.186665 0.167239
vt 0.195237 0.177457
vt 0.107245 0.203137
vt 0.184398 0.163513
vt 0.220058 0.207543
vt 0.160254 0.273622
vt 0.141877 0.271329
vt 0.099655 0.176069
vt 0.182625 0.154837
vt 0.183214 0.159491
vt 0.127632 0.248717
vt 0.122672 0.238049
vt 0.259732 0.248369
vt 0.263520 0.268849
vt 0.254738 0.270752
vt 0.263685 0.164006
vt 0.253591 0.161381
vt 0.274409 0.166262
vt 0.245938 0.195691
vt 0.262351 0.165421
vt 0.267777 0.186591
vt 0.237564 0.274016
vt 0.248512 0.237979
vt 0.579530 0.100447
vt 0.489397 0.083155
vt 0.579530 0.078333
vt 0.016731 0.239063
vt 0.111141 0.267416
vt 0.014647 0.253281
vt 0.579530 0.161477
vt 0.489397 0.162245
vt 0.489397 0.144363
vt 0.579530 0.058250
vt 0.489397 0.050654
vt 0.579530 0.036028
vt 0.489397 0.033278
vt 0.489397 0.130287
vt 0.579530 0.141910
vt 0.489397 0.115158
vt 0.489397 0.100564
vt 0.579530 0.120273
vt 0.481307 0.083980
vt 0.489397 0.067884
vt 0.481307 0.054982
vt 0.481307 0.139628
vt 0.481307 0.100662
vt 0.481307 0.114065
vt 0.481307 0.128258
vt 0.481307 0.152631
vt 0.481307 0.069620
vt 0.111330 0.237508
vt 0.018713 0.226918
vt 0.013074 0.265486
vt 0.112920 0.279593
vt 0.017743 0.201043
vt 0.093660 0.154837
vt 0.020731 0.209380
vt 0.019656 0.205327
vt 0.113522 0.253242
vt 0.112133 0.241002
vt 0.235612 0.157368
vt 0.228055 0.191767
vt 0.217497 0.277761
vt 0.231433 0.241162
vt 0.020731 0.213742
vt 0.330266 0.239932
vt 0.352257 0.223507
vt 0.349200 0.239348
vt 0.310234 0.042317
vt 0.452984 0.028853
vt 0.452984 0.044914
vt 0.341350 0.171398
vt 0.334212 0.171726
vt 0.337320 0.155902
vt 0.138831 0.025321
vt 0.301909 0.011534
vt 0.303260 0.025400
vt 0.326182 0.224351
vt 0.351764 0.204447
vt 0.328758 0.189482
vt 0.347691 0.188861
vt 0.340809 0.272904
vt 0.336766 0.257307
vt 0.343910 0.257181
vt 0.314981 0.120296
vt 0.303111 0.106543
vt 0.313351 0.106468
vt 0.452984 0.087244
vt 0.308200 0.074554
vt 0.452984 0.073858
vt 0.315046 0.011856
vt 0.452984 0.015039
vt 0.315455 0.136347
vt 0.452984 0.117385
vt 0.452984 0.133501
vt 0.308139 0.057350
vt 0.452984 0.058306
vt 0.452984 0.103301
vt 0.310245 0.089603
vt 0.134003 0.057188
vt 0.306227 0.089694
vt 0.306229 0.042213
vt 0.313358 0.025539
vt 0.301610 0.136687
vt 0.140443 0.120445
vt 0.301522 0.120462
vt 0.136072 0.089465
vt 0.139071 0.106435
vt 0.135973 0.042214
vt 0.018274 0.044910
vt 0.131857 0.042160
vt 0.128697 0.106406
vt 0.126558 0.136256
vt 0.140431 0.136446
vt 0.131938 0.089542
vt 0.128619 0.025392
vt 0.140166 0.011534
vt 0.604414 0.161975
vt 0.626607 0.181192
vt 0.606347 0.175564
vt 0.018274 0.073777
vt 0.133991 0.074542
vt 0.018274 0.087182
vt 0.126880 0.120256
vt 0.018274 0.103373
vt 0.018274 0.117409
vt 0.018274 0.028712
vt 0.126907 0.011682
vt 0.681073 0.230475
vt 0.635968 0.240856
vt 0.649836 0.220147
vt 0.565364 0.219408
vt 0.578258 0.197197
vt 0.578087 0.215471
vt 0.583476 0.242786
vt 0.590427 0.232188
vt 0.607744 0.237320
vt 0.627661 0.230676
vt 0.637520 0.195480
vt 0.637995 0.216113
vt 0.649813 0.191008
vt 0.604928 0.127789
vt 0.634543 0.170309
vt 0.534243 0.229228
vt 0.564874 0.192441
vt 0.565116 0.270005
vt 0.607594 0.250892
vt 0.655638 0.266982
vt 0.680273 0.179183
vt 0.578349 0.073815
vt 0.489890 0.066809
vt 0.578349 0.052293
vt 0.479529 0.260432
vt 0.347993 0.238839
vt 0.479593 0.240785
vt 0.489890 0.146478
vt 0.578349 0.135530
vt 0.578349 0.158133
vt 0.578349 0.115354
vt 0.489890 0.097807
vt 0.578349 0.093435
vt 0.489890 0.083394
vt 0.489890 0.113313
vt 0.489890 0.128165
vt 0.489890 0.164849
vt 0.578349 0.033092
vt 0.489890 0.052878
vt 0.578349 0.011966
vt 0.482843 0.085159
vt 0.482843 0.098338
vt 0.482843 0.126232
vt 0.482843 0.112913
vt 0.482843 0.142061
vt 0.482843 0.154974
vt 0.482843 0.069266
vt 0.482843 0.057212
vt 0.489890 0.037369
vt 0.482843 0.046197
vt 0.324298 0.224925
vt 0.350334 0.224476
vt 0.479149 0.204173
vt 0.479548 0.224146
vt 0.350180 0.208617
vt 0.478450 0.187170
vt 0.338514 0.274407
vt 0.479368 0.275944
vt 0.339790 0.294927
vt 0.479288 0.295500
vt 0.347396 0.194635
vt 0.477355 0.167570
vt 0.337806 0.160253
vt 0.476238 0.150950
vt 0.333515 0.256921
vt 0.326987 0.238716
vt 0.342616 0.257005
vt 0.324085 0.209040
vt 0.326538 0.195168
vt 0.341921 0.176954
vt 0.332829 0.177116
vt 0.271171 0.182768
vt 0.275441 0.267487
vt 0.659102 -0.068483
vt 0.609646 -0.061617
vt 0.612892 -0.039002
vt 0.283736 0.227564
vt 0.283877 0.206706
vt 0.660408 -0.188439
vt 0.626236 -0.219984
vt 0.630922 -0.252092
vt 0.292453 0.296555
vt 0.291021 0.286725
vt 0.114820 0.251392
vt 0.579622 0.037305
vt 0.482266 0.042039
vt 0.113410 0.239041
vt 0.119924 0.232843
vt 0.115249 0.234154
vt 0.099575 0.289568
vt 0.011683 0.278209
vt 0.271799 0.185925
vt 0.268725 0.198835
vt 0.274446 0.165269
vt 0.269809 0.231616
vt 0.270914 0.245483
vt 0.129259 0.247332
vt 0.124037 0.236058
vt 0.185003 0.156831
vt 0.231897 0.241685
vt 0.018274 0.134174
vt 0.606951 0.125496
vt 0.482554 0.040783
vt 0.343044 0.290490
vt 0.288755 0.154709
vt 0.289601 0.149474
vt 0.297318 0.298656
vt 0.489459 0.022611
vt 0.120462 0.235736
vt 0.117489 0.235952
vt 0.112815 0.237262
vt 0.140962 0.272755
vt 0.144895 0.286711
vt 0.269200 0.231652
vt 0.272633 0.244565
vt 0.276125 0.264892
vt 0.268692 0.198861
vt 0.482762 0.043493
vt 0.097240 0.292469
vt 0.009402 0.281232
vt 0.211590 0.243090
vt 0.352355 0.224225
vt 0.018274 0.060711
vt 0.018274 0.136067
vt 0.018274 0.017253
vt 0.605875 0.128022
vt 0.532345 0.186672
vt 0.608583 0.283596
vt 0.294508 0.278479
vt 0.280597 0.270578
vt 0.296538 0.283591
vt 0.628775 -0.137019
vt 0.604996 -0.109336
vt 0.611414 -0.071023
vt 0.289387 0.155130
vt 0.291287 0.149281
vt 0.612596 -0.170108
vt 0.671680 -0.160005
vt 0.608079 -0.139763
vt 0.300808 0.302078
vt 0.113199 0.255894
vt 0.579570 0.186015
vt 0.482053 0.045434
vt 0.111862 0.244323
vt 0.118252 0.237528
vt 0.113577 0.238840
vt 0.098026 0.294102
vt 0.010105 0.282912
vt 0.270873 0.187223
vt 0.268456 0.200065
vt 0.272789 0.167074
vt 0.269317 0.231956
vt 0.270705 0.245875
vt 0.127448 0.251887
vt 0.122570 0.241318
vt 0.183337 0.161509
vt 0.231389 0.242823
vt 0.127666 0.135479
vt 0.607415 0.127135
vt 0.578941 0.182216
vt 0.344000 0.289855
vt 0.275123 0.166155
vt 0.289235 0.155092
vt 0.291431 0.149478
vt 0.298174 0.298837
vt 0.121543 0.234644
vt 0.118595 0.234859
vt 0.113960 0.236158
vt 0.228955 0.218838
vt 0.145775 0.285169
vt 0.267989 0.233774
vt 0.271437 0.246520
vt 0.270821 0.187090
vt 0.267111 0.200815
vt 0.579530 0.181176
vt 0.579530 0.017739
vt 0.481307 0.042930
vt 0.098391 0.291058
vt 0.011308 0.279747
vt 0.211366 0.244907
vt 0.325608 0.205293
vt 0.018274 0.058315
vt 0.018274 0.133459
vt 0.018274 0.014960
vt 0.654113 0.144040
vt 0.532103 0.185878
vt 0.607300 0.283346
vt 0.578349 0.176880
vt 0.289464 0.277125
vt 0.290273 0.281966
vt 0.289089 0.156166
vt 0.290106 0.150950
vt 0.293168 0.301569
vt 0.435847 0.614305
vt 0.392392 0.574903
vt 0.435308 0.574903
vt 0.392692 0.614305
vt 0.349561 0.574903
vt 0.349579 0.614305
vt 0.306742 0.574903
vt 0.306475 0.614305
vt 0.263861 0.574903
vt 0.263348 0.614305
vt 0.220845 0.574903
vt 0.220160 0.614305
vt 0.177631 0.574903
vt 0.176877 0.614305
vt 0.134179 0.574903
vt 0.133469 0.614305
vt 0.090482 0.574903
vt 0.089926 0.614305
vt 0.046578 0.574903
vt 0.046265 0.614305
vt 0.002548 0.574903
vt 0.696915 0.614305
vt 0.652889 0.574903
vt 0.696934 0.574903
vt 0.653167 0.614305
vt 0.608942 0.574903
vt 0.609472 0.614305
vt 0.565182 0.574903
vt 0.565879 0.614305
vt 0.521659 0.574903
vt 0.349634 0.750223
vt 0.522416 0.614305
vt 0.478379 0.574903
vt 0.479078 0.614305
vt 0.264497 0.532025
vt 0.174403 0.750223
vt 0.126882 0.887988
vt 0.131168 0.750223
vt 0.611173 0.750223
vt 0.261628 0.750223
vt 0.217890 0.750223
vt 0.002472 0.750223
vt 0.002529 0.614305
vt 0.481393 0.750223
vt 0.305572 0.750223
vt 0.088145 0.750223
vt 0.393698 0.750223
vt 0.568138 0.750223
vt 0.654056 0.750223
vt 0.437647 0.750223
vt 0.045271 0.750223
vt 0.524890 0.750223
vt 0.046997 0.532025
vt 0.520695 0.532025
vt 0.349523 0.532025
vt 0.135095 0.532025
vt 0.434617 0.532025
vt 0.608270 0.532025
vt 0.221706 0.532025
vt 0.696975 0.532025
vt 0.477485 0.532025
vt 0.307064 0.532025
vt 0.091209 0.532025
vt 0.564293 0.532025
vt 0.392000 0.532025
vt 0.178592 0.532025
vt 0.652545 0.532025
vt 0.070302 0.305429
vt 0.100422 0.366914
vt 0.079660 0.366914
vt 0.250250 0.305429
vt 0.224991 0.366914
vt 0.227349 0.305429
vt 0.273249 0.305429
vt 0.245957 0.366914
vt 0.058814 0.366914
vt 0.048231 0.305429
vt 0.204547 0.366914
vt 0.204593 0.305429
vt 0.037381 0.366914
vt 0.026268 0.305429
vt 0.183742 0.366914
vt 0.181878 0.305429
vt 0.004040 0.305429
vt 0.014273 0.366914
vt 0.162597 0.366914
vt 0.159211 0.305429
vt 0.365863 0.305429
vt 0.331932 0.366914
vt 0.342667 0.305429
vt 0.141862 0.366914
vt 0.136716 0.305429
vt 0.319466 0.305429
vt 0.309607 0.366914
vt 0.121150 0.366914
vt 0.114461 0.305429
vt 0.288159 0.366914
vt 0.296272 0.305429
vt 0.092418 0.305429
vt 0.267350 0.366914
vt 0.432505 0.448405
vt 0.390798 0.448405
vt 0.349382 0.448405
vt 0.308001 0.448405
vt 0.266395 0.448405
vt 0.224319 0.448405
vt 0.181561 0.448405
vt 0.137977 0.448405
vt 0.093538 0.448405
vt 0.048369 0.448405
vt 0.002589 0.532025
vt 0.002753 0.448405
vt 0.697139 0.448405
vt 0.651469 0.448405
vt 0.606154 0.448405
vt 0.561511 0.448405
vt 0.517704 0.448405
vt 0.474741 0.448405
vt 0.183728 0.380592
vt 0.165609 0.432852
vt 0.163032 0.380592
vt 0.329037 0.380801
vt 0.324999 0.432852
vt 0.307745 0.432852
vt 0.147850 0.432852
vt 0.142554 0.380592
vt 0.290193 0.432852
vt 0.307423 0.380592
vt 0.130174 0.432852
vt 0.122250 0.380592
vt 0.272559 0.432852
vt 0.286522 0.380592
vt 0.112634 0.432852
vt 0.101800 0.380592
vt 0.265953 0.380592
vt 0.254844 0.432852
vt 0.095224 0.432852
vt 0.081504 0.380592
vt 0.244954 0.380592
vt 0.219159 0.432852
vt 0.224390 0.380592
vt 0.236988 0.432852
vt 0.078015 0.432852
vt 0.060817 0.380592
vt 0.201329 0.432852
vt 0.204175 0.380592
vt 0.061014 0.432852
vt 0.040375 0.380592
vt 0.183468 0.432852
vt 0.044295 0.432852
vt 0.020189 0.380592
vt 0.355024 0.366914
vt 0.349421 0.380592
vt 0.614301 0.887988
vt 0.655683 0.887988
vt 0.695303 1.000284
vt 0.485916 0.887988
vt 0.084904 0.887988
vt 0.395718 0.887988
vt 0.441232 0.887988
vt 0.043501 0.887988
vt 0.349719 0.887988
vt 0.002395 0.887988
vt 0.303707 0.887988
vt 0.696858 0.750223
vt 0.258156 0.887988
vt 0.213422 0.887988
vt 0.572357 0.887988
vt 0.169670 0.887988
vt 0.529616 0.887988
vt 0.000917 1.000284
vt 0.696781 0.887988
vt 0.948930 0.178342
vt 0.995512 0.178342
vt 0.995512 0.280686
vt 0.948930 0.280686
vt 0.995512 0.383030
vt 0.948930 0.383030
vt 0.995512 0.485375
vt 0.948930 0.485375
vt 0.995512 0.587719
vt 0.948930 0.587719
vt 0.995512 0.690063
vt 0.948930 0.690063
vt 0.995512 0.792408
vt 0.948930 0.792408
vt 0.776917 0.234284
vt 0.716702 0.174069
vt 0.995512 0.894752
vt 0.948930 0.894752
vt 0.995512 0.997096
vt 0.948930 0.997096
vt 0.922290 0.174069
vt 0.862075 0.234284
vt 0.716702 0.088911
vt 0.776917 0.028695
vt 0.862075 0.028695
vt 0.922290 0.088911
vt 0.942357 0.182380
vt 0.870387 0.254351
vt 0.942357 0.080599
vt 0.870387 0.008629
vt 0.768605 0.008629
vt 0.696635 0.080599
vt 0.696635 0.182380
vt 0.768605 0.254351
vt 0.823915 0.390381
vt 0.747613 0.401492
vt 0.758038 0.349016
vt 0.824770 0.391378
vt 0.824153 0.463596
vt 0.778303 0.447296
vt 0.869866 0.447425
vt 0.753085 0.405345
vt 0.760925 0.356984
vt 0.800625 0.315231
vt 0.857169 0.316696
vt 0.796737 0.322039
vt 0.851379 0.316141
vt 0.893131 0.348560
vt 0.900808 0.404318
vt 0.895934 0.405916
vt 0.932542 0.414124
vt 0.894743 0.475938
vt 0.891522 0.353042
vt 0.928743 0.342124
vt 0.780761 0.286172
vt 0.855227 0.275881
vt 0.724897 0.338416
vt 0.772543 0.448677
vt 0.822358 0.468456
vt 0.872646 0.450163
vt 0.750714 0.474295
vt 0.713605 0.406477
vt 0.821834 0.501599
vt 0.894170 0.476613
vt 0.933780 0.410811
vt 0.924277 0.334806
vt 0.789714 0.283347
vt 0.867494 0.283347
vt 0.729582 0.330754
vt 0.825919 0.501767
vt 0.755334 0.478360
vt 0.714989 0.414748
vt 0.893951 0.298053
vt 0.830711 0.382782
vt 0.889367 0.294716
vt 0.884186 0.292780
vt 0.897570 0.302238
vt 0.921207 0.259315
vt 0.924918 0.263118
vt 0.912090 0.254041
vt 0.916370 0.257108
vt 0.771906 0.680733
vt 0.766022 0.686995
vt 0.752718 0.686995
vt 0.766022 0.660984
vt 0.771919 0.667429
vt 0.771136 0.758643
vt 0.765239 0.765006
vt 0.751935 0.764993
vt 0.765264 0.738987
vt 0.771149 0.745339
vt 0.771906 0.836850
vt 0.766022 0.843104
vt 0.752718 0.843104
vt 0.766022 0.817092
vt 0.771919 0.823546
vt 0.771279 0.602568
vt 0.765388 0.608925
vt 0.752084 0.608912
vt 0.770985 0.914754
vt 0.765091 0.921073
vt 0.751787 0.921060
vt 0.765412 0.582912
vt 0.771292 0.589264
vt 0.878093 0.687094
vt 0.878093 0.661075
vt 0.891397 0.661075
vt 0.891397 0.687094
vt 0.752718 0.660984
vt 0.765116 0.895062
vt 0.771003 0.901450
vt 0.751812 0.895049
vt 0.752718 0.817092
vt 0.750611 0.509904
vt 0.750611 0.523072
vt 0.737442 0.523072
vt 0.737442 0.509904
vt 0.737591 0.523161
vt 0.737591 0.509992
vt 0.750760 0.509992
vt 0.750760 0.523161
vt 0.752108 0.582900
vt 0.751960 0.738974
vt 0.737591 0.690510
vt 0.737591 0.664755
vt 0.750760 0.664755
vt 0.750760 0.690510
vt 0.737442 0.741995
vt 0.750611 0.741995
vt 0.750611 0.767750
vt 0.737442 0.767750
vt 0.766022 0.765098
vt 0.752718 0.765098
vt 0.752718 0.739078
vt 0.766022 0.739078
vt 0.737591 0.767741
vt 0.737591 0.741986
vt 0.750760 0.741986
vt 0.750760 0.767741
vt 0.878093 0.765118
vt 0.878093 0.739098
vt 0.891397 0.739098
vt 0.891397 0.765118
vt 0.766022 0.921172
vt 0.752718 0.921172
vt 0.752718 0.895160
vt 0.766022 0.895160
vt 0.737442 0.896490
vt 0.750611 0.896490
vt 0.750611 0.922238
vt 0.737442 0.922238
vt 0.737591 0.845033
vt 0.737591 0.819285
vt 0.750760 0.819285
vt 0.750760 0.845033
vt 0.765314 0.686993
vt 0.752009 0.686980
vt 0.752034 0.660968
vt 0.765338 0.660980
vt 0.750611 0.819216
vt 0.750611 0.844964
vt 0.737442 0.844964
vt 0.737442 0.819216
vt 0.737591 0.922228
vt 0.737591 0.896481
vt 0.750760 0.896481
vt 0.750760 0.922228
vt 0.878093 0.921192
vt 0.878093 0.895180
vt 0.891397 0.895180
vt 0.891397 0.921192
vt 0.878093 0.843204
vt 0.878093 0.817191
vt 0.891397 0.817191
vt 0.891397 0.843204
vt 0.750611 0.664695
vt 0.750611 0.690441
vt 0.737442 0.690441
vt 0.737442 0.664695
vt 0.765165 0.843101
vt 0.751861 0.843088
vt 0.751886 0.817077
vt 0.765190 0.817090
vt 0.878093 0.609001
vt 0.878093 0.582990
vt 0.891397 0.582990
vt 0.891397 0.609001
vt 0.737591 0.613211
vt 0.737591 0.587465
vt 0.750760 0.587465
vt 0.750760 0.613211
vt 0.766022 0.609023
vt 0.752718 0.609023
vt 0.752718 0.583011
vt 0.766022 0.583011
vt 0.737442 0.587515
vt 0.750611 0.587515
vt 0.750611 0.613262
vt 0.737442 0.613262
vt 0.890540 0.843129
vt 0.871363 0.823452
vt 0.877260 0.817097
vt 0.890565 0.817110
vt 0.890614 0.765105
vt 0.871443 0.745434
vt 0.877335 0.739073
vt 0.890639 0.739086
vt 0.890762 0.609024
vt 0.871592 0.589360
vt 0.877483 0.582999
vt 0.890787 0.583012
vt 0.890688 0.687012
vt 0.871511 0.667336
vt 0.877409 0.660987
vt 0.890713 0.661000
vt 0.890465 0.921214
vt 0.871297 0.901546
vt 0.877186 0.895190
vt 0.890490 0.895203
vt 0.877161 0.921201
vt 0.871279 0.914850
vt 0.877310 0.765093
vt 0.871430 0.758738
vt 0.877236 0.843116
vt 0.871363 0.836756
vt 0.877384 0.687000
vt 0.871511 0.680640
vt 0.877458 0.609011
vt 0.871579 0.602664
vt 0.872201 0.680733
vt 0.872213 0.667429
vt 0.872207 0.758751
vt 0.872207 0.745447
vt 0.771913 0.745447
vt 0.771908 0.758751
vt 0.872201 0.836850
vt 0.872213 0.823546
vt 0.771908 0.901522
vt 0.771908 0.914826
vt 0.771216 0.667240
vt 0.771216 0.680544
vt 0.872207 0.914826
vt 0.872207 0.901522
vt 0.872210 0.602640
vt 0.872205 0.589336
vt 0.771063 0.823452
vt 0.771063 0.836756
vt 0.771910 0.589336
vt 0.771915 0.602640
vt 0.912555 0.849499
vt 0.912564 0.858174
vt 0.899259 0.858186
vt 0.899251 0.849511
vt 0.899088 0.679885
vt 0.912392 0.679872
vt 0.912401 0.688543
vt 0.899097 0.688555
vt 0.899212 0.679793
vt 0.912516 0.679793
vt 0.912516 0.688463
vt 0.899212 0.688463
vt 0.898607 0.680662
vt 0.912021 0.680662
vt 0.912115 0.689324
vt 0.898701 0.689324
vt 0.912512 0.849488
vt 0.912512 0.858230
vt 0.899208 0.858230
vt 0.899208 0.849488
vt 0.912430 0.849374
vt 0.912431 0.858041
vt 0.899126 0.858041
vt 0.899126 0.849374
vt 0.898943 0.579695
vt 0.898943 0.570872
vt 0.912357 0.570872
vt 0.912357 0.579695
vt 0.899126 0.679781
vt 0.912430 0.679781
vt 0.912430 0.688446
vt 0.899126 0.688446
vt 0.899102 0.679788
vt 0.912406 0.679787
vt 0.912408 0.688451
vt 0.899103 0.688453
vt 0.912429 0.849476
vt 0.912385 0.858212
vt 0.899081 0.858145
vt 0.899124 0.849483
vt 0.899030 0.570927
vt 0.912334 0.570986
vt 0.912296 0.579578
vt 0.898992 0.579586
vt 0.912451 0.740547
vt 0.912459 0.749204
vt 0.899155 0.749217
vt 0.899146 0.740560
vt 0.912415 0.740525
vt 0.912416 0.749182
vt 0.899111 0.749183
vt 0.899110 0.740527
vt 0.912515 0.740536
vt 0.912515 0.749193
vt 0.899210 0.749193
vt 0.899211 0.740536
vt 0.898943 0.689397
vt 0.898849 0.680747
vt 0.912263 0.680747
vt 0.912357 0.689397
vt 0.898701 0.570769
vt 0.912115 0.570769
vt 0.912115 0.579606
vt 0.898701 0.579606
vt 0.899213 0.570839
vt 0.912517 0.570838
vt 0.912518 0.579493
vt 0.899214 0.579498
vt 0.899088 0.570807
vt 0.912392 0.570805
vt 0.912393 0.579492
vt 0.899089 0.579494
vt 0.899126 0.570899
vt 0.912430 0.570899
vt 0.912430 0.579487
vt 0.899126 0.579487
vt 0.912430 0.740423
vt 0.912430 0.749075
vt 0.899126 0.749075
vt 0.899126 0.740423
vt 0.911727 0.741912
vt 0.898649 0.741912
vt 0.877545 0.517907
vt 0.890849 0.517920
vt 0.750760 0.986659
vt 0.737591 0.986659
vt 0.891397 0.986284
vt 0.878093 0.986284
vt 0.766022 0.986165
vt 0.752718 0.986165
vt 0.750611 0.986570
vt 0.737442 0.986570
vt 0.752170 0.517907
vt 0.765474 0.517920
vt 0.898795 0.518394
vt 0.912209 0.518394
vt 0.899126 0.518844
vt 0.912430 0.518844
vt 0.899208 0.518845
vt 0.912512 0.518844
vt 0.899260 0.518844
vt 0.912564 0.518902
vt 0.899081 0.518846
vt 0.912385 0.518844
vt 0.890404 0.986177
vt 0.877100 0.986165
vt 0.911969 0.741867
vt 0.898555 0.741867
vt 0.878093 0.518026
vt 0.891397 0.518026
vt 0.899037 0.518394
vt 0.912451 0.518394
vt 0.752718 0.517907
vt 0.766022 0.517907
vt 0.765029 0.986177
vt 0.751725 0.986165
vt 0.650761 0.394214
vt 0.552863 0.383675
vt 0.555719 0.331523
vt 0.653728 0.331157
vt 0.518990 0.393762
vt 0.520331 0.317287
vt 0.540661 0.329950
vt 0.537127 0.384957
vt 0.658255 0.313810
vt 0.552711 0.317878
vt 0.541600 0.299473
vt 0.667975 0.292103
vt 0.662927 0.435615
vt 0.535154 0.414414
vt 0.549165 0.396884
vt 0.653935 0.411724
vt 0.670223 0.332329
vt 0.665834 0.393700
vt 0.696854 0.312994
vt 0.696854 0.415051
vt 0.493802 0.424228
vt 0.500382 0.424228
vt 0.500382 0.434769
vt 0.493802 0.434769
vt 0.493802 0.381594
vt 0.500382 0.381594
vt 0.500382 0.392135
vt 0.493802 0.392135
vt 0.483260 0.424228
vt 0.483260 0.392135
vt 0.510923 0.392135
vt 0.510923 0.424228
s 0
f 3/1/1 33/2/1 14/3/1
f 29/4/2 50/5/2 28/6/2
f 5/7/3 39/8/3 42/9/3
f 16/10/4 38/11/4 10/12/4
f 33/2/5 16/10/5 14/3/5
f 39/8/6 10/12/6 38/11/6
f 5/13/7 44/14/7 7/15/7
f 3/1/8 45/16/8 48/17/8
f 7/15/9 45/16/9 2/18/9
f 32/19/10 35/20/10 33/2/10
f 28/21/10 39/8/10 38/11/10
f 24/22/10 44/14/10 42/23/10
f 18/24/10 45/16/10 20/25/10
f 20/25/10 44/14/10 22/26/10
f 32/19/10 48/17/10 18/24/10
f 26/27/10 42/9/10 39/8/10
f 28/21/10 35/20/10 29/28/10
f 164/29/1 32/30/1 102/31/1
f 18/32/11 99/33/11 102/31/11
f 26/34/12 50/5/12 92/35/12
f 92/36/3 91/37/3 100/38/3
f 24/39/13 101/40/13 22/41/13
f 97/42/14 50/43/14 168/44/14
f 90/45/15 169/46/15 174/47/15
f 174/47/15 169/46/15 170/48/15
f 92/49/16 97/42/16 104/50/16
f 82/51/1 59/52/1 69/53/1
f 90/54/17 80/55/17 79/56/17
f 60/57/3 85/58/3 66/59/3
f 84/60/18 71/61/18 64/62/18
f 71/61/19 82/51/19 69/53/19
f 85/63/20 64/62/20 66/64/20
f 60/57/21 87/65/21 86/66/21
f 88/67/22 59/52/22 89/68/22
f 57/69/23 87/65/23 62/70/23
f 81/71/24 83/72/24 80/73/24
f 84/60/24 78/74/24 79/75/24
f 77/76/24 87/65/24 76/77/24
f 88/67/24 73/78/24 75/79/24
f 87/65/24 75/79/24 76/77/24
f 89/68/24 81/71/24 73/78/24
f 78/80/24 86/66/24 77/76/24
f 83/72/24 79/75/24 80/73/24
f 102/31/1 81/81/1 176/82/1
f 78/83/25 90/54/25 79/56/25
f 78/83/3 77/84/3 100/38/3
f 77/85/26 101/40/26 100/86/26
f 101/40/27 75/87/27 99/33/27
f 91/88/28 98/89/28 90/45/28
f 104/90/29 91/88/29 92/91/29
f 20/92/30 101/40/30 99/33/30
f 73/93/31 99/33/31 75/87/31
f 53/94/32 106/95/32 96/96/32
f 107/97/15 117/98/15 109/99/15
f 98/100/33 103/101/33 107/102/33
f 119/103/34 128/104/34 123/105/34
f 95/106/35 108/107/35 53/94/35
f 95/106/36 109/108/36 110/109/36
f 104/110/37 97/111/37 105/112/37
f 96/96/14 105/112/14 97/111/14
f 55/113/15 107/102/15 109/108/15
f 112/114/38 121/115/38 120/116/38
f 106/117/39 116/118/39 114/119/39
f 107/97/40 111/120/40 115/121/40
f 104/122/41 111/120/41 103/123/41
f 110/124/42 116/118/42 108/125/42
f 109/99/43 118/126/43 110/124/43
f 105/127/44 112/114/44 104/128/44
f 105/127/14 114/119/14 113/129/14
f 118/126/45 125/130/45 116/118/45
f 113/129/14 122/131/14 121/115/14
f 115/121/15 124/132/15 117/98/15
f 114/119/46 116/118/46 122/131/46
f 111/120/47 123/105/47 115/121/47
f 112/133/48 119/103/48 111/120/48
f 118/126/49 117/98/49 124/132/49
f 120/134/50 94/135/50 119/103/50
f 116/118/51 127/136/51 122/131/51
f 120/116/52 126/137/52 93/138/52
f 121/115/14 127/136/14 126/137/14
f 118/126/53 129/139/53 132/140/53
f 123/105/15 129/139/15 124/132/15
f 132/140/54 144/141/54 139/142/54
f 93/138/55 133/143/55 130/144/55
f 93/145/56 131/146/56 94/135/56
f 128/104/15 136/147/15 129/139/15
f 127/136/57 125/130/57 134/148/57
f 126/137/14 134/148/14 133/143/14
f 94/135/58 135/149/58 128/104/58
f 137/150/59 146/151/59 138/152/59
f 132/140/60 140/153/60 125/130/60
f 133/143/14 142/154/14 141/155/14
f 130/144/61 141/155/61 137/156/61
f 125/130/62 142/154/62 134/148/62
f 130/157/63 138/158/63 131/146/63
f 131/146/64 143/159/64 135/149/64
f 135/149/15 144/141/15 136/147/15
f 148/160/65 158/161/65 150/162/65
f 138/152/66 151/163/66 143/164/66
f 143/164/67 152/165/67 144/166/67
f 139/167/68 152/165/68 147/168/68
f 139/167/69 148/160/69 140/169/69
f 141/170/70 150/162/70 149/171/70
f 137/172/71 149/171/71 145/173/71
f 140/169/72 150/162/72 142/174/72
f 145/175/73 154/176/73 146/151/73
f 146/151/74 159/177/74 151/163/74
f 151/163/75 160/178/75 152/165/75
f 147/168/76 160/178/76 155/179/76
f 148/160/77 155/179/77 156/180/77
f 149/171/78 158/161/78 157/181/78
f 145/173/79 157/181/79 153/182/79
f 4/183/80 34/184/80 13/185/80
f 27/186/14 51/187/14 52/188/14
f 12/189/81 41/190/81 6/191/81
f 9/192/14 36/193/14 37/194/14
f 34/184/39 15/195/39 13/185/39
f 12/189/82 37/194/82 40/196/82
f 41/190/83 8/197/83 6/191/83
f 4/183/43 46/198/43 47/199/43
f 8/200/15 46/198/15 1/201/15
f 30/202/84 34/184/84 31/203/84
f 25/204/84 37/194/84 27/205/84
f 23/206/84 43/207/84 41/190/84
f 17/208/84 46/198/84 19/209/84
f 21/210/84 46/198/84 43/211/84
f 31/203/84 47/199/84 17/208/84
f 23/206/84 40/196/84 25/204/84
f 27/205/84 36/193/84 30/202/84
f 51/187/85 65/212/85 67/213/85
f 31/214/80 63/215/80 49/216/80
f 19/217/43 63/215/43 17/218/43
f 27/186/82 54/219/82 25/220/82
f 25/221/81 56/222/81 23/223/81
f 21/224/15 61/225/15 19/217/15
f 21/224/83 56/222/83 58/226/83
f 30/227/39 49/216/39 51/187/39
f 68/228/14 168/44/14 167/229/14
f 52/188/14 67/213/14 68/228/14
f 63/215/86 65/212/86 49/216/86
f 61/225/87 74/230/87 63/215/87
f 54/219/88 52/188/88 68/228/88
f 58/226/15 72/231/15 61/225/15
f 58/226/89 56/222/89 70/232/89
f 70/232/15 174/47/15 173/233/15
f 74/230/90 95/234/90 53/235/90
f 56/222/91 176/236/91 175/237/91
f 72/231/92 172/238/92 95/234/92
f 162/239/93 163/240/93 56/222/93
f 209/241/3 179/242/3 190/243/3
f 226/244/2 205/245/2 204/246/2
f 181/247/1 215/248/1 187/249/1
f 214/250/4 192/251/4 186/252/4
f 192/251/6 209/241/6 190/243/6
f 215/248/5 186/252/5 187/249/5
f 181/253/8 220/254/8 218/255/8
f 224/256/7 178/257/7 179/242/7
f 221/258/9 183/259/9 178/257/9
f 208/260/10 211/261/10 205/262/10
f 204/263/10 215/248/10 202/264/10
f 200/265/10 220/254/10 198/266/10
f 221/258/10 194/267/10 196/268/10
f 220/254/10 196/268/10 198/266/10
f 224/256/10 208/260/10 194/267/10
f 202/269/10 218/255/10 200/265/10
f 211/261/10 204/263/10 205/262/10
f 278/270/3 194/271/3 208/272/3
f 194/271/13 275/273/13 196/274/13
f 202/275/94 226/244/94 204/246/94
f 202/275/1 200/276/1 276/277/1
f 277/278/95 200/279/95 198/280/95
f 205/245/96 342/281/96 340/282/96
f 344/283/14 343/284/14 226/285/14
f 345/286/15 266/287/15 350/288/15
f 274/289/15 346/290/15 347/291/15
f 268/292/97 273/293/97 226/285/97
f 235/294/3 258/295/3 245/296/3
f 256/297/17 266/298/17 255/299/17
f 236/300/1 261/301/1 262/302/1
f 247/303/18 260/304/18 240/305/18
f 258/295/20 247/303/20 245/296/20
f 242/306/19 260/304/19 261/301/19
f 236/307/22 263/308/22 238/309/22
f 235/294/21 264/310/21 265/311/21
f 238/309/23 264/310/23 233/312/23
f 257/313/24 259/314/24 258/295/24
f 254/315/24 260/304/24 255/316/24
f 253/317/24 263/308/24 262/318/24
f 249/319/24 264/310/24 251/320/24
f 251/320/24 263/308/24 252/321/24
f 257/313/24 265/311/24 249/319/24
f 254/315/24 262/302/24 261/301/24
f 255/316/24 259/314/24 256/322/24
f 351/323/3 257/324/3 278/270/3
f 254/325/98 266/298/98 267/326/98
f 277/278/99 253/327/99 276/328/99
f 277/278/27 251/329/27 252/330/27
f 350/331/100 256/297/100 352/332/100
f 267/333/101 274/289/101 279/334/101
f 267/335/102 280/336/102 268/292/102
f 196/274/30 277/278/30 198/280/30
f 249/337/103 275/273/103 278/270/103
f 282/338/104 229/339/104 272/340/104
f 293/341/15 283/342/15 285/343/15
f 274/344/105 283/345/105 279/346/105
f 303/347/106 295/348/106 299/349/106
f 284/350/107 271/351/107 229/339/107
f 271/351/108 285/352/108 231/353/108
f 280/354/109 281/355/109 273/356/109
f 281/355/14 272/340/14 273/356/14
f 231/353/15 283/345/15 274/344/15
f 288/357/110 297/358/110 289/359/110
f 282/360/111 292/361/111 284/362/111
f 283/342/112 287/363/112 279/364/112
f 287/365/113 280/366/113 279/367/113
f 292/361/114 286/368/114 284/362/114
f 294/369/115 285/343/115 286/368/115
f 288/357/116 281/370/116 280/366/116
f 281/370/14 290/371/14 282/360/14
f 292/361/117 307/372/117 294/369/117
f 289/359/14 298/373/14 290/371/14
f 300/374/15 291/375/15 293/341/15
f 290/371/118 298/373/118 292/361/118
f 299/349/119 287/363/119 291/375/119
f 295/376/120 288/357/120 287/365/120
f 294/369/121 300/374/121 293/341/121
f 270/377/122 296/378/122 295/376/122
f 302/379/123 292/361/123 298/373/123
f 296/378/124 301/380/124 297/358/124
f 297/358/14 302/379/14 298/373/14
f 294/369/125 304/381/125 300/374/125
f 304/381/15 299/349/15 300/374/15
f 307/372/126 320/382/126 312/383/126
f 269/384/127 309/385/127 301/380/127
f 306/386/128 269/384/128 270/377/128
f 312/383/15 303/347/15 304/381/15
f 301/380/14 310/387/14 302/379/14
f 311/388/129 270/389/129 303/347/129
f 322/390/130 313/391/130 314/392/130
f 316/393/131 307/372/131 308/394/131
f 309/385/14 318/395/14 310/387/14
f 305/396/132 317/397/132 309/385/132
f 318/395/133 308/394/133 310/387/133
f 306/386/134 313/398/134 305/396/134
f 319/399/135 306/400/135 311/388/135
f 320/382/15 311/388/15 312/383/15
f 334/401/136 324/402/136 326/403/136
f 327/404/137 314/405/137 319/406/137
f 328/407/67 319/406/67 320/408/67
f 315/409/138 328/407/138 320/408/138
f 324/402/139 315/409/139 316/410/139
f 317/411/70 326/403/70 318/412/70
f 313/391/140 325/413/140 317/411/140
f 326/403/141 316/410/141 318/412/141
f 322/390/142 329/414/142 321/415/142
f 335/416/143 322/417/143 327/404/143
f 336/418/75 327/404/75 328/407/75
f 323/419/144 336/418/144 328/407/144
f 332/420/145 323/419/145 324/402/145
f 325/413/78 334/401/78 326/403/78
f 321/415/146 333/421/146 325/413/146
f 210/422/84 180/423/84 189/424/84
f 203/425/14 227/426/14 206/427/14
f 217/428/147 188/429/147 182/430/147
f 185/431/14 212/432/14 191/433/14
f 191/433/111 210/422/111 189/424/111
f 213/434/148 188/435/148 216/436/148
f 184/437/149 217/428/149 182/430/149
f 223/438/115 177/439/115 180/423/115
f 222/440/15 184/437/15 177/439/15
f 210/422/80 206/441/80 207/442/80
f 213/434/80 201/443/80 203/444/80
f 199/445/80 219/446/80 197/447/80
f 222/440/80 193/448/80 195/449/80
f 197/447/80 222/440/80 195/449/80
f 223/438/80 207/442/80 193/448/80
f 216/450/80 199/445/80 201/451/80
f 212/432/80 203/444/80 206/441/80
f 227/426/150 241/452/150 225/453/150
f 225/453/84 193/454/84 207/455/84
f 193/454/115 237/456/115 195/457/115
f 230/458/148 203/425/148 201/459/148
f 232/460/147 201/459/147 199/461/147
f 237/456/15 197/462/15 195/457/15
f 197/462/149 232/463/149 199/464/149
f 206/427/111 225/453/111 207/455/111
f 244/465/14 344/283/14 243/466/14
f 228/467/14 243/466/14 227/426/14
f 241/452/151 239/468/151 225/453/151
f 250/469/152 237/456/152 239/468/152
f 230/458/153 244/465/153 228/467/153
f 248/470/15 234/471/15 237/456/15
f 234/471/154 246/472/154 232/463/154
f 349/473/15 246/472/15 248/470/15
f 341/474/155 243/475/155 344/476/155
f 229/477/156 271/478/156 250/469/156
f 271/478/92 348/479/92 248/470/92
f 338/480/93 337/481/93 230/458/93
f 355/482/14 385/483/14 366/484/14
f 381/485/157 402/486/157 380/487/157
f 363/488/15 394/489/15 357/490/15
f 362/491/158 387/492/158 390/493/158
f 385/483/159 368/494/159 366/484/159
f 391/495/160 362/491/160 390/493/160
f 394/489/161 359/496/161 357/490/161
f 355/482/162 397/497/162 400/498/162
f 359/496/163 397/497/163 354/499/163
f 384/500/164 387/492/164 385/483/164
f 380/501/164 391/495/164 390/493/164
f 376/502/164 396/503/164 394/489/164
f 370/504/164 397/497/164 372/505/164
f 372/505/164 396/503/164 374/506/164
f 384/500/164 400/498/164 370/504/164
f 378/507/164 394/489/164 391/508/164
f 381/509/164 390/493/164 387/492/164
f 515/510/14 384/511/14 454/512/14
f 370/513/165 451/514/165 454/512/165
f 378/515/166 402/486/166 445/516/166
f 445/517/15 444/518/15 452/519/15
f 376/520/167 453/521/167 374/522/167
f 449/523/3 402/524/3 431/525/3
f 443/526/1 520/527/1 525/528/1
f 525/528/1 520/527/1 521/529/1
f 445/530/168 449/523/168 456/531/168
f 435/532/14 411/533/14 421/534/14
f 443/535/169 433/536/169 432/537/169
f 412/538/15 438/539/15 418/540/15
f 437/541/170 423/542/170 416/543/170
f 423/542/171 435/532/171 421/534/171
f 438/539/172 416/543/172 418/540/172
f 412/544/173 440/545/173 439/546/173
f 441/547/174 411/533/174 442/548/174
f 441/547/175 414/549/175 409/550/175
f 434/551/176 436/552/176 433/553/176
f 437/541/176 430/554/176 432/555/176
f 429/556/176 440/545/176 428/557/176
f 441/547/176 425/558/176 427/559/176
f 440/545/176 427/559/176 428/557/176
f 442/548/176 434/551/176 425/558/176
f 430/554/176 439/560/176 429/561/176
f 433/553/176 437/541/176 432/555/176
f 454/512/14 434/562/14 527/563/14
f 430/564/177 443/535/177 432/537/177
f 430/564/15 429/565/15 452/519/15
f 429/566/178 453/521/178 452/567/178
f 453/521/179 427/568/179 451/514/179
f 444/569/180 450/570/180 443/526/180
f 456/571/181 444/569/181 445/572/181
f 372/573/182 453/521/182 451/514/182
f 425/574/183 451/514/183 427/568/183
f 405/575/104 458/576/104 448/577/104
f 459/578/1 469/579/1 461/580/1
f 450/581/184 455/582/184 459/583/184
f 471/584/185 479/585/185 475/586/185
f 526/587/186 460/588/186 405/575/186
f 526/587/187 461/589/187 462/590/187
f 456/591/188 449/592/188 457/593/188
f 448/577/3 457/593/3 449/592/3
f 407/594/1 459/583/1 461/589/1
f 464/595/189 473/596/189 472/597/189
f 458/598/190 468/599/190 466/600/190
f 459/578/191 463/601/191 467/602/191
f 456/603/192 463/601/192 455/604/192
f 462/605/193 468/599/193 460/606/193
f 461/580/194 470/607/194 462/605/194
f 457/608/195 464/595/195 456/609/195
f 457/608/3 466/600/3 465/610/3
f 470/607/196 484/611/196 468/599/196
f 465/610/3 474/612/3 473/596/3
f 467/602/1 476/613/1 469/579/1
f 466/600/197 468/599/197 474/612/197
f 463/601/198 475/586/198 467/602/198
f 464/614/199 471/584/199 463/601/199
f 470/607/200 469/579/200 476/613/200
f 472/615/201 447/616/201 471/584/201
f 468/599/202 478/617/202 474/612/202
f 472/597/203 477/618/203 446/619/203
f 473/596/3 478/617/3 477/618/3
f 470/607/204 480/620/204 483/621/204
f 475/586/1 480/620/1 476/613/1
f 483/621/205 496/622/205 491/623/205
f 446/619/206 485/624/206 481/625/206
f 446/626/207 482/627/207 447/616/207
f 479/585/1 488/628/1 480/620/1
f 478/617/208 484/611/208 486/629/208
f 477/618/3 486/629/3 485/624/3
f 447/616/209 487/630/209 479/585/209
f 489/631/210 498/632/210 490/633/210
f 483/621/211 492/634/211 484/611/211
f 485/624/3 494/635/3 493/636/3
f 481/625/212 493/636/212 489/637/212
f 484/611/213 494/635/213 486/629/213
f 482/627/214 489/638/214 490/639/214
f 482/627/215 495/640/215 487/630/215
f 487/630/1 496/622/1 488/628/1
f 500/641/216 510/642/216 502/643/216
f 490/633/217 503/644/217 495/645/217
f 495/645/218 504/646/218 496/647/218
f 491/648/219 504/646/219 499/649/219
f 491/648/220 500/641/220 492/650/220
f 493/651/221 502/643/221 501/652/221
f 489/653/222 501/652/222 497/654/222
f 492/650/223 502/643/223 494/655/223
f 497/656/224 506/657/224 498/632/224
f 498/632/225 511/658/225 503/644/225
f 503/644/226 512/659/226 504/646/226
f 499/649/227 512/659/227 507/660/227
f 499/649/228 508/661/228 500/641/228
f 501/652/229 510/642/229 509/662/229
f 497/654/230 509/662/230 505/663/230
f 365/664/231 399/665/231 386/666/231
f 379/667/3 403/668/3 404/669/3
f 358/670/91 392/671/91 393/672/91
f 367/673/3 389/674/3 361/675/3
f 386/666/190 367/673/190 365/664/190
f 364/676/232 389/677/232 392/671/232
f 358/670/233 395/678/233 360/679/233
f 356/680/194 398/681/194 399/665/194
f 360/679/1 398/681/1 353/682/1
f 383/683/234 388/684/234 386/666/234
f 377/685/234 389/677/234 379/686/234
f 375/687/234 395/678/234 393/672/234
f 369/688/234 398/681/234 371/689/234
f 373/690/234 398/681/234 395/678/234
f 383/683/234 399/665/234 369/688/234
f 375/687/234 392/671/234 377/685/234
f 379/691/234 388/684/234 382/692/234
f 403/668/235 417/693/235 419/694/235
f 369/695/231 401/696/231 383/697/231
f 371/698/194 415/699/194 369/695/194
f 379/667/232 406/700/232 377/701/232
f 377/702/91 408/703/91 375/704/91
f 373/705/1 413/706/1 371/698/1
f 373/705/233 408/703/233 410/707/233
f 382/708/190 401/696/190 403/668/190
f 420/709/3 431/525/3 519/710/3
f 404/669/3 419/694/3 420/709/3
f 415/699/236 417/693/236 401/696/236
f 413/706/237 426/711/237 415/699/237
f 406/700/238 404/669/238 420/709/238
f 410/707/1 424/712/1 413/706/1
f 410/707/239 408/703/239 422/713/239
f 422/713/1 525/528/1 524/714/1
f 420/715/240 519/716/240 518/717/240
f 417/693/241 526/718/241 405/719/241
f 408/703/242 527/720/242 528/721/242
f 424/712/80 523/722/80 526/718/80
f 513/723/93 514/724/93 408/703/93
f 561/725/15 531/726/15 542/727/15
f 578/728/157 557/729/157 556/730/157
f 570/731/14 539/732/14 533/733/14
f 538/734/158 563/735/158 544/736/158
f 542/727/160 563/735/160 561/725/160
f 567/737/159 538/734/159 539/732/159
f 535/738/162 570/739/162 533/740/162
f 573/741/161 531/726/161 576/742/161
f 573/741/163 535/738/163 530/743/163
f 560/744/164 563/735/164 557/745/164
f 566/746/164 554/747/164 556/748/164
f 552/749/164 572/750/164 550/751/164
f 573/741/164 546/752/164 548/753/164
f 572/750/164 548/753/164 550/751/164
f 576/742/164 560/744/164 546/752/164
f 554/747/164 570/731/164 552/754/164
f 563/735/164 556/748/164 557/745/164
f 630/755/15 546/756/15 560/757/15
f 546/756/167 627/758/167 548/759/167
f 554/760/243 578/728/243 556/730/243
f 554/760/14 628/761/14 621/762/14
f 629/763/244 552/764/244 550/765/244
f 557/729/245 693/766/245 689/767/245
f 695/768/3 611/769/3 578/770/3
f 696/771/1 619/772/1 701/773/1
f 626/774/1 697/775/1 698/776/1
f 621/777/246 625/778/246 578/770/246
f 587/779/15 610/780/15 597/781/15
f 608/782/169 619/783/169 607/784/169
f 588/785/14 614/786/14 615/787/14
f 599/788/170 613/789/170 592/790/170
f 610/780/172 599/788/172 597/781/172
f 614/791/171 592/790/171 613/789/171
f 588/785/174 616/792/174 590/793/174
f 587/779/173 617/794/173 618/795/173
f 590/793/175 617/794/175 585/796/175
f 609/797/176 612/798/176 610/780/176
f 607/799/176 614/791/176 613/789/176
f 605/800/176 616/792/176 615/787/176
f 601/801/176 617/794/176 603/802/176
f 603/802/176 616/792/176 604/803/176
f 609/797/176 618/795/176 601/801/176
f 605/800/176 614/786/176 606/804/176
f 607/799/176 612/798/176 608/805/176
f 704/806/15 609/807/15 630/755/15
f 606/808/247 619/783/247 620/809/247
f 629/763/248 605/810/248 628/811/248
f 629/763/179 603/812/179 604/813/179
f 701/814/249 608/782/249 703/815/249
f 620/816/250 626/774/250 631/817/250
f 620/818/251 632/819/251 621/777/251
f 548/759/182 629/763/182 550/765/182
f 601/820/252 627/758/252 630/755/252
f 634/821/108 581/822/108 624/823/108
f 645/824/1 635/825/1 637/826/1
f 626/827/253 635/828/253 631/829/253
f 656/830/254 647/831/254 651/832/254
f 636/833/255 702/834/255 581/822/255
f 702/834/256 637/835/256 583/836/256
f 632/837/257 633/838/257 625/839/257
f 633/838/3 624/823/3 625/839/3
f 583/836/1 635/828/1 626/827/1
f 640/840/258 649/841/258 641/842/258
f 634/843/259 644/844/259 636/845/259
f 635/825/260 639/846/260 631/847/260
f 639/848/261 632/849/261 631/850/261
f 636/845/262 646/851/262 638/852/262
f 646/851/263 637/826/263 638/852/263
f 640/840/264 633/853/264 632/849/264
f 633/853/3 642/854/3 634/843/3
f 644/844/265 652/855/265 646/851/265
f 641/842/3 650/856/3 642/854/3
f 653/857/1 643/858/1 645/824/1
f 642/854/266 650/856/266 644/844/266
f 651/832/267 639/846/267 643/858/267
f 647/859/268 640/840/268 639/848/268
f 646/851/269 653/857/269 645/824/269
f 647/859/270 622/860/270 648/861/270
f 655/862/271 644/844/271 650/856/271
f 648/861/272 654/863/272 649/841/272
f 649/841/3 655/862/3 650/856/3
f 646/851/273 657/864/273 653/857/273
f 657/864/1 651/832/1 653/857/1
f 652/855/274 672/865/274 664/866/274
f 622/860/275 661/867/275 654/863/275
f 659/868/276 622/860/276 623/869/276
f 664/866/1 656/830/1 657/864/1
f 654/863/3 662/870/3 655/862/3
f 663/871/277 623/872/277 656/830/277
f 674/873/278 665/874/278 666/875/278
f 668/876/279 652/855/279 660/877/279
f 661/867/3 670/878/3 662/870/3
f 658/879/280 669/880/280 661/867/280
f 670/878/281 660/877/281 662/870/281
f 659/868/282 665/881/282 658/879/282
f 671/882/283 659/883/283 663/871/283
f 672/865/1 663/871/1 664/866/1
f 686/884/284 676/885/284 678/886/284
f 679/887/285 666/888/285 671/889/285
f 680/890/218 671/889/218 672/891/218
f 667/892/286 680/890/286 672/891/286
f 676/885/287 667/892/287 668/893/287
f 669/894/221 678/886/221 670/895/221
f 665/874/288 677/896/288 669/894/288
f 678/886/289 668/893/289 670/895/289
f 682/897/290 673/898/290 674/873/290
f 687/899/291 674/900/291 679/887/291
f 688/901/226 679/887/226 680/890/226
f 675/902/292 688/901/292 680/890/292
f 684/903/293 675/902/293 676/885/293
f 677/896/229 686/884/229 678/886/229
f 673/898/294 685/904/294 677/896/294
f 541/905/234 575/906/234 532/907/234
f 555/908/3 579/909/3 558/910/3
f 569/911/295 540/912/295 534/913/295
f 537/914/3 564/915/3 543/916/3
f 541/905/259 564/915/259 562/917/259
f 565/918/296 540/912/296 568/919/296
f 534/913/297 571/920/297 569/911/297
f 575/906/263 529/921/263 532/907/263
f 574/922/1 536/923/1 529/921/1
f 559/924/231 564/915/231 558/925/231
f 565/918/231 553/926/231 555/927/231
f 551/928/231 571/920/231 549/929/231
f 574/922/231 545/930/231 547/931/231
f 571/932/231 547/931/231 549/933/231
f 575/906/231 559/924/231 545/930/231
f 568/919/231 551/928/231 553/926/231
f 564/915/231 555/927/231 558/925/231
f 579/909/298 593/934/298 577/935/298
f 577/935/234 545/936/234 559/937/234
f 591/938/263 547/939/263 545/936/263
f 582/940/296 555/908/296 553/941/296
f 584/942/295 553/941/295 551/943/295
f 589/944/1 549/945/1 547/939/1
f 549/945/297 584/946/297 551/947/297
f 579/909/259 559/937/259 558/910/259
f 596/948/3 695/768/3 595/949/3
f 580/950/3 595/949/3 579/909/3
f 577/935/299 602/951/299 591/938/299
f 602/951/300 589/944/300 591/938/300
f 582/940/301 596/948/301 580/950/301
f 600/952/1 586/953/1 589/944/1
f 586/953/302 598/954/302 584/946/302
f 700/955/1 598/954/1 600/952/1
f 693/956/81 611/769/81 596/948/81
f 694/957/303 595/958/303 695/959/303
f 581/960/304 702/961/304 602/951/304
f 699/962/1 698/963/1 600/964/1
f 691/965/93 690/966/93 582/940/93
f 3/1/1 48/17/1 33/2/1
f 29/4/305 166/967/305 50/5/305
f 5/7/3 11/968/3 39/8/3
f 16/10/4 35/20/4 38/11/4
f 33/2/5 35/20/5 16/10/5
f 39/8/6 11/968/6 10/12/6
f 5/13/7 42/23/7 44/14/7
f 3/1/8 2/18/8 45/16/8
f 7/15/9 44/14/9 45/16/9
f 32/19/10 29/28/10 35/20/10
f 28/21/10 26/27/10 39/8/10
f 24/22/10 22/26/10 44/14/10
f 18/24/10 48/17/10 45/16/10
f 20/25/10 45/16/10 44/14/10
f 32/19/10 33/2/10 48/17/10
f 26/27/10 24/969/10 42/9/10
f 28/21/10 38/11/10 35/20/10
f 164/29/1 161/970/1 32/30/1
f 32/30/1 18/32/1 102/31/1
f 102/31/1 163/971/1 162/972/1
f 162/972/1 164/29/1 102/31/1
f 18/32/95 20/92/95 99/33/95
f 26/34/306 28/6/306 50/5/306
f 100/973/3 24/974/3 26/34/3
f 26/34/3 92/35/3 100/973/3
f 24/39/307 100/86/307 101/40/307
f 166/967/308 29/4/308 161/970/308
f 29/4/309 32/30/309 161/970/309
f 165/975/14 96/976/14 168/44/14
f 96/976/14 97/42/14 168/44/14
f 50/43/14 166/977/14 167/229/14
f 50/43/14 167/229/14 168/44/14
f 90/45/15 170/48/15 169/46/15
f 90/45/15 98/89/15 170/48/15
f 98/89/15 55/978/15 171/979/15
f 170/48/15 98/89/15 171/979/15
f 55/978/15 172/238/15 171/979/15
f 171/979/15 173/233/15 170/48/15
f 173/233/15 174/47/15 170/48/15
f 92/49/246 50/43/246 97/42/246
f 96/976/310 165/975/310 53/235/310
f 172/238/311 55/978/311 95/234/311
f 82/51/1 89/68/1 59/52/1
f 90/54/312 174/980/312 80/55/312
f 60/57/3 86/66/3 85/58/3
f 84/60/18 83/72/18 71/61/18
f 71/61/19 83/72/19 82/51/19
f 85/63/20 84/60/20 64/62/20
f 60/57/21 62/70/21 87/65/21
f 88/67/22 57/69/22 59/52/22
f 57/69/23 88/67/23 87/65/23
f 81/71/24 82/51/24 83/72/24
f 84/60/24 85/63/24 78/74/24
f 77/76/24 86/66/24 87/65/24
f 88/67/24 89/68/24 73/78/24
f 87/65/24 88/67/24 75/79/24
f 89/68/24 82/51/24 81/71/24
f 78/80/24 85/58/24 86/66/24
f 83/72/24 84/60/24 79/75/24
f 102/31/1 73/93/1 81/81/1
f 81/81/1 175/981/1 176/82/1
f 176/82/1 163/971/1 102/31/1
f 78/83/313 91/37/313 90/54/313
f 91/37/3 78/83/3 100/38/3
f 77/85/314 76/982/314 101/40/314
f 101/40/27 76/982/27 75/87/27
f 175/981/315 81/81/315 80/55/315
f 80/55/316 174/980/316 175/981/316
f 91/88/317 103/983/317 98/89/317
f 104/90/29 103/983/29 91/88/29
f 20/92/30 22/41/30 101/40/30
f 73/93/318 102/31/318 99/33/318
f 53/94/319 108/107/319 106/95/319
f 107/97/15 115/121/15 117/98/15
f 119/103/34 94/135/34 128/104/34
f 95/106/35 110/109/35 108/107/35
f 95/106/320 55/113/320 109/108/320
f 96/96/14 106/95/14 105/112/14
f 55/113/15 98/100/15 107/102/15
f 112/114/321 113/129/321 121/115/321
f 106/117/39 108/125/39 116/118/39
f 107/97/40 103/123/40 111/120/40
f 104/122/41 112/133/41 111/120/41
f 110/124/42 118/126/42 116/118/42
f 109/99/43 117/98/43 118/126/43
f 105/127/44 113/129/44 112/114/44
f 105/127/14 106/117/14 114/119/14
f 118/126/322 132/140/322 125/130/322
f 113/129/14 114/119/14 122/131/14
f 115/121/15 123/105/15 124/132/15
f 111/120/323 119/103/323 123/105/323
f 112/133/48 120/134/48 119/103/48
f 120/134/50 93/145/50 94/135/50
f 116/118/51 125/130/51 127/136/51
f 120/116/52 121/115/52 126/137/52
f 121/115/14 122/131/14 127/136/14
f 118/126/324 124/132/324 129/139/324
f 123/105/15 128/104/15 129/139/15
f 132/140/54 136/147/54 144/141/54
f 93/138/325 126/137/325 133/143/325
f 93/145/56 130/157/56 131/146/56
f 128/104/15 135/149/15 136/147/15
f 126/137/14 127/136/14 134/148/14
f 94/135/206 131/146/206 135/149/206
f 129/139/326 136/147/326 132/140/326
f 137/150/59 145/175/59 146/151/59
f 132/140/327 139/142/327 140/153/327
f 133/143/14 134/148/14 142/154/14
f 130/144/61 133/143/61 141/155/61
f 125/130/328 140/153/328 142/154/328
f 130/157/63 137/984/63 138/158/63
f 131/146/64 138/158/64 143/159/64
f 135/149/15 143/159/15 144/141/15
f 148/160/65 156/180/65 158/161/65
f 138/152/66 146/151/66 151/163/66
f 143/164/67 151/163/67 152/165/67
f 139/167/68 144/166/68 152/165/68
f 139/167/69 147/168/69 148/160/69
f 141/170/70 142/174/70 150/162/70
f 137/172/71 141/170/71 149/171/71
f 140/169/72 148/160/72 150/162/72
f 145/175/73 153/985/73 154/176/73
f 146/151/74 154/176/74 159/177/74
f 151/163/75 159/177/75 160/178/75
f 147/168/76 152/165/76 160/178/76
f 148/160/77 147/168/77 155/179/77
f 149/171/78 150/162/78 158/161/78
f 145/173/79 149/171/79 157/181/79
f 4/183/80 47/199/80 34/184/80
f 27/186/14 30/227/14 51/187/14
f 12/189/81 40/196/81 41/190/81
f 9/192/14 15/195/14 36/193/14
f 34/184/39 36/193/39 15/195/39
f 12/189/82 9/192/82 37/194/82
f 41/190/83 43/207/83 8/197/83
f 4/183/43 1/201/43 46/198/43
f 8/200/15 43/211/15 46/198/15
f 30/202/84 36/193/84 34/184/84
f 25/204/84 40/196/84 37/194/84
f 23/206/84 21/986/84 43/207/84
f 17/208/84 47/199/84 46/198/84
f 21/210/84 19/209/84 46/198/84
f 31/203/84 34/184/84 47/199/84
f 23/206/84 41/190/84 40/196/84
f 27/205/84 37/194/84 36/193/84
f 51/187/85 49/216/85 65/212/85
f 31/214/80 17/218/80 63/215/80
f 19/217/43 61/225/43 63/215/43
f 27/186/82 52/188/82 54/219/82
f 25/221/81 54/987/81 56/222/81
f 21/224/15 58/226/15 61/225/15
f 21/224/83 23/223/83 56/222/83
f 30/227/39 31/214/39 49/216/39
f 68/228/14 67/213/14 168/44/14
f 52/188/14 51/187/14 67/213/14
f 63/215/86 74/230/86 65/212/86
f 61/225/87 72/231/87 74/230/87
f 58/226/15 70/232/15 72/231/15
f 173/233/15 171/979/15 72/231/15
f 72/231/15 70/232/15 173/233/15
f 166/977/329 161/988/329 68/228/329
f 161/988/295 164/989/295 54/219/295
f 161/988/329 54/219/329 68/228/329
f 166/977/330 68/228/330 167/229/330
f 67/213/331 65/212/331 53/235/331
f 67/213/332 53/235/332 165/975/332
f 168/44/155 67/213/155 165/975/155
f 65/212/90 74/230/90 53/235/90
f 175/237/333 174/47/333 70/232/333
f 70/232/333 56/222/333 175/237/333
f 95/234/334 74/230/334 72/231/334
f 72/231/335 171/979/335 172/238/335
f 163/240/93 176/236/93 56/222/93
f 56/222/93 54/987/93 162/239/93
f 54/987/93 164/990/93 162/239/93
f 209/241/3 224/256/3 179/242/3
f 226/244/336 342/281/336 205/245/336
f 181/253/1 218/255/1 215/991/1
f 214/250/4 211/261/4 192/251/4
f 192/251/6 211/261/6 209/241/6
f 215/248/5 214/250/5 186/252/5
f 181/253/8 183/259/8 220/254/8
f 224/256/7 221/258/7 178/257/7
f 221/258/9 220/254/9 183/259/9
f 208/260/10 209/241/10 211/261/10
f 204/263/10 214/250/10 215/248/10
f 200/265/10 218/255/10 220/254/10
f 221/258/10 224/256/10 194/267/10
f 220/254/10 221/258/10 196/268/10
f 224/256/10 209/241/10 208/260/10
f 202/269/10 215/991/10 218/255/10
f 211/261/10 214/250/10 204/263/10
f 208/272/337 340/282/337 339/992/337
f 337/993/3 338/994/3 278/270/3
f 208/272/3 339/992/3 278/270/3
f 339/992/3 337/993/3 278/270/3
f 194/271/338 278/270/338 275/273/338
f 202/275/339 268/995/339 226/244/339
f 276/277/1 267/996/1 268/995/1
f 268/995/1 202/275/1 276/277/1
f 277/278/340 276/328/340 200/279/340
f 340/282/341 208/272/341 205/245/341
f 273/293/14 272/997/14 344/283/14
f 272/997/14 341/998/14 344/283/14
f 342/999/14 226/285/14 343/284/14
f 273/293/14 344/283/14 226/285/14
f 345/286/15 346/290/15 266/287/15
f 346/290/15 345/286/15 350/288/15
f 350/288/15 349/473/15 346/290/15
f 349/473/15 347/291/15 346/290/15
f 347/291/15 348/479/15 231/1000/15
f 231/1000/15 274/289/15 347/291/15
f 274/289/15 266/287/15 346/290/15
f 268/292/342 280/336/342 273/293/342
f 341/998/343 272/997/343 229/477/343
f 231/1000/344 348/479/344 271/478/344
f 235/294/3 265/311/3 258/295/3
f 256/297/345 350/331/345 266/298/345
f 236/300/1 242/306/1 261/301/1
f 247/303/18 259/314/18 260/304/18
f 258/295/20 259/314/20 247/303/20
f 242/306/19 240/305/19 260/304/19
f 236/307/22 262/318/22 263/308/22
f 235/294/21 233/312/21 264/310/21
f 238/309/23 263/308/23 264/310/23
f 257/313/24 256/322/24 259/314/24
f 254/315/24 261/301/24 260/304/24
f 253/317/24 252/321/24 263/308/24
f 249/319/24 265/311/24 264/310/24
f 251/320/24 264/310/24 263/308/24
f 257/313/24 258/295/24 265/311/24
f 254/315/24 253/1001/24 262/302/24
f 255/316/24 260/304/24 259/314/24
f 351/323/346 352/332/346 257/324/346
f 278/270/3 338/994/3 351/323/3
f 257/324/3 249/337/3 278/270/3
f 254/325/347 255/299/347 266/298/347
f 276/1002/1 253/1003/1 254/325/1
f 254/325/1 267/326/1 276/1002/1
f 277/278/348 252/330/348 253/327/348
f 277/278/27 275/273/27 251/329/27
f 256/297/349 257/324/349 352/332/349
f 267/333/180 266/287/180 274/289/180
f 267/335/102 279/1004/102 280/336/102
f 196/274/30 275/273/30 277/278/30
f 249/337/350 251/329/350 275/273/350
f 282/338/351 284/350/351 229/339/351
f 293/341/15 291/375/15 283/342/15
f 303/347/106 270/389/106 295/348/106
f 284/350/107 286/1005/107 271/351/107
f 271/351/352 286/1005/352 285/352/352
f 281/355/14 282/338/14 272/340/14
f 231/353/15 285/352/15 283/345/15
f 288/357/353 296/378/353 297/358/353
f 282/360/111 290/371/111 292/361/111
f 283/342/112 291/375/112 287/363/112
f 287/365/113 288/357/113 280/366/113
f 292/361/114 294/369/114 286/368/114
f 294/369/115 293/341/115 285/343/115
f 288/357/116 289/359/116 281/370/116
f 281/370/14 289/359/14 290/371/14
f 292/361/117 308/394/117 307/372/117
f 289/359/14 297/358/14 298/373/14
f 300/374/15 299/349/15 291/375/15
f 299/349/354 295/348/354 287/363/354
f 295/376/120 296/378/120 288/357/120
f 270/377/122 269/384/122 296/378/122
f 302/379/355 308/394/355 292/361/355
f 296/378/124 269/384/124 301/380/124
f 297/358/14 301/380/14 302/379/14
f 294/369/356 307/372/356 304/381/356
f 304/381/15 303/347/15 299/349/15
f 307/372/126 315/1006/126 320/382/126
f 269/384/357 305/396/357 309/385/357
f 306/386/128 305/396/128 269/384/128
f 312/383/15 311/388/15 303/347/15
f 302/379/358 310/387/358 308/394/358
f 301/380/14 309/385/14 310/387/14
f 311/388/359 306/400/359 270/389/359
f 307/372/360 312/383/360 304/381/360
f 322/390/130 321/415/130 313/391/130
f 316/393/131 315/1006/131 307/372/131
f 309/385/14 317/397/14 318/395/14
f 305/396/132 313/398/132 317/397/132
f 318/395/133 316/393/133 308/394/133
f 306/386/134 314/1007/134 313/398/134
f 319/399/135 314/1008/135 306/400/135
f 320/382/15 319/399/15 311/388/15
f 334/401/136 332/420/136 324/402/136
f 327/404/137 322/417/137 314/405/137
f 328/407/67 327/404/67 319/406/67
f 315/409/138 323/419/138 328/407/138
f 324/402/139 323/419/139 315/409/139
f 317/411/70 325/413/70 326/403/70
f 313/391/140 321/415/140 325/413/140
f 326/403/141 324/402/141 316/410/141
f 322/390/142 330/1009/142 329/414/142
f 335/416/143 330/1010/143 322/417/143
f 336/418/75 335/416/75 327/404/75
f 323/419/144 331/1011/144 336/418/144
f 332/420/145 331/1011/145 323/419/145
f 325/413/78 333/421/78 334/401/78
f 321/415/146 329/414/146 333/421/146
f 210/422/84 223/438/84 180/423/84
f 203/425/14 228/467/14 227/426/14
f 217/428/147 216/450/147 188/429/147
f 185/431/14 213/434/14 212/432/14
f 191/433/111 212/432/111 210/422/111
f 213/434/148 185/431/148 188/435/148
f 184/437/149 219/446/149 217/428/149
f 223/438/115 222/440/115 177/439/115
f 222/440/15 219/446/15 184/437/15
f 210/422/80 212/432/80 206/441/80
f 213/434/80 216/436/80 201/443/80
f 199/445/80 217/428/80 219/446/80
f 222/440/80 223/438/80 193/448/80
f 197/447/80 219/446/80 222/440/80
f 223/438/80 210/422/80 207/442/80
f 216/450/80 217/428/80 199/445/80
f 212/432/80 213/434/80 203/444/80
f 227/426/150 243/466/150 241/452/150
f 225/453/84 239/468/84 193/454/84
f 193/454/115 239/468/115 237/456/115
f 230/458/148 228/467/148 203/425/148
f 232/460/147 230/458/147 201/459/147
f 237/456/15 234/471/15 197/462/15
f 197/462/149 234/471/149 232/463/149
f 206/427/111 227/426/111 225/453/111
f 244/465/14 343/284/14 344/283/14
f 228/467/14 244/465/14 243/466/14
f 241/452/151 250/469/151 239/468/151
f 250/469/152 248/470/152 237/456/152
f 248/470/15 246/472/15 234/471/15
f 248/470/15 347/291/15 349/473/15
f 349/473/15 350/288/15 246/472/15
f 340/1012/329 342/1013/329 244/465/329
f 244/465/329 230/458/329 340/1012/329
f 230/458/329 339/1014/329 340/1012/329
f 342/1015/361 343/1016/361 244/1017/361
f 341/998/332 229/477/332 243/466/332
f 229/477/362 241/452/362 243/466/362
f 250/469/156 241/452/156 229/477/156
f 352/1018/333 351/1019/333 232/463/333
f 232/463/333 246/472/333 352/1018/333
f 352/1018/333 246/472/333 350/288/333
f 248/470/363 250/469/363 271/478/363
f 348/1020/155 347/1021/155 248/1022/155
f 232/460/93 351/1023/93 338/480/93
f 337/481/93 339/1014/93 230/458/93
f 232/460/93 338/480/93 230/458/93
f 355/482/14 400/498/14 385/483/14
f 381/485/364 518/1024/364 402/486/364
f 363/488/15 391/508/15 394/489/15
f 362/491/158 368/494/158 387/492/158
f 385/483/159 387/492/159 368/494/159
f 391/508/160 363/488/160 362/1025/160
f 394/489/161 396/503/161 359/496/161
f 355/482/162 354/499/162 397/497/162
f 359/496/163 396/503/163 397/497/163
f 384/500/164 381/509/164 387/492/164
f 380/501/164 378/1026/164 391/495/164
f 376/502/164 374/506/164 396/503/164
f 370/504/164 400/498/164 397/497/164
f 372/505/164 397/497/164 396/503/164
f 384/500/164 385/483/164 400/498/164
f 378/507/164 376/502/164 394/489/164
f 381/509/164 380/501/164 390/493/164
f 515/510/365 516/1027/365 384/511/365
f 384/511/14 370/513/14 454/512/14
f 454/512/14 514/1028/14 513/1029/14
f 513/1029/14 515/510/14 454/512/14
f 370/513/244 372/573/244 451/514/244
f 378/515/366 380/487/366 402/486/366
f 452/1030/15 376/1031/15 378/515/15
f 378/515/15 445/516/15 452/1030/15
f 376/520/367 452/567/367 453/521/367
f 518/1024/368 381/485/368 516/1027/368
f 381/485/369 384/511/369 516/1027/369
f 517/1032/3 448/1033/3 431/525/3
f 448/1033/3 449/523/3 431/525/3
f 402/524/3 518/1034/3 519/710/3
f 402/524/3 519/710/3 431/525/3
f 521/529/1 520/527/1 443/526/1
f 443/526/1 450/570/1 521/529/1
f 450/570/1 407/1035/1 522/1036/1
f 521/529/1 450/570/1 522/1036/1
f 407/1035/1 523/722/1 522/1036/1
f 522/1036/1 524/714/1 521/529/1
f 524/714/1 525/528/1 521/529/1
f 445/530/28 402/524/28 449/523/28
f 448/1033/343 517/1032/343 405/719/343
f 523/722/310 407/1035/310 526/718/310
f 435/532/14 442/548/14 411/533/14
f 443/535/370 525/1037/370 433/536/370
f 412/538/15 439/560/15 438/539/15
f 437/541/170 436/552/170 423/542/170
f 423/542/171 436/552/171 435/532/171
f 438/539/172 437/541/172 416/543/172
f 412/544/173 414/549/173 440/545/173
f 441/547/174 409/550/174 411/533/174
f 441/547/175 440/545/175 414/549/175
f 434/551/176 435/532/176 436/552/176
f 437/541/176 438/539/176 430/554/176
f 429/556/176 439/546/176 440/545/176
f 441/547/176 442/548/176 425/558/176
f 440/545/176 441/547/176 427/559/176
f 442/548/176 435/532/176 434/551/176
f 430/554/176 438/539/176 439/560/176
f 433/553/176 436/552/176 437/541/176
f 454/512/14 425/574/14 434/562/14
f 434/562/371 528/1038/371 527/563/371
f 527/563/14 514/1028/14 454/512/14
f 430/564/372 444/518/372 443/535/372
f 444/518/15 430/564/15 452/519/15
f 429/566/373 428/1039/373 453/521/373
f 453/521/179 428/1039/179 427/568/179
f 528/1038/374 434/562/374 433/536/374
f 433/536/375 525/1037/375 528/1038/375
f 444/569/376 455/1040/376 450/570/376
f 456/571/181 455/1040/181 444/569/181
f 372/573/182 374/522/182 453/521/182
f 425/574/377 454/512/377 451/514/377
f 405/575/378 460/588/378 458/576/378
f 459/578/1 467/602/1 469/579/1
f 471/584/185 447/616/185 479/585/185
f 526/587/379 462/590/379 460/588/379
f 526/587/380 407/594/380 461/589/380
f 448/577/3 458/576/3 457/593/3
f 407/594/1 450/581/1 459/583/1
f 464/595/381 465/610/381 473/596/381
f 458/598/190 460/606/190 468/599/190
f 459/578/191 455/604/191 463/601/191
f 456/603/192 464/614/192 463/601/192
f 462/605/193 470/607/193 468/599/193
f 461/580/194 469/579/194 470/607/194
f 457/608/195 465/610/195 464/595/195
f 457/608/3 458/598/3 466/600/3
f 470/607/196 483/621/196 484/611/196
f 465/610/3 466/600/3 474/612/3
f 467/602/1 475/586/1 476/613/1
f 463/601/382 471/584/382 475/586/382
f 464/614/199 472/615/199 471/584/199
f 472/615/201 446/626/201 447/616/201
f 468/599/383 484/611/383 478/617/383
f 472/597/203 473/596/203 477/618/203
f 473/596/3 474/612/3 478/617/3
f 470/607/384 476/613/384 480/620/384
f 475/586/1 479/585/1 480/620/1
f 483/621/205 488/628/205 496/622/205
f 446/619/385 477/618/385 485/624/385
f 446/626/207 481/1041/207 482/627/207
f 479/585/1 487/630/1 488/628/1
f 477/618/3 478/617/3 486/629/3
f 447/616/359 482/627/359 487/630/359
f 480/620/386 488/628/386 483/621/386
f 489/631/210 497/656/210 498/632/210
f 483/621/211 491/623/211 492/634/211
f 485/624/3 486/629/3 494/635/3
f 481/625/212 485/624/212 493/636/212
f 484/611/213 492/634/213 494/635/213
f 482/627/214 481/1041/214 489/638/214
f 482/627/215 490/639/215 495/640/215
f 487/630/1 495/640/1 496/622/1
f 500/641/216 508/661/216 510/642/216
f 490/633/217 498/632/217 503/644/217
f 495/645/218 503/644/218 504/646/218
f 491/648/219 496/647/219 504/646/219
f 491/648/220 499/649/220 500/641/220
f 493/651/221 494/655/221 502/643/221
f 489/653/222 493/651/222 501/652/222
f 492/650/223 500/641/223 502/643/223
f 497/656/224 505/1042/224 506/657/224
f 498/632/225 506/657/225 511/658/225
f 503/644/226 511/658/226 512/659/226
f 499/649/227 504/646/227 512/659/227
f 499/649/228 507/660/228 508/661/228
f 501/652/229 502/643/229 510/642/229
f 497/654/230 501/652/230 509/662/230
f 365/664/231 356/680/231 399/665/231
f 379/667/3 382/708/3 403/668/3
f 358/670/91 364/676/91 392/671/91
f 367/673/3 388/684/3 389/674/3
f 386/666/190 388/684/190 367/673/190
f 364/676/232 361/1043/232 389/677/232
f 358/670/233 393/672/233 395/678/233
f 356/680/194 353/682/194 398/681/194
f 360/679/1 395/678/1 398/681/1
f 383/683/234 382/692/234 388/684/234
f 377/685/234 392/671/234 389/677/234
f 375/687/234 373/690/234 395/678/234
f 369/688/234 399/665/234 398/681/234
f 373/690/234 371/689/234 398/681/234
f 383/683/234 386/666/234 399/665/234
f 375/687/234 393/672/234 392/671/234
f 379/691/234 389/674/234 388/684/234
f 403/668/235 401/696/235 417/693/235
f 369/695/231 415/699/231 401/696/231
f 371/698/194 413/706/194 415/699/194
f 379/667/232 404/669/232 406/700/232
f 377/702/91 406/1044/91 408/703/91
f 373/705/1 410/707/1 413/706/1
f 373/705/233 375/704/233 408/703/233
f 382/708/190 383/697/190 401/696/190
f 420/709/3 419/694/3 431/525/3
f 404/669/3 403/668/3 419/694/3
f 415/699/236 426/711/236 417/693/236
f 413/706/237 424/712/237 426/711/237
f 410/707/1 422/713/1 424/712/1
f 524/714/1 522/1036/1 424/712/1
f 424/712/1 422/713/1 524/714/1
f 518/1045/387 516/1046/387 420/709/387
f 516/1046/387 515/1047/387 406/700/387
f 516/1046/387 406/700/387 420/709/387
f 419/694/388 417/693/388 405/719/388
f 419/694/389 405/719/389 517/1032/389
f 431/525/1 419/694/1 517/1032/1
f 417/693/155 426/711/155 526/718/155
f 528/721/242 525/528/242 422/713/242
f 422/713/242 408/703/242 528/721/242
f 526/718/80 426/711/80 424/712/80
f 424/712/390 522/1036/390 523/722/390
f 514/724/93 527/720/93 408/703/93
f 408/703/93 406/1044/93 513/723/93
f 406/1044/93 515/1048/93 513/723/93
f 561/725/15 576/742/15 531/726/15
f 578/728/391 693/766/391 557/729/391
f 570/731/14 567/737/14 539/732/14
f 538/734/158 566/746/158 563/735/158
f 542/727/160 544/736/160 563/735/160
f 567/737/159 566/746/159 538/734/159
f 535/738/162 572/750/162 570/739/162
f 573/741/161 530/743/161 531/726/161
f 573/741/163 572/750/163 535/738/163
f 560/744/164 561/725/164 563/735/164
f 566/746/164 567/737/164 554/747/164
f 552/749/164 570/739/164 572/750/164
f 573/741/164 576/742/164 546/752/164
f 572/750/164 573/741/164 548/753/164
f 576/742/164 561/725/164 560/744/164
f 554/747/164 567/737/164 570/731/164
f 563/735/164 566/746/164 556/748/164
f 560/757/15 689/767/15 692/1049/15
f 690/1050/15 691/1051/15 630/755/15
f 560/757/15 692/1049/15 630/755/15
f 692/1049/15 690/1050/15 630/755/15
f 546/756/392 630/755/392 627/758/392
f 554/760/393 621/762/393 578/728/393
f 552/1052/14 628/761/14 554/760/14
f 628/761/14 620/1053/14 621/762/14
f 629/763/394 628/811/394 552/764/394
f 689/767/395 560/757/395 557/729/395
f 625/778/3 624/1054/3 695/768/3
f 624/1054/3 694/1055/3 695/768/3
f 693/956/396 578/770/396 611/769/396
f 625/778/3 695/768/3 578/770/3
f 619/772/1 696/771/1 697/775/1
f 697/775/1 696/771/1 701/773/1
f 701/773/1 700/955/1 697/775/1
f 700/955/1 698/776/1 697/775/1
f 698/776/1 699/1056/1 583/1057/1
f 583/1057/1 626/774/1 698/776/1
f 626/774/1 619/772/1 697/775/1
f 621/777/397 632/819/397 625/778/397
f 694/1055/344 624/1054/344 581/960/344
f 583/1057/311 699/1056/311 702/961/311
f 587/779/15 618/795/15 610/780/15
f 608/782/398 701/814/398 619/783/398
f 588/785/14 594/1058/14 614/786/14
f 599/788/170 612/798/170 613/789/170
f 610/780/172 612/798/172 599/788/172
f 614/791/171 594/1059/171 592/790/171
f 588/785/174 615/787/174 616/792/174
f 587/779/173 585/796/173 617/794/173
f 590/793/175 616/792/175 617/794/175
f 609/797/176 608/805/176 612/798/176
f 607/799/176 606/1060/176 614/791/176
f 605/800/176 604/803/176 616/792/176
f 601/801/176 618/795/176 617/794/176
f 603/802/176 617/794/176 616/792/176
f 609/797/176 610/780/176 618/795/176
f 605/800/176 615/787/176 614/786/176
f 607/799/176 613/789/176 612/798/176
f 704/806/15 703/815/15 609/807/15
f 630/755/15 691/1051/15 704/806/15
f 609/807/15 601/820/15 630/755/15
f 606/808/399 607/784/399 619/783/399
f 628/1061/14 605/1062/14 606/808/14
f 606/808/14 620/809/14 628/1061/14
f 629/763/400 604/813/400 605/810/400
f 629/763/179 627/758/179 603/812/179
f 608/782/401 609/807/401 703/815/401
f 620/816/97 619/772/97 626/774/97
f 620/818/251 631/1063/251 632/819/251
f 548/759/182 627/758/182 629/763/182
f 601/820/402 603/812/402 627/758/402
f 634/821/403 636/833/403 581/822/403
f 645/824/1 643/858/1 635/825/1
f 656/830/254 623/872/254 647/831/254
f 636/833/404 638/1064/404 702/834/404
f 702/834/405 638/1064/405 637/835/405
f 633/838/3 634/821/3 624/823/3
f 583/836/1 637/835/1 635/828/1
f 640/840/406 648/861/406 649/841/406
f 634/843/259 642/854/259 644/844/259
f 635/825/260 643/858/260 639/846/260
f 639/848/261 640/840/261 632/849/261
f 636/845/262 644/844/262 646/851/262
f 646/851/263 645/824/263 637/826/263
f 640/840/264 641/842/264 633/853/264
f 633/853/3 641/842/3 642/854/3
f 644/844/407 660/877/407 652/855/407
f 641/842/3 649/841/3 650/856/3
f 653/857/1 651/832/1 643/858/1
f 651/832/408 647/831/408 639/846/408
f 647/859/268 648/861/268 640/840/268
f 647/859/270 623/869/270 622/860/270
f 655/862/409 660/877/409 644/844/409
f 648/861/272 622/860/272 654/863/272
f 649/841/3 654/863/3 655/862/3
f 646/851/273 652/855/273 657/864/273
f 657/864/1 656/830/1 651/832/1
f 652/855/410 667/1065/410 672/865/410
f 622/860/55 658/879/55 661/867/55
f 659/868/276 658/879/276 622/860/276
f 664/866/1 663/871/1 656/830/1
f 655/862/411 662/870/411 660/877/411
f 654/863/3 661/867/3 662/870/3
f 663/871/357 659/883/357 623/872/357
f 652/855/412 664/866/412 657/864/412
f 674/873/278 673/898/278 665/874/278
f 668/876/413 667/1065/413 652/855/413
f 661/867/3 669/880/3 670/878/3
f 658/879/280 665/881/280 669/880/280
f 670/878/281 668/876/281 660/877/281
f 659/868/282 666/1066/282 665/881/282
f 671/882/283 666/1067/283 659/883/283
f 672/865/1 671/882/1 663/871/1
f 686/884/284 684/903/284 676/885/284
f 679/887/285 674/900/285 666/888/285
f 680/890/218 679/887/218 671/889/218
f 667/892/286 675/902/286 680/890/286
f 676/885/287 675/902/287 667/892/287
f 669/894/221 677/896/221 678/886/221
f 665/874/288 673/898/288 677/896/288
f 678/886/289 676/885/289 668/893/289
f 682/897/290 681/1068/290 673/898/290
f 687/899/291 682/1069/291 674/900/291
f 688/901/226 687/899/226 679/887/226
f 675/902/292 683/1070/292 688/901/292
f 684/903/293 683/1070/293 675/902/293
f 677/896/229 685/904/229 686/884/229
f 673/898/294 681/1068/294 685/904/294
f 541/905/234 562/917/234 575/906/234
f 555/908/3 580/950/3 579/909/3
f 569/911/295 568/919/295 540/912/295
f 537/914/3 565/918/3 564/915/3
f 541/905/259 543/916/259 564/915/259
f 565/918/296 537/914/296 540/912/296
f 534/913/297 536/1071/297 571/920/297
f 575/906/263 574/922/263 529/921/263
f 574/922/1 571/932/1 536/923/1
f 559/924/231 562/917/231 564/915/231
f 565/918/231 568/919/231 553/926/231
f 551/928/231 569/911/231 571/920/231
f 574/922/231 575/906/231 545/930/231
f 571/932/231 574/922/231 547/931/231
f 575/906/231 562/917/231 559/924/231
f 568/919/231 569/911/231 551/928/231
f 564/915/231 565/918/231 555/927/231
f 579/909/298 595/949/298 593/934/298
f 577/935/234 591/938/234 545/936/234
f 591/938/263 589/944/263 547/939/263
f 582/940/296 580/950/296 555/908/296
f 584/942/295 582/940/295 553/941/295
f 589/944/1 586/953/1 549/945/1
f 549/945/297 586/953/297 584/946/297
f 579/909/259 577/935/259 559/937/259
f 596/948/3 611/769/3 695/768/3
f 580/950/3 596/948/3 595/949/3
f 577/935/299 593/934/299 602/951/299
f 602/951/300 600/952/300 589/944/300
f 600/952/1 598/954/1 586/953/1
f 600/952/1 698/776/1 700/955/1
f 700/955/1 701/773/1 598/954/1
f 689/1072/387 693/956/387 596/948/387
f 582/940/81 692/1073/81 689/1072/81
f 582/940/387 689/1072/387 596/948/387
f 694/1055/389 581/960/389 595/949/389
f 581/960/414 593/934/414 595/949/414
f 602/951/415 593/934/415 581/960/415
f 703/1074/242 704/1075/242 584/946/242
f 584/946/242 598/954/242 703/1074/242
f 703/1074/242 598/954/242 701/773/242
f 600/952/80 602/951/80 702/961/80
f 600/952/80 702/961/80 699/1056/80
f 584/942/93 704/1076/93 691/965/93
f 690/966/93 692/1073/93 582/940/93
f 584/942/93 691/965/93 582/940/93
f 706/1077/416 707/1078/416 705/1079/416
f 708/1080/417 709/1081/417 707/1078/417
f 710/1082/418 711/1083/418 709/1081/418
f 712/1084/419 713/1085/419 711/1083/419
f 714/1086/420 715/1087/420 713/1085/420
f 716/1088/421 717/1089/421 715/1087/421
f 718/1090/422 719/1091/422 717/1089/422
f 720/1092/423 721/1093/423 719/1091/423
f 722/1094/424 723/1095/424 721/1093/424
f 724/1096/425 725/1097/425 723/1095/425
f 726/1098/426 727/1099/426 725/1100/426
f 728/1101/427 729/1102/427 727/1099/427
f 730/1103/428 731/1104/428 729/1102/428
f 732/1105/429 733/1106/429 731/1104/429
f 708/1080/430 739/1107/430 710/1082/430
f 734/1108/431 735/1109/431 733/1106/431
f 736/1110/432 705/1079/432 735/1109/432
f 715/1087/433 773/1111/433 713/1085/433
f 743/1112/434 840/1113/434 744/1114/434
f 718/1090/435 744/1114/435 720/1092/435
f 728/1101/436 749/1115/436 730/1103/436
f 716/1088/437 741/1116/437 742/1117/437
f 724/1096/438 747/1118/438 726/1119/438
f 734/1108/439 752/1120/439 736/1110/439
f 710/1082/440 740/1121/440 712/1084/440
f 720/1092/441 745/1122/441 722/1094/441
f 706/1077/442 737/1123/442 708/1080/442
f 730/1103/443 750/1124/443 732/1105/443
f 716/1088/444 743/1112/444 718/1090/444
f 726/1098/445 748/1125/445 728/1101/445
f 736/1110/446 738/1126/446 706/1077/446
f 712/1084/447 741/1116/447 714/1086/447
f 724/1096/448 745/1122/448 746/1127/448
f 732/1105/449 751/1128/449 734/1108/449
f 725/1097/450 778/1129/450 723/1095/450
f 735/1109/451 783/1130/451 733/1106/451
f 711/1083/452 771/1131/452 709/1081/452
f 721/1093/453 776/1132/453 719/1091/453
f 707/1078/454 769/1133/454 705/1079/454
f 731/1104/455 781/1134/455 729/1102/455
f 717/1089/456 774/1135/456 715/1087/456
f 727/1099/457 779/1136/457 725/1100/457
f 705/1079/458 784/1137/458 735/1109/458
f 713/1085/459 772/1138/459 711/1083/459
f 723/1095/460 777/1139/460 721/1093/460
f 733/1106/461 782/1140/461 731/1104/461
f 709/1081/462 770/1141/462 707/1078/462
f 719/1091/463 775/1142/463 717/1089/463
f 729/1102/464 780/1143/464 727/1099/464
f 761/1144/465 810/1145/465 809/1146/465
f 753/1147/466 816/1148/466 768/1149/466
f 754/1150/467 801/1151/467 753/1147/467
f 761/1144/468 808/1152/468 760/1153/468
f 768/1149/469 815/1154/469 767/1155/469
f 760/1153/470 807/1156/470 759/1157/470
f 767/1155/471 814/1158/471 766/1159/471
f 758/1160/472 807/1156/472 806/1161/472
f 766/1159/473 813/1162/473 765/1163/473
f 758/1164/474 805/1165/474 757/1166/474
f 765/1163/475 812/1167/475 764/1168/475
f 756/1169/476 805/1165/476 804/1170/476
f 764/1168/477 811/1171/477 763/1172/477
f 756/1169/478 803/1173/478 755/1174/478
f 763/1172/479 810/1145/479 762/1175/479
f 755/1174/480 802/1176/480 754/1150/480
f 753/1177/155 770/1141/155 754/1178/155
f 754/1178/155 771/1131/155 755/1179/155
f 756/1180/155 771/1131/155 772/1138/155
f 756/1180/155 773/1111/155 757/1181/155
f 757/1181/155 774/1135/155 758/1182/155
f 758/1182/155 775/1142/155 759/1183/155
f 760/1184/155 775/1142/155 776/1132/155
f 760/1184/155 777/1139/155 761/1185/155
f 761/1185/155 778/1129/155 762/1186/155
f 762/1186/155 779/1187/155 763/1188/155
f 763/1189/155 780/1143/155 764/1190/155
f 764/1190/155 781/1134/155 765/1191/155
f 765/1191/155 782/1140/155 766/1192/155
f 766/1192/155 783/1130/155 767/1193/155
f 767/1193/155 784/1137/155 768/1194/155
f 768/1194/155 769/1133/155 753/1177/155
f 798/1195/481 829/1196/481 797/1197/481
f 789/1198/482 822/1199/482 821/1200/482
f 797/1197/483 828/1201/483 796/1202/483
f 789/1198/484 820/1203/484 788/1204/484
f 796/1202/485 827/1205/485 795/1206/485
f 788/1204/486 819/1207/486 787/1208/486
f 795/1206/487 826/1209/487 794/1210/487
f 786/1211/488 819/1207/488 818/1212/488
f 794/1210/489 825/1213/489 793/1214/489
f 785/1215/490 832/1216/490 800/1217/490
f 786/1211/491 817/1218/491 785/1215/491
f 793/1214/492 824/1219/492 792/1220/492
f 800/1217/493 831/1221/493 799/1222/493
f 792/1220/494 823/1223/494 791/1224/494
f 799/1222/495 830/1225/495 798/1195/495
f 791/1224/496 822/1226/496 790/1227/496
f 785/1215/155 802/1176/155 786/1211/155
f 786/1211/155 803/1173/155 787/1208/155
f 788/1204/155 803/1173/155 804/1170/155
f 788/1204/155 805/1165/155 789/1198/155
f 789/1198/155 806/1228/155 790/1229/155
f 790/1227/155 807/1156/155 791/1224/155
f 791/1224/155 808/1152/155 792/1220/155
f 793/1214/155 808/1152/155 809/1146/155
f 793/1214/155 810/1145/155 794/1210/155
f 795/1206/155 810/1145/155 811/1171/155
f 795/1206/155 812/1167/155 796/1202/155
f 797/1197/155 812/1167/155 813/1162/155
f 797/1197/155 814/1158/155 798/1195/155
f 798/1195/155 815/1154/155 799/1222/155
f 799/1222/155 816/1148/155 800/1217/155
f 785/1215/155 816/1148/155 801/1151/155
f 845/1230/497 844/1231/497 849/1232/497
f 751/1128/498 848/1233/498 752/1120/498
f 744/1114/499 841/1234/499 745/1122/499
f 738/1126/500 833/1235/500 737/1123/500
f 752/1120/501 834/1236/501 738/1126/501
f 745/1122/502 842/1237/502 746/1127/502
f 737/1123/503 835/1238/503 739/1107/503
f 747/1118/504 842/1237/504 843/1239/504
f 739/1107/505 836/1240/505 740/1121/505
f 747/1241/506 844/1231/506 748/1125/506
f 740/1121/507 837/1242/507 741/1116/507
f 748/1125/508 845/1230/508 749/1115/508
f 741/1116/509 838/1243/509 742/1117/509
f 749/1115/510 846/1244/510 750/1124/510
f 743/1112/511 838/1243/511 839/1245/511
f 750/1124/512 847/1246/512 751/1128/512
f 838/1243/513 837/1242/513 849/1247/513
f 846/1244/514 845/1230/514 849/1232/514
f 839/1245/515 838/1243/515 849/1247/515
f 847/1246/516 846/1244/516 849/1232/516
f 840/1113/517 839/1245/517 849/1247/517
f 848/1233/518 847/1246/518 849/1232/518
f 841/1234/519 840/1113/519 849/1247/519
f 833/1235/520 834/1236/520 849/1232/520
f 834/1236/521 848/1233/521 849/1232/521
f 842/1237/522 841/1234/522 849/1247/522
f 835/1238/523 833/1235/523 849/1232/523
f 843/1239/524 842/1237/524 849/1247/524
f 836/1240/525 835/1238/525 849/1247/525
f 844/1231/526 843/1248/526 849/1232/526
f 837/1242/527 836/1240/527 849/1247/527
f 706/1077/416 708/1080/416 707/1078/416
f 708/1080/417 710/1082/417 709/1081/417
f 710/1082/418 712/1084/418 711/1083/418
f 712/1084/419 714/1086/419 713/1085/419
f 714/1086/420 716/1088/420 715/1087/420
f 716/1088/421 718/1090/421 717/1089/421
f 718/1090/422 720/1092/422 719/1091/422
f 720/1092/423 722/1094/423 721/1093/423
f 722/1094/424 724/1096/424 723/1095/424
f 724/1096/425 726/1119/425 725/1097/425
f 726/1098/426 728/1101/426 727/1099/426
f 728/1101/427 730/1103/427 729/1102/427
f 730/1103/428 732/1105/428 731/1104/428
f 732/1105/429 734/1108/429 733/1106/429
f 708/1080/430 737/1123/430 739/1107/430
f 734/1108/431 736/1110/431 735/1109/431
f 736/1110/432 706/1077/432 705/1079/432
f 715/1087/433 774/1135/433 773/1111/433
f 743/1112/434 839/1245/434 840/1113/434
f 718/1090/435 743/1112/435 744/1114/435
f 728/1101/436 748/1125/436 749/1115/436
f 716/1088/437 714/1086/437 741/1116/437
f 724/1096/438 746/1127/438 747/1118/438
f 734/1108/439 751/1128/439 752/1120/439
f 710/1082/440 739/1107/440 740/1121/440
f 720/1092/441 744/1114/441 745/1122/441
f 706/1077/442 738/1126/442 737/1123/442
f 730/1103/443 749/1115/443 750/1124/443
f 716/1088/444 742/1117/444 743/1112/444
f 726/1098/445 747/1241/445 748/1125/445
f 736/1110/446 752/1120/446 738/1126/446
f 712/1084/447 740/1121/447 741/1116/447
f 724/1096/448 722/1094/448 745/1122/448
f 732/1105/449 750/1124/449 751/1128/449
f 725/1097/450 779/1187/450 778/1129/450
f 735/1109/451 784/1137/451 783/1130/451
f 711/1083/452 772/1138/452 771/1131/452
f 721/1093/453 777/1139/453 776/1132/453
f 707/1078/454 770/1141/454 769/1133/454
f 731/1104/455 782/1140/455 781/1134/455
f 717/1089/456 775/1142/456 774/1135/456
f 727/1099/457 780/1143/457 779/1136/457
f 705/1079/458 769/1133/458 784/1137/458
f 713/1085/459 773/1111/459 772/1138/459
f 723/1095/460 778/1129/460 777/1139/460
f 733/1106/461 783/1130/461 782/1140/461
f 709/1081/462 771/1131/462 770/1141/462
f 719/1091/463 776/1132/463 775/1142/463
f 729/1102/464 781/1134/464 780/1143/464
f 761/1144/465 762/1175/465 810/1145/465
f 753/1147/466 801/1151/466 816/1148/466
f 754/1150/467 802/1176/467 801/1151/467
f 761/1144/468 809/1146/468 808/1152/468
f 768/1149/469 816/1148/469 815/1154/469
f 760/1153/470 808/1152/470 807/1156/470
f 767/1155/471 815/1154/471 814/1158/471
f 758/1160/472 759/1157/472 807/1156/472
f 766/1159/473 814/1158/473 813/1162/473
f 758/1164/474 806/1228/474 805/1165/474
f 765/1163/475 813/1162/475 812/1167/475
f 756/1169/476 757/1166/476 805/1165/476
f 764/1168/477 812/1167/477 811/1171/477
f 756/1169/478 804/1170/478 803/1173/478
f 763/1172/479 811/1171/479 810/1145/479
f 755/1174/480 803/1173/480 802/1176/480
f 753/1177/155 769/1133/155 770/1141/155
f 754/1178/155 770/1141/155 771/1131/155
f 756/1180/155 755/1179/155 771/1131/155
f 756/1180/155 772/1138/155 773/1111/155
f 757/1181/155 773/1111/155 774/1135/155
f 758/1182/155 774/1135/155 775/1142/155
f 760/1184/155 759/1183/155 775/1142/155
f 760/1184/155 776/1132/155 777/1139/155
f 761/1185/155 777/1139/155 778/1129/155
f 762/1186/155 778/1129/155 779/1187/155
f 763/1189/155 779/1136/155 780/1143/155
f 764/1190/155 780/1143/155 781/1134/155
f 765/1191/155 781/1134/155 782/1140/155
f 766/1192/155 782/1140/155 783/1130/155
f 767/1193/155 783/1130/155 784/1137/155
f 768/1194/155 784/1137/155 769/1133/155
f 798/1195/481 830/1225/481 829/1196/481
f 789/1198/482 790/1229/482 822/1199/482
f 797/1197/483 829/1196/483 828/1201/483
f 789/1198/484 821/1200/484 820/1203/484
f 796/1202/485 828/1201/485 827/1205/485
f 788/1204/486 820/1203/486 819/1207/486
f 795/1206/487 827/1205/487 826/1209/487
f 786/1211/488 787/1208/488 819/1207/488
f 794/1210/489 826/1209/489 825/1213/489
f 785/1215/490 817/1218/490 832/1216/490
f 786/1211/491 818/1212/491 817/1218/491
f 793/1214/492 825/1213/492 824/1219/492
f 800/1217/493 832/1216/493 831/1221/493
f 792/1220/494 824/1219/494 823/1223/494
f 799/1222/495 831/1221/495 830/1225/495
f 791/1224/496 823/1223/496 822/1226/496
f 785/1215/155 801/1151/155 802/1176/155
f 786/1211/155 802/1176/155 803/1173/155
f 788/1204/155 787/1208/155 803/1173/155
f 788/1204/155 804/1170/155 805/1165/155
f 789/1198/155 805/1165/155 806/1228/155
f 790/1227/155 806/1161/155 807/1156/155
f 791/1224/155 807/1156/155 808/1152/155
f 793/1214/155 792/1220/155 808/1152/155
f 793/1214/155 809/1146/155 810/1145/155
f 795/1206/155 794/1210/155 810/1145/155
f 795/1206/155 811/1171/155 812/1167/155
f 797/1197/155 796/1202/155 812/1167/155
f 797/1197/155 813/1162/155 814/1158/155
f 798/1195/155 814/1158/155 815/1154/155
f 799/1222/155 815/1154/155 816/1148/155
f 785/1215/155 800/1217/155 816/1148/155
f 751/1128/498 847/1246/498 848/1233/498
f 744/1114/499 840/1113/499 841/1234/499
f 738/1126/500 834/1236/500 833/1235/500
f 752/1120/501 848/1233/501 834/1236/501
f 745/1122/502 841/1234/502 842/1237/502
f 737/1123/503 833/1235/503 835/1238/503
f 747/1118/504 746/1127/504 842/1237/504
f 739/1107/505 835/1238/505 836/1240/505
f 747/1241/506 843/1248/506 844/1231/506
f 740/1121/507 836/1240/507 837/1242/507
f 748/1125/508 844/1231/508 845/1230/508
f 741/1116/509 837/1242/509 838/1243/509
f 749/1115/510 845/1230/510 846/1244/510
f 743/1112/511 742/1117/511 838/1243/511
f 750/1124/512 846/1244/512 847/1246/512
f 850/1249/528 867/1250/528 866/1251/528 852/1252/528
f 852/1252/529 866/1251/529 868/1253/529 854/1254/529
f 854/1254/530 868/1253/530 869/1255/530 856/1256/530
f 856/1256/531 869/1255/531 870/1257/531 858/1258/531
f 858/1258/532 870/1257/532 871/1259/532 860/1260/532
f 860/1260/533 871/1259/533 872/1261/533 862/1262/533
f 865/1263/534 863/1264/534 880/1264/534 881/1263/534
f 862/1262/535 872/1261/535 873/1265/535 864/1266/535
f 864/1266/536 873/1265/536 867/1267/536 850/1268/536
f 874/1269/537 875/1270/537 881/1263/537 880/1264/537 879/1271/537 878/1272/537 877/1273/537 876/1274/537
f 851/1270/538 853/1269/538 866/1275/538 867/1276/538
f 853/1269/539 855/1274/539 868/1277/539 866/1275/539
f 855/1274/540 857/1273/540 869/1278/540 868/1277/540
f 857/1273/541 859/1272/541 870/1279/541 869/1278/541
f 859/1272/542 861/1271/542 871/1280/542 870/1279/542
f 861/1271/543 863/1264/543 872/1281/543 871/1280/543
f 863/1264/544 865/1263/544 873/1282/544 872/1281/544
f 865/1263/545 851/1270/545 867/1276/545 873/1282/545
f 861/1271/546 859/1272/546 878/1272/546 879/1271/546
f 857/1273/547 855/1274/547 876/1274/547 877/1273/547
f 853/1269/548 851/1270/548 875/1270/548 874/1269/548
f 851/1270/549 865/1263/549 881/1263/549 875/1270/549
f 863/1264/550 861/1271/550 879/1271/550 880/1264/550
f 859/1272/551 857/1273/551 877/1273/551 878/1272/551
f 855/1274/552 853/1269/552 874/1269/552 876/1274/552
f 882/1249/553 884/1252/553 898/1251/553 899/1250/553
f 884/1252/554 886/1254/554 900/1253/554 898/1251/554
f 886/1254/555 888/1256/555 901/1255/555 900/1253/555
f 888/1256/556 890/1258/556 902/1257/556 901/1255/556
f 890/1258/557 892/1260/557 903/1259/557 902/1257/557
f 892/1260/558 894/1262/558 904/1261/558 903/1259/558
f 897/1263/559 913/1263/559 912/1264/559 895/1264/559
f 894/1262/560 896/1266/560 905/1265/560 904/1261/560
f 896/1266/561 882/1268/561 899/1267/561 905/1265/561
f 906/1269/562 908/1274/562 909/1273/562 910/1272/562 911/1271/562 912/1264/562 913/1263/562 907/1270/562
f 883/1270/563 899/1276/563 898/1275/563 885/1269/563
f 885/1269/564 898/1275/564 900/1277/564 887/1274/564
f 887/1274/565 900/1277/565 901/1278/565 889/1273/565
f 889/1273/566 901/1278/566 902/1279/566 891/1272/566
f 891/1272/567 902/1279/567 903/1280/567 893/1271/567
f 893/1271/568 903/1280/568 904/1281/568 895/1264/568
f 895/1264/569 904/1281/569 905/1282/569 897/1263/569
f 897/1263/570 905/1282/570 899/1276/570 883/1270/570
f 893/1271/571 911/1271/571 910/1272/571 891/1272/571
f 889/1273/572 909/1273/572 908/1274/572 887/1274/572
f 885/1269/573 906/1269/573 907/1270/573 883/1270/573
f 883/1270/574 907/1270/574 913/1263/574 897/1263/574
f 895/1264/575 912/1264/575 911/1271/575 893/1271/575
f 891/1272/576 910/1272/576 909/1273/576 889/1273/576
f 887/1274/577 908/1274/577 906/1269/577 885/1269/577
f 914/1249/578 931/1250/578 930/1251/578 916/1252/578
f 916/1252/579 930/1251/579 932/1253/579 918/1254/579
f 918/1254/580 932/1253/580 933/1255/580 920/1256/580
f 920/1256/581 933/1255/581 934/1257/581 922/1258/581
f 922/1258/582 934/1257/582 935/1259/582 924/1260/582
f 924/1260/583 935/1259/583 936/1261/583 926/1262/583
f 929/1263/584 927/1264/584 944/1264/584 945/1263/584
f 926/1262/585 936/1261/585 937/1265/585 928/1266/585
f 928/1266/586 937/1265/586 931/1267/586 914/1268/586
f 938/1269/587 939/1270/587 945/1263/587 944/1264/587 943/1271/587 942/1272/587 941/1273/587 940/1274/587
f 915/1270/588 917/1269/588 930/1275/588 931/1276/588
f 917/1269/589 919/1274/589 932/1277/589 930/1275/589
f 919/1274/590 921/1273/590 933/1278/590 932/1277/590
f 921/1273/591 923/1272/591 934/1279/591 933/1278/591
f 923/1272/592 925/1271/592 935/1280/592 934/1279/592
f 925/1271/593 927/1264/593 936/1281/593 935/1280/593
f 927/1264/594 929/1263/594 937/1282/594 936/1281/594
f 929/1263/595 915/1270/595 931/1276/595 937/1282/595
f 925/1271/596 923/1272/596 942/1272/596 943/1271/596
f 921/1273/597 919/1274/597 940/1274/597 941/1273/597
f 917/1269/598 915/1270/598 939/1270/598 938/1269/598
f 915/1270/599 929/1263/599 945/1263/599 939/1270/599
f 927/1264/600 925/1271/600 943/1271/600 944/1264/600
f 923/1272/601 921/1273/601 941/1273/601 942/1272/601
f 919/1274/602 917/1269/602 938/1269/602 940/1274/602
f 946/1249/603 948/1252/603 962/1251/603 963/1250/603
f 948/1252/604 950/1254/604 964/1253/604 962/1251/604
f 950/1254/605 952/1256/605 965/1255/605 964/1253/605
f 952/1256/606 954/1258/606 966/1257/606 965/1255/606
f 954/1258/607 956/1260/607 967/1259/607 966/1257/607
f 956/1260/608 958/1262/608 968/1261/608 967/1259/608
f 961/1263/609 977/1263/609 976/1264/609 959/1264/609
f 958/1262/610 960/1266/610 969/1265/610 968/1261/610
f 960/1266/611 946/1268/611 963/1267/611 969/1265/611
f 970/1269/612 972/1274/612 973/1273/612 974/1272/612 975/1271/612 976/1264/612 977/1263/612 971/1270/612
f 947/1270/613 963/1276/613 962/1275/613 949/1269/613
f 949/1269/614 962/1275/614 964/1277/614 951/1274/614
f 951/1274/615 964/1277/615 965/1278/615 953/1273/615
f 953/1273/616 965/1278/616 966/1279/616 955/1272/616
f 955/1272/617 966/1279/617 967/1280/617 957/1271/617
f 957/1271/618 967/1280/618 968/1281/618 959/1264/618
f 959/1264/619 968/1281/619 969/1282/619 961/1263/619
f 961/1263/620 969/1282/620 963/1276/620 947/1270/620
f 957/1271/621 975/1271/621 974/1272/621 955/1272/621
f 953/1273/622 973/1273/622 972/1274/622 951/1274/622
f 949/1269/623 970/1269/623 971/1270/623 947/1270/623
f 947/1270/624 971/1270/624 977/1263/624 961/1263/624
f 959/1264/625 976/1264/625 975/1271/625 957/1271/625
f 955/1272/626 974/1272/626 973/1273/626 953/1273/626
f 951/1274/627 972/1274/627 970/1269/627 949/1269/627
f 978/1283/628 1003/1284/628 1006/1285/628
f 979/1286/629 984/1287/629 983/1288/629
f 979/1286/630 990/1289/630 984/1287/630
f 979/1286/631 985/1290/631 986/1291/631
f 978/1283/632 1006/1285/632 994/1292/632
f 978/1283/633 994/1292/633 1005/1293/633
f 979/1286/634 987/1294/634 988/1295/634
f 978/1283/635 1005/1296/635 993/1297/635
f 990/1289/636 989/1298/636 1001/1299/636 1002/1300/636
f 989/1298/637 988/1301/637 1000/1302/637 1001/1299/637
f 988/1295/638 987/1294/638 999/1303/638 1000/1304/638
f 987/1294/639 986/1291/639 998/1305/639 999/1303/639
f 978/1283/640 991/1306/640 1003/1284/640
f 979/1286/641 988/1301/641 989/1298/641
f 978/1283/642 1004/1307/642 991/1306/642
f 979/1286/643 986/1291/643 987/1294/643
f 978/1283/644 992/1308/644 1004/1307/644
f 978/1283/645 993/1297/645 992/1308/645
f 979/1286/646 983/1288/646 985/1290/646
f 979/1286/647 989/1298/647 990/1289/647
f 1003/1284/648 991/1306/648 995/1309/648 996/1310/648
f 991/1306/649 1004/1307/649 997/1311/649 995/1309/649
f 1004/1307/650 992/1308/650 998/1312/650 997/1311/650
f 992/1308/651 993/1297/651 999/1313/651 998/1312/651
f 993/1297/652 1005/1296/652 1000/1314/652 999/1313/652
f 1005/1293/653 994/1292/653 1001/1315/653 1000/1316/653
f 994/1292/654 1006/1285/654 1002/1317/654 1001/1315/654
f 1006/1285/655 1003/1284/655 996/1310/655 1002/1317/655
f 984/1287/656 990/1289/656 1002/1300/656 996/1318/656
f 983/1288/657 984/1287/657 996/1318/657 995/1319/657
f 985/1290/658 983/1288/658 995/1319/658 997/1320/658
f 986/1291/659 985/1290/659 997/1320/659 998/1305/659
f 1007/1321/660 1008/1322/660 1009/1323/660
f 1009/1323/661 1008/1322/661 1010/1324/661
f 1010/1325/662 1008/1322/662 1007/1321/662
f 1010/1325/663 1007/1321/663 982/1326/663 980/1327/663
f 1009/1323/664 1010/1324/664 980/1328/664 981/1329/664
f 1007/1321/665 1009/1323/665 981/1329/665 982/1326/665
f 1130/1330/666 1073/1331/666 1072/1332/666
f 1130/1330/666 1138/1333/666 1129/1334/666
f 1128/1335/667 1066/1336/667 1067/1337/667
f 1128/1335/667 1062/1338/667 1127/1339/667
f 1123/1340/666 1104/1341/666 1105/1342/666
f 1123/1340/666 1061/1343/666 1122/1344/666
f 1087/1345/667 1099/1346/667 1098/1347/667
f 1120/1348/667 1114/1349/667 1115/1350/667
f 1087/1345/667 1095/1351/667 1086/1352/667
f 1077/1353/666 1034/1354/666 1033/1355/666 1076/1356/666
f 1130/1330/666 1072/1332/666 1137/1357/666 1138/1333/666
f 1120/1348/667 1139/1358/667 1121/1359/667
f 1120/1348/667 1115/1350/667 1140/1360/667 1139/1358/667
f 1123/1340/666 1105/1342/666 1060/1361/666 1061/1343/666
f 1026/1362/668 1025/1363/668 1024/1364/668 1023/1365/668
f 1014/1366/668 1013/1367/668 1012/1368/668 1011/1369/668
f 1087/1345/667 1098/1347/667 1094/1370/667 1095/1351/667
f 1128/1335/667 1067/1337/667 1063/1371/667 1062/1338/667
f 1076/1372/15 1033/1373/15 1032/1374/15 1075/1375/15
f 1067/1376/14 1068/1377/14 1064/1378/14 1063/1379/14
f 1065/1380/666 1064/1381/666 1068/1382/666 1069/1383/666
f 1043/1384/15 1080/1385/15 1079/1386/15 1042/1387/15
f 1044/1388/666 1081/1389/666 1080/1390/666 1043/1391/666
f 1096/1392/666 1097/1393/666 1101/1394/666 1100/1395/666
f 1098/1396/14 1101/1397/14 1097/1398/14 1094/1399/14
f 1109/1400/15 1047/1401/15 1046/1402/15 1106/1403/15
f 1058/1404/667 1059/1405/667 1102/1406/667 1103/1407/667
f 1060/1408/14 1105/1409/14 1102/1410/14 1059/1411/14
f 1085/1412/15 1113/1413/15 1110/1414/15 1082/1415/15
f 1084/1416/666 1112/1417/666 1113/1418/666 1085/1419/666
f 1108/1420/666 1048/1421/666 1047/1422/666 1109/1423/666
f 1137/1424/14 1072/1425/14 1071/1426/14 1136/1427/14
f 1135/1428/667 1136/1429/667 1071/1430/667 1070/1431/667
f 1030/1432/666 1145/1433/666 1146/1434/666 1029/1435/666
f 1029/1436/15 1146/1437/15 1143/1438/15 1028/1439/15
f 1142/1440/666 1141/1441/666 1116/1442/666 1117/1443/666
f 1115/1444/14 1116/1445/14 1141/1446/14 1140/1447/14
f 1032/1448/667 1036/1449/667 1074/1450/667 1075/1451/667
f 1079/1452/667 1051/1453/667 1041/1454/667 1042/1455/667
f 1110/1456/667 1090/1457/667 1083/1458/667 1082/1459/667
f 1046/1460/667 1055/1461/667 1107/1462/667 1106/1463/667
f 1143/1464/667 1131/1465/667 1027/1466/667 1028/1467/667
f 1143/1464/667 1144/1468/667 1132/1469/667 1131/1465/667
f 1079/1452/667 1078/1470/667 1050/1471/667 1051/1453/667
f 1032/1448/667 1031/1472/667 1035/1473/667 1036/1449/667
f 1046/1460/667 1045/1474/667 1054/1475/667 1055/1461/667
f 1110/1456/667 1111/1476/667 1091/1477/667 1090/1457/667
f 1077/1353/666 1037/1478/666 1038/1479/666 1034/1354/666
f 1044/1388/666 1052/1480/666 1053/1481/666 1081/1389/666
f 1065/1380/666 1069/1383/666 1126/1482/666 1049/1483/666
f 1108/1420/666 1056/1484/666 1057/1485/666 1048/1421/666
f 1096/1392/666 1100/1395/666 1088/1486/666 1089/1487/666
f 1058/1404/667 1103/1407/667 1124/1488/667 1125/1489/667
f 1084/1416/666 1093/1490/666 1092/1491/666 1112/1417/666
f 1030/1432/666 1134/1492/666 1133/1493/666 1145/1433/666
f 1135/1428/667 1070/1431/667 1040/1494/667 1039/1495/667
f 1142/1440/666 1117/1443/666 1119/1496/666 1118/1497/666
f 1126/1498/669 1069/1499/669 1066/1500/669 1128/1501/669
f 1036/1502/670 1037/1503/670 1077/1504/670 1074/1505/670
f 1051/1506/671 1052/1507/671 1044/1508/671 1041/1509/671
f 1090/1510/671 1093/1511/671 1084/1512/671 1083/1513/671
f 1122/1514/672 1061/1515/672 1058/1516/672 1125/1517/672
f 1088/1518/669 1100/1519/669 1099/1520/669 1087/1521/669
f 1119/1522/673 1117/1523/673 1114/1524/673 1120/1525/673
f 1055/1526/674 1056/1527/674 1108/1528/674 1107/1529/674
f 1131/1530/675 1134/1531/675 1030/1532/675 1027/1533/675
f 1129/1534/676 1138/1535/676 1135/1536/676 1039/1537/676
f 1070/1538/677 1073/1539/677 1130/1540/677 1040/1541/677
f 1081/1542/678 1053/1543/678 1050/1544/678 1078/1545/678
f 1034/1546/679 1038/1547/679 1035/1548/679 1031/1549/679
f 1048/1550/679 1057/1551/679 1054/1552/679 1045/1553/679
f 1145/1554/680 1133/1555/680 1132/1556/680 1144/1557/680
f 1095/1558/681 1096/1559/681 1089/1560/681 1086/1561/681
f 1062/1562/682 1065/1563/682 1049/1564/682 1127/1565/682
f 1139/1566/683 1142/1567/683 1118/1568/683 1121/1569/683
f 1103/1570/684 1104/1571/684 1123/1572/684 1124/1573/684
f 1112/1574/685 1092/1575/685 1091/1576/685 1111/1577/685
f 1056/1527/686 1055/1526/686 1124/1573/686 1123/1572/686
f 1092/1491/666 1093/1490/666 1089/1487/666 1088/1486/666
f 1134/1531/686 1131/1530/686 1121/1569/686 1118/1568/686
f 1052/1507/686 1051/1506/686 1127/1565/686 1049/1564/686
f 1093/1511/686 1090/1510/686 1086/1561/686 1089/1560/686
f 1035/1548/687 1038/1547/687 1129/1534/687 1039/1537/687
f 1036/1449/667 1035/1473/667 1039/1495/667 1040/1494/667
f 1054/1552/668 1057/1551/668 1122/1514/668 1125/1517/668
f 1055/1461/667 1054/1475/667 1125/1489/667 1124/1488/667
f 1038/1479/666 1037/1478/666 1130/1330/666 1129/1334/666
f 1057/1485/666 1056/1484/666 1123/1340/666 1122/1344/666
f 1132/1556/668 1133/1555/668 1119/1522/668 1120/1525/668
f 1131/1465/667 1132/1469/667 1120/1348/667 1121/1359/667
f 1050/1544/668 1053/1543/668 1126/1498/668 1128/1501/668
f 1051/1453/667 1050/1471/667 1128/1335/667 1127/1339/667
f 1133/1493/666 1134/1492/666 1118/1497/666 1119/1496/666
f 1091/1576/668 1092/1575/668 1088/1518/668 1087/1521/668
f 1037/1503/688 1036/1502/688 1040/1541/688 1130/1540/688
f 1053/1481/666 1052/1480/666 1049/1483/666 1126/1482/666
f 1090/1457/667 1091/1477/667 1087/1345/667 1086/1352/667
f 1081/1542/14 1078/1545/14 1074/1505/14 1077/1504/14
f 1080/1390/666 1081/1389/666 1077/1353/666 1076/1356/666
f 1079/1386/15 1080/1385/15 1076/1372/15 1075/1375/15
f 1078/1470/667 1079/1452/667 1075/1451/667 1074/1450/667
f 1042/1455/667 1041/1454/667 1045/1474/667 1046/1460/667
f 1041/1509/14 1044/1508/14 1048/1550/14 1045/1553/14
f 1044/1388/666 1043/1391/666 1047/1422/666 1048/1421/666
f 1043/1384/15 1042/1387/15 1046/1402/15 1047/1401/15
f 1112/1574/14 1111/1577/14 1107/1529/14 1108/1528/14
f 1111/1476/667 1110/1456/667 1106/1463/667 1107/1462/667
f 1110/1414/15 1113/1413/15 1109/1400/15 1106/1403/15
f 1113/1418/666 1112/1417/666 1108/1420/666 1109/1423/666
f 1017/1578/14 1016/1579/14 1083/1513/14 1084/1512/14
f 1016/1580/667 1015/1581/667 1082/1459/667 1083/1458/667
f 1015/1582/15 1018/1583/15 1085/1412/15 1082/1415/15
f 1018/1584/666 1017/1585/666 1084/1416/666 1085/1419/666
f 1021/1586/666 1022/1587/666 1097/1393/666 1096/1392/666
f 1022/1588/14 1019/1589/14 1094/1399/14 1097/1398/14
f 1019/1590/667 1020/1591/667 1095/1351/667 1094/1370/667
f 1020/1592/15 1021/1593/15 1096/1559/15 1095/1558/15
f 1099/1594/15 1100/1595/15 1104/1571/15 1103/1570/15
f 1100/1395/666 1101/1394/666 1105/1342/666 1104/1341/666
f 1101/1397/14 1098/1396/14 1102/1410/14 1105/1409/14
f 1098/1347/667 1099/1346/667 1103/1407/667 1102/1406/667
f 1061/1343/666 1060/1361/666 1064/1381/666 1065/1380/666
f 1060/1408/14 1059/1411/14 1063/1379/14 1064/1378/14
f 1059/1405/667 1058/1404/667 1062/1338/667 1063/1371/667
f 1058/1596/15 1061/1597/15 1065/1563/15 1062/1562/15
f 1066/1598/15 1069/1599/15 1073/1539/15 1070/1538/15
f 1069/1383/666 1068/1382/666 1072/1332/666 1073/1331/666
f 1068/1377/14 1067/1376/14 1071/1426/14 1072/1425/14
f 1067/1337/667 1066/1336/667 1070/1431/667 1071/1430/667
f 1139/1358/667 1140/1360/667 1136/1429/667 1135/1428/667
f 1140/1447/14 1141/1446/14 1137/1424/14 1136/1427/14
f 1141/1441/666 1142/1440/666 1138/1333/666 1137/1357/666
f 1142/1567/15 1139/1566/15 1135/1600/15 1138/1601/15
f 1028/1467/667 1027/1466/667 1031/1472/667 1032/1448/667
f 1027/1533/14 1030/1532/14 1034/1546/14 1031/1549/14
f 1030/1432/666 1029/1435/666 1033/1355/666 1034/1354/666
f 1029/1436/15 1028/1439/15 1032/1374/15 1033/1373/15
f 1011/1602/667 1012/1603/667 1144/1468/667 1143/1464/667
f 1012/1604/14 1013/1605/14 1145/1554/14 1144/1557/14
f 1013/1606/666 1014/1607/666 1146/1434/666 1145/1433/666
f 1014/1366/15 1011/1369/15 1143/1438/15 1146/1437/15
f 1114/1524/15 1117/1523/15 1026/1608/15 1023/1609/15
f 1117/1443/666 1116/1442/666 1025/1610/666 1026/1611/666
f 1116/1445/14 1115/1444/14 1024/1364/14 1025/1363/14
f 1115/1350/667 1114/1349/667 1023/1612/667 1024/1613/667
f 1159/1614/689 1161/1615/689 1150/1616/689 1148/1617/689
f 1165/1618/690 1156/1619/690 1151/1620/690 1160/1621/690
f 1149/1622/691 1152/1623/691 1155/1624/691 1154/1625/691
f 1163/1626/692 1166/1627/692 1162/1628/692 1158/1629/692
f 1147/1630/693 1148/1617/693 1149/1622/693
f 1150/1616/694 1151/1620/694 1152/1623/694
f 1157/1631/695 1158/1629/695 1159/1614/695
f 1160/1621/696 1161/1615/696 1162/1628/696
f 1153/1632/697 1147/1630/697 1149/1622/697 1154/1625/697
f 1148/1617/698 1150/1616/698 1152/1623/698 1149/1622/698
f 1151/1620/699 1156/1619/699 1155/1624/699 1152/1623/699
f 1157/1631/700 1164/1633/700 1163/1626/700 1158/1629/700
f 1165/1618/701 1160/1621/701 1162/1628/701 1166/1627/701
f 1161/1615/702 1159/1614/702 1158/1629/702 1162/1628/702
f 1147/1630/703 1157/1631/703 1159/1614/703 1148/1617/703
f 1160/1621/704 1151/1620/704 1150/1616/704 1161/1615/704
f 1153/1632/705 1164/1633/705 1157/1631/705 1147/1630/705
f 1167/1634/15 1168/1635/15 1170/1636/15 1169/1637/15
f 1173/1638/14 1174/1639/14 1172/1640/14 1171/1641/14
f 1171/1641/1 1172/1640/1 1168/1635/1 1167/1634/1
f 1169/1642/155 1173/1643/155 1171/1641/155 1167/1634/155
f 1174/1644/93 1170/1645/93 1168/1635/93 1172/1640/93
