# Blender 3.6.15
# www.blender.org
o Icosphere
v 0.652314 -0.092827 0.908785
v -0.763680 9.177705 0.299172
v -1.717480 8.437521 -2.145551
v -0.133422 8.552474 -0.306107
v -1.650190 8.290467 -2.283138
v -0.169992 0.065975 1.183916
v -1.701763 8.307755 -2.408204
v -0.165180 -0.362304 1.207574
v -0.064525 -0.592425 1.000877
v -0.502924 9.984641 1.451053
v -3.359584 9.367723 0.354874
v 0.342590 0.287574 0.763531
v 0.188024 0.391871 0.830114
v -2.776437 9.760216 -1.531016
v 0.052896 -0.081069 1.067777
v -3.303207 9.874850 -1.012714
v 0.025004 0.759259 0.857221
v -3.273678 9.356583 0.520316
v 0.001710 1.728067 0.643945
v -3.465440 9.198870 0.556868
v 2.159379 8.559133 -2.988834
v 0.880314 0.204995 -0.036251
v 0.916230 0.093381 0.062173
v 2.946116 8.123573 -2.879805
v 0.748768 -0.245569 0.814253
v 3.037441 8.112652 -2.762039
v 2.978998 8.283607 -2.878436
v 0.067238 -0.678609 -0.228110
v 0.448997 -0.307725 -0.094347
v 0.889818 8.727299 -3.136199
v 0.544507 0.114466 -0.118797
v 0.838939 8.811683 -3.491642
v -0.698729 -0.097741 0.401477
v 0.401045 8.758659 -2.259869
v -0.193767 -0.396719 0.065574
v -0.347591 9.507076 -2.772663
v -1.225682 8.927138 -3.302049
v 0.082055 -0.650574 0.031606
v -1.309913 8.989531 -3.381912
v -0.089522 3.465269 0.380679
v -0.108170 3.495013 0.231656
v -1.362384 9.032470 -3.315031
v 2.043519 8.308361 0.902231
v 0.183889 0.068179 -0.488164
v 0.143660 -0.314118 -0.675419
v 1.864799 7.786409 0.898893
v 2.447584 8.769524 -1.646712
v -0.112384 0.777807 -0.029807
v 2.287391 8.897836 -1.606796
v -0.015480 0.600240 -0.137137
v 0.083212 0.648428 -0.284965
v 2.024570 7.780557 -1.110348
v 0.250546 0.335021 -0.487476
v 0.405600 9.943806 0.080915
v 0.503347 4.190928 0.269608
v 0.432784 10.068020 0.070084
v 0.507768 2.838940 0.239373
v 2.310859 7.959151 2.271327
v 2.369684 7.984481 2.206132
v 0.705833 -0.076487 0.885032
v 0.666590 8.044328 2.505203
v 0.583285 0.517503 -0.150363
v 0.637720 7.976937 2.578889
v 0.527407 1.330597 -0.086384
v 0.388451 3.304594 0.100972
v 0.891852 9.101491 2.004241
v 0.514051 5.100108 0.025714
v -1.526018 7.476617 2.193128
v 0.268798 6.043165 0.370028
v -2.467323 8.296469 0.666993
v 0.219905 4.236987 0.497125
v 2.908250 6.251602 0.065690
v 0.463749 0.669556 0.734556
v -1.572144 7.438267 0.200034
v -1.639232 7.394193 0.244070
v 0.396889 1.655120 0.474128
v -2.767771 7.685493 1.868693
v 0.439973 5.175553 0.400016
v 0.370013 6.027597 0.382046
v -2.320819 7.936910 1.966797
v -2.663898 7.917704 1.701380
v -0.047073 7.142280 -0.032020
v -3.440957 6.684906 1.883698
v 0.064132 6.533640 0.111264
v -0.106551 9.761639 -1.817699
v 0.069552 4.697116 0.401603
v -1.303268 8.774227 -0.290956
v -0.077232 7.820472 -0.076887
v -0.194117 7.928731 -0.259868
v -0.723327 9.296142 0.597933
v 0.076489 3.943481 0.080684
v -0.951170 9.192311 0.359602
v 0.038058 2.677869 -0.028242
v -1.195269 9.463725 0.886880
v 0.072452 5.968193 0.069212
v 0.432644 1.055293 -0.155049
v -1.059453 9.683270 0.762037
v 0.085204 0.915916 -0.203972
v -1.378991 9.548735 0.573716
v -1.646806 9.037601 -1.238873
v 0.147366 3.385609 0.029020
v 0.363758 7.026306 0.174458
v -1.226843 8.824024 -0.632231
v 0.232770 7.511249 0.048956
v -1.044191 8.947314 -0.290826
v -1.328435 8.979459 -0.367236
v -0.190021 8.106252 -0.191572
v -1.488004 9.143641 -1.282006
v -0.126938 8.094175 -0.487504
v 0.432623 6.577844 -0.059144
v -1.497339 8.899675 -1.545661
v 0.010498 8.508916 -0.251091
v -1.623803 8.823215 -1.963091
v 0.083562 8.060248 -0.099841
v -0.921581 8.909468 0.277346
v -0.472392 8.901952 0.103998
v 0.188211 7.883122 -0.056585
v -0.756947 8.660810 -0.107354
v 0.173587 7.996263 -0.265816
v -0.175331 8.375350 -0.135290
v -0.190316 9.006619 0.162562
v -0.477165 8.851958 -0.150043
v -0.210806 8.266471 -0.163429
v -0.126752 8.085423 -0.129695
v -0.382348 9.152043 0.255308
v -0.258880 9.176436 0.131119
v -0.269863 8.557146 -0.368653
v 0.223850 9.366652 1.047817
v -0.294573 8.390076 -0.412742
v -0.241864 8.211593 -0.409795
v -0.023340 9.300724 1.041320
v -0.133391 8.656955 -0.459254
v 0.029280 9.506827 1.160384
v 0.160713 9.526019 1.023961
v 1.095800 9.642016 1.606509
v -0.087441 8.176821 -0.545456
v -0.701894 9.703252 1.197151
v -0.805154 9.865958 1.296640
v 0.040475 8.247469 -0.528787
v 0.313543 7.447670 -0.217574
v -0.716790 9.781630 1.038475
v -0.494567 9.909947 1.499932
v 0.230458 7.345253 -0.312337
v -2.533665 9.710794 0.058320
v 0.340156 7.058353 -0.201782
v -2.747341 9.743613 0.362219
v 0.050331 7.915559 -0.437810
v -0.199591 8.585793 -0.402109
v -3.001434 9.650248 0.229959
v -0.256835 8.550250 -0.474916
v -3.167499 9.739595 0.226573
v -3.411847 9.464106 0.465045
v -0.290472 8.391059 -0.528656
v -0.208220 8.233595 -0.536558
v -3.014622 9.842402 -0.383919
v -2.977630 9.933756 0.227521
v -0.253226 8.232306 -0.284215
v -2.474698 9.882713 0.227876
v -2.897595 9.884459 -0.707070
v -0.014026 8.293315 -0.171699
v -0.108063 8.225540 -0.137982
v -2.996240 10.027195 -0.388483
v -0.012586 8.033771 -0.095117
v -3.084391 9.676103 -1.115416
v -2.600688 10.056118 -1.680406
v 0.122523 7.831428 -0.027859
v 0.085969 8.306366 -0.220362
v -2.966898 9.849572 -1.471292
v -2.414009 10.191100 -1.567931
v 0.133151 8.072483 -0.153172
v 0.280577 7.796683 -0.116535
v -2.471565 10.019223 -1.616207
v 0.273784 7.617851 0.014683
v -2.678057 9.974425 -1.476612
v 0.449260 6.685853 -0.013460
v -3.353391 9.745541 -0.968536
v -0.017342 8.659650 -0.739229
v 0.489708 6.836971 0.067611
v 0.472961 5.794469 0.029278
v 0.413618 5.872370 -0.091479
v 0.594333 8.889371 -0.728062
v 0.542030 8.878474 -0.504153
v 0.341700 6.620041 -0.151251
v 0.394082 8.986976 -0.531568
v 0.375312 2.340635 -0.052689
v 0.803649 9.146868 -0.952284
v 0.340747 3.796772 0.031249
v 0.420831 5.292657 -0.084703
v 1.037024 9.038773 -0.842901
v 0.900697 8.986753 -1.481424
v 0.124517 7.262528 -0.331591
v -0.027910 7.867179 -0.419761
v 1.117646 9.033593 -1.655828
v -0.021491 7.207247 -0.316036
v 0.934193 9.171659 -1.508480
v 0.816124 8.904728 -1.998839
v -0.152891 7.910407 -0.392296
v 1.107726 8.554666 -2.278496
v 0.229759 5.171402 -0.051005
v 0.118387 6.098559 -0.138657
v 1.312052 8.671586 -2.574727
v -0.135631 7.118278 -0.217277
v 1.026622 8.671349 -2.627036
v 1.273196 8.469163 -2.721757
v -0.035801 6.622251 -0.070270
v 2.445279 8.359776 -2.847892
v -0.165814 7.618992 -0.186057
v 0.057161 5.883612 0.148177
v 2.489987 8.526420 -2.839668
v 1.160523 8.593640 -3.141045
v -0.146762 7.851110 -0.141197
v 0.045189 7.673125 -0.024955
v 1.196627 8.778505 -3.051702
v 0.094196 6.992890 0.084993
v 0.813348 8.711295 -3.507196
v 0.760284 8.712997 -1.942114
v 0.193300 6.167798 0.254232
v 0.207404 7.152994 0.108011
v 0.832099 8.599048 -2.221986
v 0.231293 8.980971 -2.236934
v 0.462669 6.526759 0.237158
v 0.432471 3.750428 0.424517
v 0.453787 8.933310 -2.275513
v 0.497682 3.257753 0.345215
v -0.471054 9.496451 -2.653425
v 0.110574 9.246612 -2.551467
v 0.505421 4.550971 0.340483
v 0.491011 5.876231 0.149643
v 0.084226 9.334378 -2.391942
v 0.567333 0.804534 0.470430
v -0.753007 9.461078 -3.093802
v -0.323905 9.640870 -2.734648
v 0.231515 5.936243 -0.130909
v 0.278571 4.514887 -0.018279
v -0.544776 9.494350 -3.129588
v -0.718978 9.591039 -3.213218
v 0.267563 2.793468 -0.064784
v 0.266394 1.252255 -0.184418
v -1.297270 8.973701 -3.222497
v 0.130589 1.642361 -0.154782
v 1.070818 9.214965 -1.044289
v 1.455826 9.308602 -0.464661
v 0.326148 0.677772 -0.242944
v 0.205105 0.680165 -0.331385
v 1.239480 9.568010 -0.392854
v 0.045338 6.130924 -0.071823
v 1.418639 9.463544 -0.536882
v 1.344878 9.408517 -0.128900
v 0.128761 5.445462 0.004872
v 0.057040 5.163422 0.092232
v 1.608588 9.538815 0.016776
v 1.636363 9.337687 0.437464
v -0.026290 3.157394 0.075476
v -0.033306 4.013398 0.151505
v 1.499454 9.297556 0.541978
v -0.013852 1.255416 -0.116048
v 1.524614 9.461726 0.609818
v -0.108898 3.219773 0.174276
v 1.881963 8.982676 0.853127
v 1.672674 9.447418 0.611338
v 0.117173 5.938081 0.222961
v 1.876570 8.995942 1.038251
v -0.024794 4.754282 0.254380
v 0.250593 2.916218 0.521069
v 1.786134 8.838821 0.968651
v 0.314495 0.716442 0.721719
v 1.978592 8.308521 1.063923
v 1.839060 7.849967 0.814560
v 0.052931 1.817090 0.654251
v 1.893514 8.207773 0.927805
v 0.452532 3.837127 0.186392
v 0.444554 3.078845 0.178902
v 1.721779 9.332253 -0.293314
v 0.603333 0.967769 0.209035
v 1.703798 9.504234 -0.335385
v 1.848064 9.284581 -0.903255
v 0.456635 2.005736 -0.003703
v 0.749935 0.213835 0.486267
v 1.966469 9.342538 -0.771220
v 0.708512 0.556556 0.165474
v 2.003496 9.482384 -0.825403
v 0.667569 1.040737 -0.014717
v 1.894225 9.430850 -0.998121
v 0.855908 0.400494 0.041139
v 2.169444 8.593706 -1.280345
v 2.313471 8.509233 -1.247718
v 0.778997 0.452346 -0.073652
v 2.298081 9.019575 -1.171398
v 0.478600 0.315919 -0.215281
v 0.392880 -0.091391 -0.328304
v 2.097888 8.290783 -1.084512
v 0.396330 0.150241 -0.435803
v 2.115055 7.877973 -1.182720
v 0.801472 9.831977 0.021988
v 0.204603 -0.483326 -0.348354
v 0.281231 0.059078 -0.551223
v 0.747246 9.860142 -0.111478
v 0.795049 10.003960 -0.125186
v 0.126671 -0.494534 -0.733790
v 0.223634 -0.141330 -0.633703
v 0.859657 9.990252 0.009173
v 0.022543 0.056185 -0.247694
v 1.097942 9.350924 1.652868
v 1.154016 9.345892 1.933177
v -0.084583 -0.229547 -0.146170
v 0.866382 9.519633 1.798221
v -0.133717 0.000977 -0.074067
v -0.026989 -0.645330 -0.164599
v 1.880409 9.712472 1.914084
v -0.125134 -0.359529 -0.092341
v 1.741084 9.631397 2.026219
v 1.680182 9.787340 1.986894
v -0.699702 -0.345247 0.301544
v 2.146163 9.337831 2.560859
v -0.210978 1.430735 0.227162
v -0.281052 1.197878 0.344219
v 1.960003 9.362868 2.550312
v 1.944804 9.431488 2.673108
v -0.677207 -0.082091 0.505015
v -0.174795 2.006121 0.434038
v 2.158240 9.409971 2.663134
v 2.017443 8.738738 2.745487
v -0.447951 -0.508798 0.279687
v 1.381722 8.719575 2.902239
v -0.675556 -0.440172 0.435311
v -0.487909 0.040596 0.592134
v 1.715749 8.617412 2.647392
v -0.306255 -0.137995 0.645442
v 1.787227 8.892921 2.637548
v 2.169661 8.287164 2.378871
v -0.188031 0.816590 0.600656
v -0.025619 2.651468 0.592113
v 2.342570 8.260440 2.370085
v -0.114974 -0.285233 0.269225
v 2.259522 8.337070 2.273386
v -0.164378 -0.266108 0.745402
v 0.786869 8.282814 2.925008
v -0.195484 0.048909 0.987676
v 1.024173 8.701961 2.776882
v 0.963588 8.650546 2.935463
v -0.098355 0.785647 0.789870
v 0.825417 0.036355 -0.080874
v 0.911415 8.402728 2.755111
v 0.980769 -0.178059 0.023077
v 0.640719 8.326464 2.840058
v 0.724605 9.278621 1.696818
v 0.864819 -0.271237 -0.044568
v 1.038160 9.063621 1.978183
v 0.613407 -0.294957 -0.039375
v -1.609779 9.355859 0.704374
v 0.917991 -0.450905 0.054049
v -1.575799 9.582042 0.737176
v 0.776080 -0.070593 0.365090
v -1.425651 9.003413 1.154655
v 0.754662 -0.386140 0.351280
v -1.281217 8.913741 1.402192
v 0.660752 -0.543334 0.231702
v -1.474260 9.057023 1.485164
v 0.444099 -0.517401 0.330623
v -1.296707 9.067403 1.488630
v -0.045528 1.037651 0.749693
v -0.071136 0.310529 1.098055
v -1.550012 8.070496 1.961765
v -0.073199 -0.168436 1.215946
v -1.472443 8.624373 1.856010
v -1.816718 8.259469 1.791685
v -0.009616 -0.489228 1.114395
v 0.180471 -0.405698 0.365425
v -1.735357 8.261039 2.009642
v 0.284289 -0.301603 0.606626
v -1.505167 7.441670 2.074858
v 0.198959 -0.214282 0.802449
v -1.567955 8.952945 1.354545
v -1.539641 9.178759 1.195707
v 0.269670 0.080890 0.761869
v -2.124030 8.827973 1.068760
v 0.469944 -0.428988 0.653450
v 0.622891 -0.399901 0.816600
v -2.096745 8.808127 0.897466
v -2.122921 8.974935 0.889147
v -2.259677 8.934497 1.001436
v 2.393737 8.926908 -0.169576
v 1.794545 9.271727 -0.034407
v 2.350729 8.955317 -0.008079
v 2.508093 9.009223 0.037932
v 2.446239 9.122970 -0.169311
v 2.811603 8.324271 -0.025920
v 2.877856 7.607566 -0.187771
v 2.684478 8.365208 0.128291
v 2.891448 8.242258 0.130755
v 3.024796 6.785346 -0.142339
v 3.027704 7.606629 -0.094189
v 3.056782 7.603037 -0.238238
v 2.947754 6.927050 -0.050627
v 3.109100 7.009867 -0.025759
v 2.828514 6.296889 0.030057
v -2.305277 8.354237 0.611983
v -2.391231 8.329608 0.481391
v -1.803111 7.848660 0.367085
v -1.829114 7.873902 0.222793
v -1.968456 7.830700 0.297007
v -2.145278 7.900205 1.822763
v -3.317877 7.043848 2.018719
v -2.945602 7.469181 1.709233
v -3.043620 7.641025 1.846538
v -3.283003 6.983811 1.871835
v -3.366937 7.148056 1.847474
v -3.350157 6.674622 1.890342
v -0.423528 9.185425 -1.478665
v -0.289391 9.155068 -1.497392
v -0.273349 9.199111 -1.321642
v -0.426846 9.232705 -1.300467
v -0.126494 9.686162 -1.919417
v 1.554256 9.384304 -0.527942
v 1.681474 9.366904 -0.453100
v 1.731080 9.510355 -0.440794
v 1.585282 9.552821 -0.525420
v -1.339018 8.982978 1.605943
v -1.519078 8.945388 1.547389
v -1.457587 8.814284 1.442595
v -1.287691 8.826276 1.516756
v -1.148609 8.934451 0.032914
v -0.996810 9.064648 0.035428
v -1.106995 8.803457 0.052217
v 0.654523 7.963491 2.482604
v -0.841906 9.026191 0.010511
v -0.794658 8.993550 0.283038
v -0.052876 8.709766 -0.689672
v -1.162906 9.649576 0.862369
v -1.086253 9.418801 0.558092
v -0.906357 9.592917 1.036211
v -0.877701 9.751769 0.898403
v -0.833383 9.213267 0.495155
v -0.898699 9.385218 0.726435
v -0.719298 9.518444 0.910634
v -0.983363 9.452229 0.549615
v 0.367290 10.008945 0.093862
v -1.480697 9.442712 0.614730
v -1.506528 9.629381 0.632269
v -1.336630 9.352931 0.816471
v -0.360261 8.786735 -0.173452
v -0.605051 8.585957 -0.188015
v 2.048035 7.759479 -1.137018
v -0.509161 8.643682 -0.081908
v -0.597532 8.774640 0.030170
v 2.410666 8.769728 -1.723339
v 1.068238 9.519604 1.555630
v 0.843184 9.254031 1.661733
v 1.082379 9.459187 1.916251
v 1.239617 9.357007 1.823182
v -1.308453 8.891862 -3.256703
v 0.698867 9.374817 1.735003
v -1.304445 8.910265 -3.355077
v -2.467570 9.805285 0.086975
v -2.806320 9.715187 0.106054
v -1.411479 8.952709 -3.363746
v -2.962561 9.758227 -0.021382
v -2.819341 9.780990 -0.193314
v -2.994164 9.933217 -0.045498
v -2.780739 9.970392 0.210954
v -2.603219 9.700399 0.245646
v -3.285721 9.698574 -1.029733
v -3.053088 9.826207 0.008335
v -2.917250 9.833477 0.353467
v 0.805559 8.765416 -3.561499
v -3.262859 9.774664 -0.800265
v 1.032883 9.155538 -1.566613
v -3.104282 9.919021 -0.944683
v 3.104420 8.152081 -2.800257
v 0.681539 9.036722 -0.900527
v -3.416136 9.212093 0.577066
v 0.821681 8.940267 -0.848277
v 0.940567 9.213101 -1.032309
v 0.911215 9.058105 -1.741020
v 0.766200 8.858346 -1.900654
v 0.896460 8.869201 -1.738803
v 1.121194 8.778390 -1.990086
v 0.963477 8.633960 -2.042921
v -3.394544 9.788266 -1.010797
v 1.079849 8.548852 -2.703654
v 1.418471 8.531390 -2.654524
v 1.357034 9.512832 -0.496985
v 1.138822 8.714966 -2.582268
v 1.093234 8.729298 -2.869630
v 1.212132 9.490577 -0.268706
v 1.534856 9.531992 -0.433917
v 1.817576 9.385166 -0.312366
v -1.371184 8.766664 1.480327
v 1.565428 9.325823 -0.363453
v 1.399361 9.351399 -0.562054
v 1.398761 9.313150 -0.345324
v -1.292977 8.889106 1.587517
v 1.532680 9.347623 -0.219764
v -1.439655 8.967658 1.609002
v 1.552740 9.337054 -0.023103
v 1.369498 9.668380 -0.200034
v -1.529769 8.851102 1.504477
v 1.489937 9.570621 -0.343742
v 1.364193 9.554102 0.038821
v -1.256895 8.887846 1.445477
v 1.774112 9.364902 0.022236
v -1.485525 8.909832 1.387310
v -1.301533 9.031922 1.564074
v -1.494519 9.034101 1.503128
v 1.630372 9.351896 -0.504286
v 2.345806 8.772218 -1.218727
v 2.281857 8.495409 -1.344770
v 1.554818 9.471316 -0.558837
v 1.679083 9.565397 -0.498440
v 1.740796 9.436925 -0.453608
v 1.719278 8.714232 2.603748
v 1.505103 9.346784 -0.476556
v 1.674132 9.360388 -0.372837
v 1.701045 8.774871 2.851063
v 1.499086 9.523084 -0.497049
v -1.376709 9.334641 1.073587
v 1.703534 9.519024 -0.377673
v -1.273705 9.215341 1.234731
v -1.251311 8.995427 1.429978
v -1.295268 8.975379 1.304198
v -1.386558 9.150584 1.362413
v -1.536001 9.020845 1.422577
v -1.391744 9.070111 1.513595
v -1.396313 8.911779 1.373145
v -1.490678 9.096051 1.390469
v -1.496937 8.938638 1.277664
v -1.643006 9.046679 1.291637
v -1.774666 7.942600 1.907844
v -1.605688 8.128106 2.048731
v -1.977002 8.090390 1.807117
v -1.830209 8.325515 1.858360
v 0.965490 9.027240 2.015886
v -1.585220 7.343283 0.211885
v -1.032390 8.717637 -0.314837
v -1.152672 9.023673 -0.038240
v -0.800213 9.079844 0.422718
v -0.716747 9.232287 0.458659
v -0.865921 9.211008 0.306568
v -0.883251 9.471225 0.553283
v -1.320391 9.650743 0.746681
v -1.178951 9.600342 0.657311
v -1.354061 8.948959 -1.024903
v -1.450707 8.935283 -0.920527
v -1.329164 9.070780 -0.836918
v -1.138144 8.875544 -0.527674
v -1.240272 9.010554 -0.374602
v -1.500578 9.022824 -0.754459
v -1.505396 8.903574 -0.727081
v -1.710722 8.765448 -1.761797
v -1.573861 8.966295 -1.381568
v -1.570792 9.138749 -1.243872
v -1.588112 8.508837 -2.044991
v -1.549926 8.855934 -1.834262
v -1.666876 8.502249 -2.272452
v -0.886139 8.771749 0.108886
v -0.663622 8.944712 0.091610
v -0.748894 8.853160 -0.199839
v -0.284491 8.816798 -0.028041
v -0.429685 9.009583 0.155289
v -0.310266 8.901558 -0.074727
v -0.360777 9.001428 -0.105968
v -0.271778 9.092148 0.521206
v -0.259022 9.240922 0.663050
v -0.330277 9.189164 0.168503
v -0.015691 9.242826 0.637552
v 0.166108 9.327790 1.114077
v -0.222833 9.371606 0.717631
v -0.102878 9.372649 0.558865
v 0.020176 9.431027 1.194965
v 0.084105 9.543351 1.084615
v 0.611763 9.390029 1.368288
v 0.412840 9.353311 1.459249
v 0.409580 9.544774 1.503344
v 0.567668 9.585401 1.366534
v -1.003860 9.701221 1.089245
v -0.965439 9.798382 1.041218
v -0.771302 9.890448 1.205608
v -0.551593 9.842882 1.416615
v -0.583020 9.904435 1.473871
v -0.567017 9.944220 1.335262
v -2.042608 9.529636 0.389557
v -1.937584 9.702753 0.524302
v -2.059794 9.630676 0.497898
v -2.232691 9.598900 0.461090
v -1.936358 9.724433 0.408245
v -3.066676 9.579805 0.447293
v -3.204695 9.706051 0.395090
v -3.310416 9.628000 0.354711
v -3.196141 9.500378 0.299984
v -3.436736 9.388964 0.403315
v -2.747674 9.822437 -0.306017
v -2.942681 10.021306 -0.065078
v -2.947644 9.762712 -0.964105
v -3.167603 9.973100 -0.714570
v -2.919237 9.691643 -1.331941
v -2.866371 9.882243 -1.175509
v -3.143215 9.855575 -1.261121
v -2.734697 9.823276 -1.457618
v -2.886689 9.775175 -1.525239
v -2.692860 9.893116 -1.650558
v -2.600537 9.874817 -1.607710
v -2.861316 9.932014 -1.457280
v -2.785659 9.948721 -1.624752
v -2.454603 10.181831 -1.618817
v -2.395395 10.151177 -1.581844
v -2.530194 9.995507 -1.557616
v -2.631619 10.059377 -1.606022
v -2.480589 10.141153 -1.535843
v -3.327628 9.308420 0.445663
v -3.482919 9.261419 0.546706
v 0.125013 8.804027 -0.505451
v 0.284142 8.680815 -0.585083
v 0.547485 8.832086 -0.562463
v 0.227583 8.667026 -0.423115
v 0.149152 8.799373 -0.405606
v 0.496982 8.958634 -0.507019
v 0.776675 8.974813 -0.674118
v 0.637654 9.087529 -0.733351
v 0.806022 8.987440 -1.139431
v 1.048651 9.034118 -1.204875
v 0.849702 9.158889 -1.245290
v 1.080284 8.853205 -2.173951
v 0.941935 8.787260 -2.252185
v 1.176926 8.818432 -2.173710
v 1.056190 8.498169 -2.469449
v 1.176221 8.471566 -2.508349
v 1.844367 8.461063 -2.821650
v 1.865677 8.625488 -2.772834
v 1.635464 8.701901 -3.000026
v 2.270222 8.610256 -2.920431
v 2.677784 8.425197 -2.944042
v 2.229540 8.447989 -2.935764
v 2.653437 8.309459 -2.945296
v 2.417476 8.451862 -2.810923
v 2.866386 8.296340 -2.785021
v 0.981683 8.682177 -2.903528
v 1.051742 8.586227 -2.916186
v 0.969402 8.630508 -3.144091
v 1.185606 8.696090 -3.174601
v 0.985534 8.791457 -3.105367
v 0.803147 8.720010 -3.415736
v 0.912103 8.661036 -3.389101
v 0.953342 8.812752 -3.355527
v 0.624507 8.886789 -2.141269
v 0.536709 8.906162 -2.089195
v 0.550126 8.691989 -2.098574
v 0.592097 8.659527 -2.196548
v 0.308155 8.844058 -2.247565
v 0.364308 8.977532 -2.230508
v 0.123087 9.097096 -2.415817
v 0.273757 8.960457 -2.405420
v 0.127385 9.173579 -2.308172
v 0.146978 9.315999 -2.472260
v -0.120791 9.245507 -2.418570
v -0.180951 9.348385 -2.578197
v -0.176905 9.425250 -2.675454
v -0.414614 9.610750 -2.677525
v -0.426404 9.539814 -2.924527
v -0.606210 9.557554 -2.931773
v -0.488100 9.700435 -2.979376
v -0.639829 9.528481 -3.224267
v -1.054419 9.195289 -3.177351
v -0.947068 9.154378 -3.267894
v -1.078959 9.230095 -3.362021
v 1.021800 9.308311 -0.744765
v 1.150523 9.377351 -0.729809
v 1.265552 9.190690 -0.644244
v 1.245249 9.338200 -0.747186
v 1.630964 9.344729 0.186669
v 1.437932 9.377736 0.240402
v 1.494836 9.543654 0.323440
v 1.612322 9.458405 0.226744
v 1.590685 9.547633 0.333728
v 1.489219 9.375870 0.582651
v 1.745917 9.177385 0.685295
v 1.626997 9.127498 0.787932
v 1.659257 9.289804 0.854185
v 1.764575 9.282781 0.852704
v 1.792980 9.236673 0.755057
v 1.893426 8.582085 1.061926
v 1.966599 8.635221 1.097257
v 1.995295 8.673899 0.914582
v 1.876377 8.547357 0.971833
v 2.040744 8.279852 1.002877
v 2.020890 8.664003 1.009864
v 1.935650 7.966164 0.985141
v 1.949718 7.925930 0.888098
v 1.917489 7.978337 0.823373
v 1.845556 7.959154 0.842279
v 1.852413 7.901765 0.913602
v 1.687651 9.371498 -0.684325
v 1.902309 9.284315 -0.825237
v 1.810990 9.376736 -0.595613
v 1.844471 9.528317 -0.615402
v 1.711791 9.539851 -0.720189
v 1.848561 9.348640 -0.978234
v 1.999196 9.429498 -0.763413
v 1.959019 9.480824 -0.927974
v 2.030812 9.036502 -1.134011
v 2.127756 9.231799 -0.948559
v 2.100712 9.168882 -1.327024
v 2.232003 8.794088 -1.504462
v 2.421982 8.703685 -1.514925
v 2.431175 8.864363 -1.521994
v 2.106323 8.346497 -1.154736
v 2.198903 8.656178 -1.098692
v 2.180060 8.346789 -1.104196
v 2.187847 8.071740 -1.185706
v 2.135107 8.072062 -1.223557
v 1.083734 9.666041 -0.047442
v 1.001140 9.753807 -0.214101
v 1.042669 9.849674 -0.220457
v 1.171828 9.820983 -0.046523
v 0.829844 9.909070 0.044788
v 0.739831 9.943897 -0.136839
v 0.858309 10.021771 -0.067599
v 0.500527 9.915649 0.006205
v 0.565188 10.068264 0.066797
v 1.505184 9.567378 1.725307
v 1.457328 9.558276 1.908971
v 1.303919 9.694030 1.869743
v 1.699288 9.698730 2.051495
v 1.833350 9.789448 1.972652
v 2.088979 9.553308 2.275943
v 1.913243 9.549034 2.287936
v 1.919340 9.670375 2.354205
v 2.104464 9.621459 2.339544
v 1.916733 9.402583 2.614826
v 2.047644 9.431841 2.682879
v 2.112418 9.083892 2.711981
v 1.900903 9.139823 2.668291
v 1.777474 9.104119 2.830521
v 1.974779 8.498704 2.510945
v 2.098336 8.471001 2.558407
v 2.074556 8.612610 2.438834
v 2.269636 8.264228 2.392785
v 2.201864 8.503380 2.541261
v 2.314466 8.346424 2.323590
v 2.265665 8.049808 2.286820
v 2.336722 8.041191 2.311237
v 2.389020 8.063326 2.252331
v 2.348321 8.094594 2.195990
v 1.354596 8.591000 2.732286
v 1.351717 8.806022 2.720880
v 1.157401 8.691323 2.922369
v 1.019662 8.474415 2.960477
v 1.022025 8.729741 2.847490
v 0.878519 8.495191 2.984429
v 0.796855 8.563986 2.838282
v 0.675521 8.278175 2.917464
v 0.719135 8.360895 2.772193
v 0.675488 8.054203 2.707826
v 0.634140 8.119544 2.598089
v 0.608468 8.058522 2.662698
v 1.068830 9.138709 1.868624
v 0.850367 9.154037 1.888944
v 0.862518 9.268622 1.940345
v 1.074172 9.138509 1.980854
v -1.390833 9.166067 0.979017
v -1.518101 9.393300 0.949037
v -1.278714 9.196488 1.067350
v -1.414917 8.542315 1.703564
v -1.581963 8.554244 1.636872
v -1.601449 8.676787 1.758513
v -1.399393 8.797877 1.741319
v -1.565467 8.537984 1.917729
v -1.715104 7.600524 1.987996
v -1.637751 7.777169 2.161432
v -1.483464 7.587736 2.053170
v -1.843809 8.929757 1.216929
v -1.779929 8.905595 1.140403
v -1.770512 9.019570 1.025438
v -1.956045 9.075639 1.120047
v -1.812372 8.918804 1.025214
v -2.122319 8.873136 0.854212
v -2.251938 8.959749 0.920357
v -2.394385 8.595546 0.884804
v -2.286975 8.598932 0.754425
v -2.379479 8.680447 0.691784
v -2.453882 8.666289 0.853114
v -2.487123 8.346487 0.584541
v 2.041094 9.175544 -0.237917
v 2.066436 9.120843 -0.132070
v 2.067699 9.348748 -0.116506
v 2.060048 9.328548 -0.245935
v 2.085583 9.136426 -0.044255
v 2.103867 9.280873 -0.020018
v 2.533307 8.700878 0.068993
v 2.523111 9.067279 -0.053853
v 2.648513 8.641653 -0.084493
v 2.738368 8.293359 0.044639
v 2.738274 8.660004 0.123870
v 2.865718 8.346244 0.058120
v 2.840400 7.977871 -0.111211
v 2.793442 7.994107 -0.000016
v 2.799924 8.269808 0.162621
v 2.996072 7.945470 -0.044545
v 2.946326 7.968138 -0.133998
v 2.964885 7.899289 0.017955
v 2.968319 7.235738 -0.220471
v 2.943845 7.639466 -0.103645
v 3.071376 7.595226 -0.158091
v 3.074739 7.219020 -0.241525
v 3.006450 7.293173 -0.102378
v 3.089650 7.335182 -0.096077
v 2.942235 7.211884 -0.130894
v 3.003606 6.927991 -0.005152
v 3.104315 6.818149 -0.079683
v 2.879799 6.474006 -0.031118
v 2.870843 6.568443 0.012045
v 2.951597 6.442422 0.001355
v -2.321212 8.374723 0.540460
v -2.249017 8.036526 0.453409
v -2.165118 8.064628 0.510375
v -2.115176 8.110623 0.321260
v -1.805290 7.904538 0.287496
v -1.868001 7.815137 0.220461
v -1.656809 7.507604 0.288185
v -1.636329 7.591785 0.182908
v -1.731539 7.523644 0.244268
v -2.192150 8.117288 1.774136
v -2.014513 8.045609 2.022970
v -2.570792 7.863561 1.905121
v -2.398474 7.959926 1.714155
v -2.733409 7.862965 1.869855
v -2.827948 7.574120 1.787926
v -2.574847 7.747574 1.714960
v -2.815632 7.698908 1.664626
v -2.907677 7.792465 1.761989
v -3.056326 7.405734 1.940380
v -3.128049 7.262025 1.874116
v -3.078558 7.554755 1.741468
v -3.174539 7.192130 1.802166
v -3.341992 7.000764 1.841772
v -3.411893 7.049597 1.959913
v -3.347497 6.749444 1.952229
v -3.326495 6.776758 1.883491
v -3.453351 6.807606 1.874631
v -3.429840 6.758147 1.946480
v -0.268647 8.907208 -0.956260
v -0.393745 8.794658 -1.014832
v -0.244643 8.797809 -1.098450
v -0.249891 9.222018 -1.471059
v -0.360871 9.298627 -1.353493
v -0.259684 9.542108 -1.815401
v -0.181912 9.517768 -1.813480
v -0.239605 9.636010 -1.684298
v -0.066659 9.789232 -1.918240
v -0.115183 9.162221 0.629484
v -0.200595 9.120246 0.140573
v -0.450481 8.972742 -0.070182
v -0.317413 8.918138 0.148994
v -0.534013 8.878369 -0.082267
v -0.640524 8.733544 -0.172847
v -1.699859 8.598192 -2.115607
v -1.628438 8.638174 -1.866596
v -1.684019 8.263708 -2.287441
v -1.730273 8.284782 -2.392693
v -1.667913 8.963386 -1.691405
v -1.565601 9.075387 -1.630835
v -1.446715 9.077332 -1.339354
v -1.389308 9.534785 0.841928
v -1.222286 9.455564 0.696769
v -0.752833 9.504830 0.661074
v -0.686702 9.528773 0.797472
v -0.945470 9.016927 0.323415
v -1.363539 8.891396 -0.348721
v -1.084460 8.685891 -0.165498
v -0.906674 8.776929 -0.216673
v -1.279562 8.760427 -0.493006
v -1.467812 7.354960 2.148762
v 2.337304 7.920153 2.227341
v 3.080337 8.037820 -2.801100
v -1.533556 8.979685 1.439067
v -1.397931 9.049130 1.549428
v -1.254574 8.960139 1.513097
v 1.716719 9.433938 -0.356719
v 1.612640 9.558900 -0.425736
v 1.472087 9.424513 -0.506803
v 1.574813 9.331315 -0.426136
v -1.678199 8.256690 -2.391268
v 0.912844 9.631937 1.664563
v 0.999789 9.000081 -1.850576
v 1.350808 8.725502 -2.819942
v 1.695096 9.523709 -0.196359
v -3.230228 9.880090 -0.734263
v 1.561496 8.905730 2.787188
v -1.649143 9.466893 0.734120
v -1.352410 8.874747 1.398397
v 1.801916 8.613315 2.713663
v 2.013609 8.840074 2.645845
v 2.186038 8.857780 -1.142762
v -3.098823 9.849154 0.234403
v -1.030432 9.351568 0.617787
v -2.899093 9.685719 0.307655
v 0.214824 9.448823 1.008314
v -0.765699 9.782084 1.294602
v -0.641357 9.761248 1.165397
v -0.589322 9.973408 1.430812
v -0.454781 9.961429 1.504815
v -2.582577 9.828794 0.345068
v -1.940829 9.620592 0.337697
v -3.094359 9.700243 0.193571
v -3.130689 9.489599 0.403819
v -3.277054 9.557102 0.286576
v -2.918654 9.827807 -0.560416
v -2.736784 9.918973 -0.242731
v -2.808908 10.008090 -0.118471
v -3.041358 9.970578 -0.397718
v -3.068837 9.737671 -0.790271
v -2.963939 9.983180 -0.553247
v -3.052828 9.734053 -1.329431
v -2.495525 10.051009 -1.670957
v -3.258777 9.752314 -1.146188
v -3.447712 9.223543 0.484645
v -3.347268 9.404616 0.529672
v 0.213882 8.760385 -0.564504
v 0.488981 8.953435 -0.625214
v 1.111467 9.124031 -0.980381
v 1.084118 9.138698 -1.311581
v 0.985474 9.201570 -1.320327
v 1.000781 8.969724 -1.520808
v 0.877171 9.069913 -1.498506
v 0.995602 8.517809 -2.270301
v 0.947854 8.611256 -2.426160
v 1.198401 8.603408 -2.406992
v 1.605264 8.586094 -3.037334
v 2.765529 8.200570 -2.869898
v 2.836756 8.193307 -2.784819
v 2.819504 8.419339 -2.868842
v 3.034253 8.159601 -2.884081
v 1.301463 8.513874 -2.948211
v 0.824289 8.809848 -3.403254
v 0.814972 8.749095 -2.158642
v 0.792877 8.606600 -2.080537
v 0.635646 8.754891 -2.209120
v 0.505882 8.806727 -2.059080
v 0.425902 8.823881 -2.302709
v 0.311797 9.073800 -2.416691
v 0.288386 9.139163 -2.330173
v -0.092343 9.478501 -2.627527
v -0.186209 9.422050 -2.462192
v -0.411626 9.484511 -2.728201
v -0.118348 9.515794 -2.529968
v -0.321916 9.571206 -2.767333
v -0.577330 9.641500 -2.936363
v -0.515382 9.524141 -2.914881
v -0.418863 9.630814 -2.973879
v -0.686890 9.427364 -3.116023
v -0.765894 9.531923 -3.143010
v -1.131007 9.266617 -3.301097
v -1.380547 8.968299 -3.262204
v 0.888741 9.106606 -0.828333
v 1.226963 9.230982 -0.480399
v 1.136049 9.276824 -0.614298
v 1.569838 9.273505 0.499177
v 1.668484 9.408158 0.516064
v 1.583169 9.502206 0.612181
v 1.823839 8.889704 0.880289
v 1.919348 8.985667 0.957379
v 1.793430 8.951609 1.020296
v 1.964948 8.314562 0.889569
v 1.925840 8.240245 1.013396
v 1.815802 7.739799 0.830169
v 2.160193 9.317435 -1.019071
v 2.314458 9.004345 -1.465222
v 2.031461 7.913867 -1.095498
v 0.784133 9.814256 -0.049182
v 0.525853 9.910975 0.080575
v 0.538532 10.071263 -0.007891
v 1.518343 9.703240 1.705794
v 1.812184 9.633718 1.962979
v 1.421701 9.755883 1.777287
v 2.199819 9.375440 2.630022
v 2.049790 9.335071 2.528143
v 2.093499 9.111903 2.798581
v 2.198062 8.291615 2.294363
v 1.167144 8.520870 2.857536
v 0.991377 8.591297 2.753356
v 0.786536 8.542349 2.935323
v 0.824017 8.272009 2.814976
v 0.723168 8.150424 2.587555
v 0.973708 9.175759 2.011199
v -1.492129 9.243037 0.977341
v -1.492319 9.099141 1.128635
v -1.483575 8.469130 1.887983
v -1.656954 8.237624 1.822326
v -1.819991 7.644386 2.122927
v -1.462113 7.618922 2.145520
v -1.854535 9.102226 1.054770
v -2.129560 8.779862 0.965470
v -2.219784 8.886939 1.060693
v -2.378271 8.324319 0.667390
v 1.764163 9.282088 -0.168756
v 2.444454 9.023883 -0.211212
v 2.369628 8.921181 -0.077593
v 2.377399 9.025492 0.023509
v 2.579840 8.611041 -0.001031
v 2.632716 8.682796 0.129968
v 2.698492 8.747841 -0.076620
v 2.958097 7.619637 -0.263403
v 2.965079 6.837810 -0.107169
v 3.131453 7.255972 -0.159609
v 2.992471 6.539236 0.059363
v 2.833592 6.195600 0.070551
v -2.114537 8.137958 0.488166
v -2.229190 8.077355 0.360095
v -1.873258 7.807161 0.343376
v -1.596143 7.546301 0.248037
v -2.162137 7.837821 1.940017
v -2.485377 7.820623 1.827651
v -2.480193 8.019679 1.831557
v -2.920559 7.667336 1.883674
v -3.169511 7.322351 1.746529
v -3.221077 7.356357 1.949056
v -3.284919 6.990577 1.947533
v -3.249809 7.409931 1.848384
v -3.395373 6.630098 1.865594
v -0.360111 8.917332 -0.928086
v -0.202924 8.823792 -1.004481
v -0.396920 8.827729 -0.905273
v -0.372043 9.119586 -1.478235
v -0.441432 9.266866 -1.448540
v -0.157212 9.611485 -1.683381
v -0.006349 9.250012 0.798921
v -1.043149 8.730050 0.003844
v -0.897257 9.096431 0.119842
v -0.329263 9.112549 0.451891
v -0.297024 8.992582 -0.071629
v -0.914791 9.311868 0.601943
v -0.839807 9.486867 0.886320
v -0.476314 8.930917 -0.038751
v -0.772366 8.778000 -0.202832
v -1.322377 9.423163 0.721258
v -1.707894 8.444171 -2.305850
v -3.037597 9.770189 0.052738
v -1.653226 8.809387 -1.668283
v -1.430657 8.864359 -0.722341
v -0.902113 9.375199 0.469108
v 0.921465 8.566672 -2.129792
v 1.468114 9.549935 -0.418091
v -0.769318 9.088725 0.383082
v 1.496322 9.327950 -0.308939
v -1.221878 8.943431 -0.097094
v -1.015166 8.778131 -0.319339
v 3.141298 8.071140 -2.819202
v -1.425905 9.101987 1.437129
v -1.373268 8.932691 1.328293
v -1.541607 9.056810 1.371033
v -1.529563 9.013925 1.457703
v -1.359227 9.054064 1.555269
v -1.243573 8.939754 1.476540
v 1.740212 9.456521 -0.346568
v 1.545584 9.549296 -0.450663
v 1.459886 9.375585 -0.504090
v 1.602286 9.336308 -0.383528
v -1.714461 8.190988 -2.426218
v -0.676893 9.605600 0.959245
v 1.166084 8.716606 -2.773681
v 1.517627 9.597341 -0.249233
v 1.605557 9.323867 -0.142238
v -1.541240 9.358969 0.896574
v -1.413837 8.895205 1.384063
v -1.078921 8.912404 0.145948
v -3.038076 9.883778 0.066492
v -2.766824 9.909023 0.306859
v -1.111358 9.408484 0.621936
v -2.784553 9.719291 0.212175
v -0.882602 9.835267 1.062404
v -0.514385 9.965201 1.506338
v -1.797857 9.695906 0.524308
v -2.285378 9.681833 0.441028
v -2.122758 9.726559 0.279661
v -3.213386 9.744352 0.345402
v -3.222600 9.420269 0.381044
v -2.670984 9.852765 -0.162204
v -2.986477 9.986557 -0.165973
v -2.828466 9.981485 -0.309940
v -3.151659 9.949770 -0.625869
v -3.167208 9.779146 -1.251700
v -2.618014 9.880393 -1.557353
v -2.418471 10.156813 -1.631520
v -2.510277 10.150417 -1.584929
v -3.349030 9.735239 -1.090639
v 0.090441 8.746346 -0.578445
v 0.600388 9.044740 -0.735106
v 1.084509 9.088280 -1.179464
v 1.046053 9.180985 -1.408044
v 0.897243 8.707243 -2.285144
v 1.134525 8.800586 -2.300219
v 1.081331 8.477763 -2.420325
v 1.237029 8.516199 -2.546995
v 1.469095 8.668644 -3.068416
v 2.565100 8.323321 -2.926309
v 2.973343 8.283234 -2.807587
v 1.034432 8.601063 -2.846850
v 1.079443 8.571322 -2.990420
v 0.918173 8.826550 -3.295333
v 0.603322 8.848322 -2.012604
v 0.545722 8.728217 -2.241443
v 0.334001 8.948611 -2.388234
v 0.269043 9.181651 -2.407089
v -0.068551 9.232783 -2.471039
v -0.006356 9.450482 -2.540957
v -0.191602 9.495445 -2.688106
v -0.253723 9.533908 -2.539972
v -0.391936 9.589529 -2.893767
v -0.506079 9.672153 -2.862149
v -0.576856 9.527161 -2.980573
v -1.229289 9.156225 -3.363332
v 1.029280 9.303464 -0.826268
v 1.208631 9.320779 -0.451535
v 1.294058 9.229568 -0.489382
v 1.615655 9.492957 0.348910
v 1.665885 9.378041 0.796339
v 1.834442 9.178798 0.872158
v 1.897062 8.463038 1.024410
v 1.915995 8.082809 0.841606
v 1.809723 7.817920 0.851152
v 2.116996 9.346416 -0.901921
v 2.424391 8.800607 -1.421359
v 2.412095 8.864449 -1.637236
v 2.243284 8.630038 -1.107950
v 1.225350 9.704151 1.781533
v 2.161153 9.538321 2.411369
v 1.971473 8.526223 2.598757
v 2.292483 8.104415 2.329288
v 2.378376 8.157148 2.232264
v 0.980898 8.419479 2.903649
v 0.847655 8.630187 2.877444
v 0.761997 8.445467 2.973872
v 0.812957 9.255689 1.876255
v 0.945674 9.293918 1.965487
v -1.433442 9.150374 1.046600
v -1.439158 9.426703 0.949662
v -1.569814 8.379744 1.971730
v -1.555406 7.818645 2.137267
v -1.702375 8.920969 1.219550
v -1.886304 8.956479 0.970603
v 1.949662 9.196381 -0.190123
v 2.242280 9.269871 -0.079247
v 2.538138 8.795179 0.084519
v 2.662011 8.505950 -0.000763
v 2.783333 8.081310 -0.010186
v 2.915758 7.862405 -0.193899
v 3.021759 7.818217 -0.065975
v 3.113948 7.378620 -0.147156
v 2.990888 7.166217 -0.080498
v 2.860903 6.221030 0.020658
v -2.235212 8.163005 0.558798
v -2.077050 8.022782 0.281319
v -2.411689 7.884768 1.889017
v -2.745580 7.814565 1.887930
v -2.591669 7.816090 1.679738
v -3.015753 7.404172 1.870623
v -3.099917 7.593569 1.771778
v -3.237839 7.175021 1.791361
v -3.458020 6.852161 1.935078
v -3.392385 6.666402 1.920233
v -0.357672 9.051177 -1.087805
v -0.359820 8.808258 -0.835920
v -0.248060 8.918896 -1.186039
v -0.188299 9.361533 0.867065
v -0.231322 9.060257 0.441007
v -0.398520 9.042594 -0.057111
v -0.314788 8.829913 -0.101650
v -0.691173 8.923415 -0.065422
v -0.738443 8.866111 0.144542
v -1.613299 8.520231 -2.160584
v -1.424177 9.080386 -0.805890
v -1.625516 8.445782 -2.071493
v -1.616751 9.095190 -1.548933
v -1.705854 8.772380 -1.867942
v -1.520018 9.045871 -1.617996
v -1.490156 8.932200 -0.630157
v -1.305092 9.005549 -0.921097
v -1.455559 8.831532 -3.317440
v -1.457232 8.972548 -1.105159
v -1.317812 9.635569 0.690899
v -1.299609 9.620572 0.799078
v -0.840259 9.589116 0.700149
v -0.702906 9.420326 0.624665
v -0.839246 9.100232 0.426431
v -1.118252 9.030795 -0.091149
v -1.124927 8.696548 -0.316941
v 1.005835 8.811248 -1.826526
v -1.516578 8.935380 1.422955
v -1.439213 9.038697 1.543821
v -1.256978 9.096632 1.267422
v -1.268019 8.979234 1.548156
v 1.706899 9.410888 -0.383946
v 1.657080 9.561456 -0.420375
v 1.492023 9.476712 -0.509981
v 1.564772 9.336902 -0.455613
v -3.210611 9.721542 -0.871757
v 0.869441 8.968883 -1.729170
v -1.336922 9.239285 1.229196
v 0.985741 9.092734 -1.711997
v -1.806473 8.094074 1.859431
v -0.567620 8.660485 -0.205162
v -3.326725 9.817390 -0.852086
v -2.857109 9.746723 -0.036988
v -1.308492 8.857787 1.420757
v -0.178987 9.388368 0.610424
v -1.069809 9.497458 0.588822
v -0.044119 9.305832 0.560124
v 0.517543 9.336277 1.414499
v 0.379444 9.443516 1.504478
v 0.478724 9.600453 1.435187
v 0.616578 9.495269 1.341799
v -0.521477 9.895274 1.383737
v -0.909265 9.696837 1.154101
v -1.050161 9.719625 0.996597
v -0.623199 9.841260 1.418233
v -0.638184 9.955482 1.333419
v -3.145075 9.633624 0.442815
v -1.884832 9.606222 0.576575
v -1.789981 9.512961 0.444777
v -2.295569 9.601442 0.364125
v -3.029049 9.583953 0.401411
v -2.861854 9.776211 -1.234356
v -3.184202 9.591293 0.258982
v -3.360549 9.521789 0.342408
v -2.827630 9.816183 -0.365076
v -2.841777 10.017581 0.028725
v -2.977138 9.775805 -0.761043
v -3.105153 9.966151 -0.751164
v -3.005113 9.903685 -1.215783
v 0.246867 8.636254 -0.509165
v -2.957048 9.706877 -1.405065
v -2.589436 9.928032 -1.659994
v -2.796286 9.871250 -1.619343
v -2.759272 9.983369 -1.590656
v -2.444726 10.113475 -1.545467
v -3.478511 9.269995 0.481006
v -3.405618 9.216570 0.513739
v -3.440026 9.261668 0.580317
v 0.088778 8.780074 -0.447043
v 0.199968 8.744423 -0.384109
v 0.719783 9.049968 -0.700911
v 0.335502 8.796418 -0.582368
v 0.738409 8.922381 -0.669651
v 0.924081 8.985082 -1.168299
v 0.795412 9.069327 -1.196523
v 0.913503 9.193258 -1.220504
v 1.740851 8.497270 -2.937049
v 1.009947 8.884773 -2.090044
v 1.175888 8.739467 -2.180453
v 1.034073 8.537103 -2.538720
v 1.888533 8.525918 -2.761486
v 1.777725 8.690328 -2.878933
v 0.942232 8.734812 -3.410581
v 2.610918 8.510842 -2.923672
v 2.804564 8.293003 -2.937002
v 2.929110 8.104563 -2.807761
v 2.740259 8.315104 -2.789404
v 1.013362 8.741316 -2.955991
v 0.876281 8.661852 -3.327928
v -0.999412 9.145350 -3.204727
v 0.774220 8.774539 -3.512964
v 0.705306 8.799350 -2.151166
v 0.502996 8.925880 -2.154874
v 0.645862 8.638774 -2.110363
v 0.440451 8.766172 -2.124996
v 0.233782 8.959282 -2.366472
v 0.269678 9.087890 -2.280247
v -0.073397 9.279811 -2.382333
v -0.263471 9.420479 -2.656567
v -0.464734 9.517673 -2.860596
v -0.628363 9.609502 -3.001016
v -0.481225 9.664028 -3.073070
v -0.984315 9.197600 -3.330605
v -1.093509 9.254560 -3.221271
v 1.250463 9.241559 -0.745209
v 1.019698 9.229297 -0.749492
v 1.253170 9.422387 -0.655711
v 1.526929 9.335800 0.225819
v 1.433035 9.469789 0.285283
v 1.686449 9.118803 0.730946
v 1.651177 9.402440 0.135895
v 1.542669 9.565555 0.407628
v 1.627481 9.197642 0.840702
v 1.929792 8.610644 0.919608
v 1.743611 9.278552 0.655388
v 1.893326 8.723049 1.088835
v 1.747883 9.344771 -0.635427
v 2.030006 8.532655 1.049902
v 1.997414 8.774563 0.968156
v 1.987741 8.025537 0.960898
v 1.906098 8.006495 0.980255
v 1.885146 7.834069 0.830475
v 1.850665 9.452035 -0.589089
v 1.786919 9.565637 -0.674487
v 1.675202 9.454883 -0.722303
v 2.073776 9.108871 -1.019132
v 2.147789 9.256665 -1.208076
v 2.049364 9.080550 -1.273962
v 2.361493 8.676238 -1.579255
v 2.051822 7.940268 -1.150932
v 2.170615 8.637113 -1.136932
v 2.211785 8.202684 -1.243537
v 2.095432 7.944602 -1.116048
v -0.414754 8.775405 -0.004604
v 1.038944 9.678129 -0.137438
v 1.129220 9.855350 -0.140513
v 0.942969 9.854905 -0.217484
v 1.133928 9.741071 -0.008269
v 0.479188 9.997095 -0.004260
v 0.573850 9.876399 0.021890
v 0.517074 9.990990 0.101359
v 0.631492 10.089833 0.002409
v 1.517305 9.545061 1.827550
v 1.387263 9.628103 1.923158
v 1.991558 9.538359 2.247877
v 1.394806 9.594764 1.656054
v 1.609963 9.780004 1.785817
v 1.886264 9.609401 2.334664
v 2.011105 9.673065 2.341410
v 2.020187 9.095786 2.664124
v 1.794561 9.138443 2.749547
v 1.920450 9.096482 2.838163
v 2.156027 8.588829 2.493219
v 2.168067 9.176918 2.746290
v 2.008041 8.549468 2.444952
v 2.293757 8.040840 2.223674
v 2.206447 8.414831 2.503938
v 2.364289 7.967977 2.263007
v 1.491127 8.609889 2.799630
v 1.343107 8.697715 2.697090
v 1.281035 8.801342 2.815728
v 0.713864 8.069860 2.611199
v 1.021897 8.554326 2.976253
v 0.799082 8.506937 2.802360
v 0.951426 9.107262 1.879334
v 0.682284 8.208905 2.646247
v 0.618647 8.009520 2.535943
v 0.634713 8.105644 2.776392
v -1.495440 8.517944 1.654263
v 1.124841 9.196301 1.890481
v 0.999762 9.077422 2.035757
v -1.328707 9.238667 0.941329
v -1.628379 8.607782 1.691841
v -1.497389 8.773977 1.763763
v -1.375086 8.686343 1.726796
v -1.765984 7.556364 2.061011
v -1.920395 9.000821 1.184774
v -1.819599 7.806440 2.130831
v -1.647597 7.701268 1.974298
v -1.403789 7.442566 2.139094
v -1.683776 9.078217 1.083738
v -2.029348 9.085117 1.037302
v -2.334893 8.566035 0.819834
v -1.890205 8.880727 1.054627
v -2.313570 8.647984 0.699798
v -2.443841 8.673965 0.755905
v 2.100427 9.235073 -0.261698
v -2.399530 8.711962 0.939497
v 1.944023 9.406362 -0.190003
v 2.073489 9.216256 -0.011767
v 2.166054 9.067801 -0.095295
v 2.734864 8.718169 0.026737
v 2.508977 8.728472 -0.000834
v 2.729707 8.550987 0.170057
v 2.871207 7.945310 0.030392
v 2.628878 8.802007 -0.137442
v 2.949421 8.079507 -0.027163
v 2.910568 6.531501 0.061653
v 3.001470 7.355970 -0.268546
v 3.019811 7.403957 -0.109772
v 2.958467 7.125075 -0.161576
v 3.125395 7.109435 -0.170453
v 2.899327 6.604129 -0.045043
v -2.096701 8.141574 0.398947
v 3.031523 6.563698 0.005965
v -2.363125 8.133857 0.458903
v -1.678409 7.514340 0.193812
v -2.090487 7.970795 0.434699
v -1.583547 7.405958 0.251391
v -1.639338 7.676072 0.223690
v -2.141495 8.143907 1.878817
v -1.738228 7.596152 0.290373
v -2.187847 8.069818 1.753372
v -3.390588 6.763676 1.851544
v -2.720150 7.913884 1.810775
v -2.615547 7.719798 1.762754
v -3.038226 7.525027 1.704709
v -3.079283 7.473698 1.933861
v -3.198764 7.152132 1.877420
v -3.325184 7.261090 1.933347
v -3.316252 6.823969 1.941756
v -0.304122 8.749397 -1.030246
v -0.181733 8.773283 -0.858880
v -0.120960 9.604403 -1.783830
v -0.454918 8.936309 -1.105223
v -0.282858 9.420484 -1.763160
v -0.233934 9.639165 -1.786358
v -0.252551 9.559899 -1.595472
v -0.033892 8.708722 -0.424058
v 0.037543 8.635007 -0.307247
v 0.048066 8.724116 -0.377476
v 0.115548 8.663412 -0.335012
v 0.118640 8.461564 -0.294690
v 0.113293 8.586771 -0.319100
v 0.059082 8.613964 -0.294002
v -0.010376 8.728597 -0.434553
v 0.017338 8.746373 -0.445591
v -0.017918 8.732240 -0.458682
v -0.049070 8.717210 -0.472354
v 0.048476 8.635144 -0.299688
v 0.144118 8.384460 -0.334364
v 0.133046 8.565289 -0.429269
v 0.044122 8.504321 -0.561543
v 0.075078 8.551436 -0.504330
v 0.008678 8.748425 -0.496544
v -0.042250 8.725198 -0.512110
v 0.015832 8.494739 -0.602462
v 0.081897 8.557906 -0.568029
v -0.090532 8.700507 -0.527150
v -0.166795 8.725631 -0.609571
v -0.130274 8.717292 -0.608656
v -0.092413 8.708313 -0.607982
v -0.016014 8.499156 -0.632713
v -0.182712 8.547333 -0.763212
v -0.193235 8.427779 -0.713793
v -0.065031 8.584713 -0.707685
v -0.172440 8.621626 -0.809505
v -0.267807 8.798615 -0.761456
v -0.304494 8.802161 -0.769644
v -0.293226 8.691344 -0.645738
v -0.234243 8.803369 -0.767228
v -0.338412 8.733192 -0.743588
v -0.338453 8.595337 -0.682362
v -0.315300 8.713653 -0.692758
v -0.339990 8.670526 -0.712895
v -0.358278 8.707233 -0.790817
v -0.344845 8.690559 -0.809190
v -0.335758 8.669168 -0.842387
v -0.268723 8.464501 -0.735206
v -0.318976 8.739023 -0.202860
v -0.336125 8.731659 -0.221403
v -0.227096 8.432720 -0.127975
v -0.330963 8.667243 -0.281857
v -0.263849 8.692704 -0.207392
v -0.211867 8.635621 -0.211022
v -0.218857 8.482600 -0.127588
v -0.368768 8.405549 -0.358019
v -0.370628 8.576661 -0.321365
v -0.376653 8.498300 -0.341067
v -0.458721 8.660590 -0.251190
v -0.439664 8.739533 -0.220109
v -0.275734 8.452349 -0.122265
v -0.384995 8.704311 -0.252389
v -0.449608 8.484860 -0.128652
v -0.425790 8.413787 -0.146731
v -0.415679 8.557725 -0.104219
v -0.458477 8.570025 -0.105612
v -0.390289 8.345128 -0.299865
v -0.591628 8.530486 -0.143936
v -0.582111 8.542767 -0.173675
v -0.525431 8.480193 -0.234224
v -0.571154 8.540460 -0.200337
v -0.240220 8.649535 -0.121572
vn -0.2534 -0.8989 0.3574
vn -0.2002 -0.9261 0.3196
vn -0.0546 -0.9834 0.1729
vn -0.0183 -0.0411 0.9990
vn 0.0898 -0.7394 0.6673
vn 0.8295 -0.2663 0.4909
vn 0.6806 0.1681 0.7131
vn 0.9099 0.0175 -0.4144
vn 0.8791 0.1157 -0.4624
vn 0.9352 0.3382 0.1046
vn -0.4165 0.7770 0.4721
vn 0.1309 0.8074 0.5753
vn 0.0507 0.3982 0.9159
vn -0.2179 0.5523 0.8047
vn -0.2673 0.6847 0.6780
vn -0.4506 0.7408 0.4981
vn 0.7272 0.0832 0.6814
vn 0.7147 0.0602 0.6968
vn 0.4772 0.2821 0.8323
vn 0.1505 0.3652 0.9187
vn 0.6369 0.2405 0.7325
vn -0.5065 0.8378 0.2036
vn -0.4731 0.8059 0.3558
vn -0.4413 0.8574 0.2648
vn -0.4729 0.8577 0.2018
vn -0.0790 0.4604 0.8842
vn 0.9970 0.0086 0.0767
vn 0.9562 0.2207 -0.1922
vn 0.6722 -0.1863 -0.7165
vn 0.8619 -0.2532 -0.4394
vn 0.8294 -0.5056 -0.2377
vn 0.9122 -0.4071 0.0472
vn 0.6775 -0.3545 -0.6445
vn 0.5847 -0.7347 -0.3441
vn -0.3735 0.9275 -0.0136
vn -0.4052 0.9141 -0.0123
vn -0.2688 0.9547 0.1275
vn 0.5083 -0.4432 -0.7384
vn 0.0307 0.9969 0.0719
vn 0.2382 0.9375 0.2535
vn -0.0450 0.9007 0.4320
vn 0.5293 -0.0482 -0.8470
vn 0.0355 -0.4280 -0.9031
vn 0.0760 -0.5712 -0.8173
vn 0.1754 -0.5683 -0.8039
vn 0.1918 -0.6975 -0.6905
vn 0.4404 -0.5605 -0.7014
vn 0.7634 -0.0197 -0.6456
vn -0.0721 -0.2758 -0.9585
vn 0.9857 0.1670 0.0224
vn 0.9994 0.0269 -0.0200
vn 0.8925 0.0101 -0.4509
vn -0.4272 0.8567 0.2890
vn -0.8380 0.4933 0.2333
vn -0.3799 0.7406 -0.5542
vn -0.9016 -0.1425 -0.4083
vn -0.6924 0.4854 0.5338
vn 0.1797 0.8913 0.4163
vn -0.1207 0.8018 0.5853
vn -0.3500 0.7126 0.6080
vn -0.9808 -0.1836 -0.0655
vn -0.7928 0.3468 0.5012
vn -0.8177 0.3254 0.4749
vn -0.9075 0.1566 0.3897
vn -0.9861 -0.1225 0.1123
vn -0.5677 -0.6261 -0.5345
vn -0.6404 -0.5197 -0.5655
vn -0.9814 -0.1265 0.1447
vn -0.9192 -0.3825 -0.0938
vn -0.6729 -0.6167 -0.4084
vn -0.9419 -0.2918 -0.1662
vn -0.2860 -0.4244 -0.8591
vn -0.7059 -0.2811 -0.6502
vn 0.6308 0.6468 -0.4287
vn 0.7478 0.6624 -0.0457
vn 0.0923 0.6358 -0.7663
vn 0.2640 0.6860 -0.6780
vn 0.5946 0.6559 -0.4650
vn 0.2958 0.0704 0.9526
vn 0.4689 0.0473 0.8820
vn 0.1197 -0.0870 0.9890
vn -0.4954 0.1367 -0.8578
vn -0.4127 0.2601 -0.8730
vn -0.5277 -0.1235 -0.8404
vn 0.0373 -0.2649 0.9635
vn -0.0819 0.5529 -0.8292
vn -0.3819 0.2773 -0.8816
vn -0.1137 0.5048 -0.8557
vn -0.5286 -0.3403 0.7776
vn 0.0302 -0.2863 0.9577
vn -0.1343 -0.3547 0.9253
vn -0.1174 -0.3117 0.9429
vn -0.4104 -0.6076 0.6800
vn -0.8953 -0.4416 0.0593
vn -0.6772 -0.6302 -0.3798
vn -0.5320 -0.7080 0.4644
vn -0.6650 -0.7262 -0.1743
vn -0.7330 -0.6793 -0.0350
vn -0.7718 -0.4851 -0.4111
vn -0.8350 -0.1360 0.5332
vn -0.4736 0.0352 0.8801
vn 0.3296 0.3017 0.8946
vn 0.7499 0.2204 0.6237
vn -0.0240 0.1189 0.9926
vn -0.1264 0.2117 0.9691
vn 0.2922 0.4058 0.8660
vn -0.0395 0.2355 0.9711
vn 0.4920 0.4089 0.7686
vn -0.3143 0.1115 0.9427
vn -0.0425 0.2273 0.9729
vn 0.5381 0.3193 0.7801
vn 0.4637 0.2761 0.8419
vn 0.7923 0.4227 0.4400
vn 0.7770 0.1273 0.6166
vn 0.9334 -0.0345 -0.3573
vn 0.9966 0.0520 -0.0638
vn 0.8813 0.0205 -0.4721
vn 0.9244 -0.0423 -0.3791
vn 0.7115 0.0023 -0.7027
vn 0.1653 -0.0694 -0.9838
vn 0.5529 0.1284 -0.8233
vn 0.6319 0.0932 -0.7694
vn 0.9135 0.1127 -0.3908
vn 0.6209 -0.0274 -0.7834
vn 0.4172 -0.0515 -0.9074
vn 0.1295 -0.1504 -0.9801
vn 0.3891 0.0598 -0.9192
vn 0.3510 0.1059 -0.9304
vn -0.2133 -0.1394 -0.9670
vn -0.3119 -0.1801 -0.9329
vn -0.2966 0.0584 -0.9532
vn -0.5551 -0.0622 -0.8295
vn -0.0736 -0.0633 -0.9953
vn -0.1762 -0.2489 -0.9524
vn -0.4616 -0.1860 -0.8674
vn -0.9422 -0.1728 -0.2869
vn -0.2739 0.2126 -0.9380
vn -0.4352 0.0908 -0.8957
vn -0.1692 0.0894 -0.9815
vn -0.3383 0.0052 -0.9410
vn -0.9894 -0.1360 0.0503
vn -0.9929 -0.0112 0.1185
vn -0.9500 -0.1114 0.2917
vn -0.9153 -0.1922 -0.3539
vn -0.9901 0.0748 -0.1191
vn -0.9601 0.1775 0.2162
vn -0.8101 0.0173 -0.5861
vn -0.9427 -0.0494 0.3301
vn -0.8180 -0.0029 0.5752
vn -0.9327 0.0930 0.3484
vn -0.7706 0.0205 0.6370
vn -0.6958 0.0380 0.7172
vn -0.4643 0.0804 0.8820
vn -0.6263 0.0787 0.7756
vn -0.7983 0.1388 0.5861
vn -0.6983 0.1049 0.7080
vn -0.6513 0.0972 0.7525
vn -0.2863 0.1629 0.9442
vn -0.4398 0.1508 0.8853
vn 0.0555 0.0661 0.9963
vn 0.5982 0.0812 0.7972
vn 0.6513 0.0094 0.7588
vn 0.5850 0.0436 0.8099
vn 0.3158 0.1203 0.9412
vn 0.9216 0.0006 0.3880
vn 0.9224 0.0030 0.3861
vn 0.0838 0.2480 0.9651
vn 0.9394 0.2109 0.2701
vn 0.9415 0.0386 -0.3349
vn 0.9877 -0.0305 -0.1532
vn 0.0658 0.0846 -0.9942
vn 0.3105 0.1350 -0.9409
vn 0.5184 0.1894 -0.8339
vn 0.1662 0.3349 -0.9275
vn 0.8297 0.0820 -0.5522
vn 0.0503 0.3351 -0.9408
vn -0.6929 0.1422 -0.7069
vn -0.7662 -0.0747 -0.6383
vn -0.8362 0.0467 -0.5464
vn -0.6859 0.0688 -0.7244
vn -0.8460 0.0402 -0.5317
vn -0.8889 0.0538 -0.4548
vn -0.7491 0.0693 -0.6588
vn -0.7019 0.0987 -0.7054
vn -0.8585 0.0751 0.5074
vn 0.4332 0.0244 0.9010
vn 0.2045 0.1848 0.9613
vn -0.5328 0.0884 0.8416
vn -0.0653 0.0871 0.9941
vn 0.1356 0.1365 0.9813
vn 0.0722 0.2274 0.9711
vn 0.7746 0.0464 0.6307
vn 0.5965 0.1047 0.7957
vn -0.0238 0.0039 0.9997
vn 0.9579 0.1590 0.2391
vn 0.9405 0.1961 0.2774
vn 0.8273 0.0459 -0.5598
vn 0.8847 0.3028 0.3544
vn 0.9555 0.2356 -0.1777
vn 0.9499 0.3125 -0.0040
vn 0.6460 0.1562 -0.7472
vn 0.9695 0.1755 0.1709
vn 0.8097 0.1502 -0.5673
vn 0.5043 -0.1165 -0.8556
vn 0.7542 0.0521 -0.6545
vn 0.6266 -0.3912 -0.6741
vn 0.8856 -0.2290 -0.4041
vn 0.0612 -0.9651 -0.2545
vn 0.8019 -0.5524 -0.2276
vn 0.1561 0.2749 -0.9487
vn -0.0417 -0.4576 -0.8882
vn 0.1817 0.2699 -0.9456
vn -0.6981 -0.7113 -0.0813
vn -0.6042 0.3171 -0.7310
vn -0.7026 0.2238 -0.6755
vn -0.7980 0.0758 -0.5979
vn -0.7831 0.0978 -0.6142
vn -0.6642 0.0714 -0.7442
vn -0.7961 -0.2086 -0.5680
vn -0.8615 -0.2620 -0.4350
vn -0.8928 0.0704 -0.4450
vn -0.9830 0.1445 -0.1135
vn -0.9284 0.2343 -0.2885
vn -0.0656 -0.9955 -0.0684
vn -0.7787 0.0351 0.6264
vn -0.8797 0.0810 0.4686
vn -0.5926 -0.6971 0.4035
vn -0.3703 0.0349 0.9282
vn -0.6374 -0.2459 0.7302
vn -0.6877 0.1419 0.7120
vn -0.0441 -0.9747 0.2191
vn -0.8734 -0.4472 0.1926
vn -0.9844 0.0315 0.1731
vn -0.9025 0.2036 0.3796
vn -0.1872 -0.9666 0.1747
vn -0.5655 -0.3545 0.7447
vn -0.5768 0.2171 0.7875
vn 0.3384 -0.0484 -0.9398
vn 0.9760 -0.0462 -0.2129
vn 0.9567 -0.0200 0.2903
vn 0.2920 -0.2495 -0.9233
vn 0.1457 -0.4423 -0.8849
vn 0.6610 -0.6995 -0.2717
vn 0.7866 -0.4836 0.3839
vn 0.3635 -0.9314 0.0221
vn -0.1209 -0.9129 0.3900
vn -0.2607 -0.8622 0.4343
vn -0.5451 0.1521 0.8245
vn 0.3098 0.3340 0.8902
vn 0.3504 0.0330 0.9360
vn 0.4991 -0.5395 0.6782
vn 0.0014 -0.9617 0.2740
vn 0.7387 -0.1757 0.6507
vn 0.3880 -0.0269 0.9213
vn -0.3643 -0.8032 0.4713
vn 0.4147 -0.8835 0.2177
vn 0.3631 -0.9258 0.1050
vn 0.2154 -0.9758 -0.0377
vn 0.8721 -0.4813 -0.0881
vn 0.8473 -0.4946 -0.1933
vn 0.6396 -0.6276 -0.4439
vn -0.0707 -0.9960 -0.0542
vn 0.0032 -0.8104 0.5858
vn -0.2928 -0.8505 0.4369
vn -0.2681 -0.9530 0.1409
vn -0.1346 -0.6534 0.7450
vn -0.6249 -0.5498 0.5543
vn -0.7173 -0.6352 0.2864
vn 0.7698 0.4781 -0.4229
vn 0.3338 0.8334 -0.4405
vn 0.0363 0.8918 -0.4509
vn -0.0549 0.7892 -0.6116
vn 0.5396 0.6917 -0.4799
vn 0.0275 0.9369 -0.3484
vn -0.9607 0.2741 0.0428
vn -0.8897 0.4533 0.0533
vn -0.9562 0.2004 0.2132
vn -0.9292 -0.0321 0.3681
vn -0.8999 -0.1467 0.4108
vn -0.4906 -0.1192 0.8632
vn -0.3806 -0.7744 0.5055
vn 0.7167 0.0836 -0.6923
vn 0.7066 0.2022 -0.6781
vn 0.8079 0.3069 -0.5031
vn -0.0530 0.5559 -0.8296
vn 0.1179 0.4394 -0.8905
vn 0.2867 0.7762 -0.5615
vn -0.3314 -0.6496 0.6842
vn -0.1588 -0.8514 0.4999
vn -0.4417 -0.8609 0.2525
vn 0.6329 -0.6307 0.4491
vn -0.0144 -0.8573 0.5147
vn 0.0787 -0.4837 0.8717
vn 0.5194 -0.7209 0.4588
vn 0.0460 -0.8281 0.5587
vn 0.3388 -0.8212 0.4591
vn -0.0713 -0.7551 0.6517
vn -0.1797 0.9182 -0.3529
vn -0.8517 0.5160 -0.0919
vn -0.7059 0.5628 -0.4300
vn -0.1314 -0.0467 -0.9902
vn 0.1223 -0.3658 -0.9226
vn 0.2803 0.3931 -0.8757
vn 0.4640 -0.1329 -0.8758
vn 0.4523 -0.7318 -0.5098
vn 0.3439 -0.8007 -0.4905
vn -0.1233 -0.9630 -0.2398
vn -0.4247 -0.8964 -0.1270
vn 0.2308 -0.7103 -0.6650
vn 0.2444 0.1012 -0.9644
vn 0.4126 0.6276 -0.6602
vn -0.8855 -0.3145 0.3420
vn -0.8775 0.3740 -0.3001
vn -0.7930 0.4076 -0.4528
vn -0.8346 0.0156 -0.5506
vn 0.0164 0.7164 -0.6975
vn 0.1785 0.6173 -0.7663
vn 0.2669 0.3879 -0.8822
vn -0.7617 0.2009 -0.6160
vn -0.9627 -0.1050 -0.2494
vn -0.5293 -0.7295 -0.4332
vn -0.3686 -0.5819 -0.7250
vn -0.6876 -0.7074 0.1637
vn -0.3002 -0.9135 -0.2746
vn 0.1951 -0.8822 -0.4286
vn -0.0709 -0.7742 0.6290
vn -0.0208 -0.8499 0.5265
vn -0.8726 -0.3339 0.3565
vn 0.7831 -0.6010 0.1597
vn -0.1884 -0.9276 0.3226
vn -0.9701 -0.1597 0.1827
vn 0.4804 -0.7331 -0.4815
vn -0.2198 -0.9523 -0.2115
vn -0.2539 -0.9412 -0.2230
vn -0.1807 -0.9578 -0.2234
vn -0.8264 -0.5565 0.0860
vn -0.1525 0.6089 -0.7784
vn -0.1407 0.6441 -0.7519
vn -0.1029 0.8946 -0.4350
vn 0.1352 0.7013 -0.6999
vn -0.6150 -0.6349 -0.4677
vn -0.0784 -0.9707 0.2273
vn -0.0361 -0.9326 0.3590
vn -0.2045 -0.9106 0.3592
vn 0.5650 -0.7027 0.4325
vn 0.2404 -0.7873 0.5678
vn -0.3219 -0.5969 0.7349
vn -0.5377 0.6678 -0.5148
vn 0.2110 0.9160 -0.3413
vn 0.1311 0.8890 -0.4388
vn 0.0904 0.8466 -0.5245
vn 0.4844 0.8698 -0.0937
vn -0.1516 0.9874 0.0445
vn 0.4001 0.4584 -0.7936
vn 0.9926 -0.0549 -0.1084
vn 0.8626 -0.4772 0.1681
vn 0.6698 -0.5223 0.5277
vn 0.2395 -0.6694 0.7033
vn 0.4591 -0.8522 -0.2510
vn 0.1268 -0.9919 0.0006
vn 0.0001 -0.9780 0.2087
vn 0.1079 -0.9480 0.2993
vn 0.0504 -0.8466 -0.5298
vn -0.1593 -0.9836 0.0849
vn -0.5347 -0.7757 0.3352
vn -0.6322 0.7051 0.3212
vn -0.9082 0.0377 0.4167
vn -0.8809 0.1349 0.4536
vn -0.6516 0.7466 0.1344
vn -0.8804 0.0032 0.4741
vn 0.7769 0.0188 -0.6293
vn 0.8790 0.0390 -0.4752
vn 0.4296 -0.7103 -0.5576
vn 0.0732 -0.1541 0.9853
vn 0.2820 -0.9412 0.1861
vn 0.9249 -0.3637 -0.1107
vn 0.8406 0.4193 0.3428
vn -0.1590 -0.6702 -0.7249
vn 0.4443 -0.0385 -0.8951
vn 0.6236 0.5797 -0.5245
vn -0.5527 0.8172 0.1634
vn -0.4837 0.7554 0.4421
vn -0.1946 0.8682 0.4565
vn -0.1070 0.8611 0.4971
vn -0.4663 0.7846 0.4086
vn -0.1030 0.8876 0.4489
vn 0.6020 0.7086 0.3681
vn -0.5767 -0.6685 0.4696
vn 0.0775 -0.9817 -0.1740
vn 0.1343 -0.9126 -0.3863
vn 0.0573 -0.7745 -0.6299
vn 0.3131 -0.7107 -0.6299
vn 0.6264 -0.6511 -0.4287
vn 0.6584 -0.4647 -0.5921
vn -0.8394 0.3379 0.4257
vn -0.6855 0.4871 0.5411
vn -0.4870 0.4380 0.7556
vn -0.9666 -0.0509 0.2513
vn -0.8557 0.4271 0.2923
vn -0.8660 0.3759 0.3297
vn -0.6656 0.6134 0.4251
vn -0.1911 0.7507 0.6324
vn 0.0313 0.7938 0.6074
vn 0.3137 0.4457 0.8384
vn 0.5161 0.5969 0.6143
vn 0.9627 0.0911 0.2546
vn 0.9986 -0.0425 0.0305
vn 0.9963 0.0737 -0.0436
vn 0.8713 -0.4867 -0.0629
vn 0.8632 -0.4039 -0.3028
vn 0.8664 -0.2657 -0.4227
vn 0.8821 0.2747 -0.3827
vn 0.2053 -0.1051 -0.9730
vn 0.8122 0.4897 0.3171
vn 0.6321 0.7304 0.2588
vn -0.1967 0.9159 0.3498
vn -0.3997 0.8799 0.2570
vn -0.3989 0.8511 -0.3414
vn -0.5613 0.7671 -0.3108
vn 0.1111 -0.1524 -0.9821
vn 0.3800 -0.3294 -0.8644
vn 0.7484 -0.2008 -0.6321
vn -0.3963 -0.6138 -0.6828
vn 0.1526 -0.6776 -0.7194
vn 0.2532 -0.9561 -0.1478
vn 0.2681 -0.9449 -0.1877
vn 0.5081 -0.8487 0.1470
vn 0.5650 -0.7847 -0.2551
vn 0.8084 -0.2271 -0.5431
vn -0.2446 -0.8625 -0.4430
vn 0.9085 -0.4121 0.0699
vn -0.0713 -0.8864 0.4574
vn 0.5677 0.6615 -0.4900
vn 0.9437 -0.2427 -0.2246
vn 0.9888 -0.1491 0.0065
vn 0.9837 0.1030 -0.1471
vn 0.5880 0.6178 0.5221
vn 0.1029 0.9782 0.1806
vn -0.0594 0.9877 0.1447
vn 0.0113 0.9923 -0.1235
vn 0.1929 0.9694 -0.1520
vn -0.2023 0.9569 0.2083
vn -0.8473 0.4873 -0.2112
vn 0.4319 0.8596 0.2731
vn 0.4099 0.9111 -0.0436
vn 0.3302 0.9279 -0.1730
vn 0.4213 0.8563 -0.2986
vn -0.1970 -0.8743 0.4436
vn -0.2715 -0.9623 0.0149
vn -0.2626 -0.9609 -0.0880
vn -0.3458 -0.9279 -0.1397
vn -0.3347 0.7039 0.6265
vn -0.6827 0.0306 0.7301
vn -0.9408 -0.0757 0.3304
vn -0.6956 0.4833 0.5315
vn -0.8390 -0.5213 -0.1559
vn 0.1419 -0.5113 -0.8476
vn -0.0364 -0.5672 -0.8227
vn -0.3463 -0.5163 -0.7833
vn -0.4144 -0.6792 -0.6057
vn -0.0149 -0.4533 0.8912
vn -0.6100 -0.3146 0.7273
vn -0.7340 -0.2557 0.6292
vn -0.6742 0.7344 0.0781
vn -0.7680 0.6336 -0.0933
vn -0.3683 0.8412 0.3960
vn -0.8830 0.4690 0.0198
vn 0.0559 -0.4500 0.8913
vn 0.0544 0.5906 0.8051
vn 0.0418 0.6655 0.7452
vn -0.0472 0.5314 0.8458
vn 0.3764 0.9195 0.1131
vn 0.0725 0.9263 0.3697
vn -0.5293 -0.8470 -0.0492
vn -0.6258 -0.1149 -0.7714
vn 0.3924 -0.9186 -0.0477
vn 0.1129 -0.9927 0.0414
vn -0.1715 -0.9852 -0.0029
vn 0.0380 -0.9855 -0.1651
vn 0.3335 -0.7664 -0.5490
vn -0.7157 0.3998 0.5726
vn -0.1890 0.9519 -0.2410
vn -0.1343 0.9546 -0.2659
vn -0.5442 0.8388 0.0113
vn 0.1397 0.8494 -0.5089
vn 0.4303 0.8791 -0.2050
vn -0.3881 0.8760 0.2863
vn -0.2544 0.4988 0.8286
vn 0.8041 0.2844 0.5221
vn -0.4396 -0.1806 0.8798
vn 0.4106 -0.6257 0.6632
vn 0.3619 0.8658 -0.3456
vn 0.2110 0.9734 0.0894
vn 0.1093 0.9917 -0.0680
vn -0.1319 0.7450 0.6539
vn -0.0326 0.5360 0.8436
vn -0.3039 0.2904 0.9074
vn -0.4216 -0.5332 0.7335
vn 0.3885 -0.1093 -0.9149
vn 0.4666 0.4980 -0.7309
vn 0.6566 0.3816 -0.6506
vn -0.8206 0.5595 -0.1161
vn -0.6696 0.7322 0.1248
vn -0.7395 0.5396 0.4025
vn -0.3988 0.6537 0.6431
vn 0.6595 -0.7484 -0.0706
vn 0.5379 -0.7575 -0.3698
vn 0.2335 -0.6148 -0.7533
vn 0.6449 -0.3948 0.6544
vn 0.5464 -0.7599 -0.3522
vn -0.1230 -0.4996 -0.8575
vn 0.9500 0.2434 -0.1957
vn 0.7698 0.5472 -0.3286
vn 0.8342 0.2128 -0.5088
vn 0.6901 -0.5592 -0.4593
vn -0.9247 0.3548 0.1379
vn -0.9007 0.3140 0.3002
vn -0.4210 0.9022 0.0940
vn -0.2605 0.9654 0.0084
vn 0.3424 0.9345 -0.0970
vn 0.4870 0.8423 -0.2309
vn 0.3630 0.8986 -0.2466
vn -0.8568 0.3331 0.3937
vn -0.8779 0.2479 0.4096
vn -0.4754 0.8798 0.0077
vn -0.5522 0.7982 -0.2407
vn -0.7284 0.3096 -0.6112
vn -0.5716 -0.6292 -0.5267
vn -0.7174 -0.3440 -0.6058
vn -0.6388 0.5702 -0.5165
vn 0.0339 -0.9979 -0.0547
vn -0.6535 -0.3460 -0.6732
vn 0.8101 -0.5810 -0.0788
vn 0.6195 -0.4427 0.6482
vn 0.6576 -0.5498 0.5150
vn 0.5677 -0.7949 -0.2140
vn 0.2765 0.5278 0.8031
vn 0.7387 -0.5371 0.4072
vn 0.3124 -0.8954 -0.3172
vn 0.3884 0.8261 0.4082
vn 0.9838 0.0843 0.1581
vn 0.6296 0.2357 -0.7403
vn -0.0625 0.8918 -0.4482
vn 0.4397 -0.1400 -0.8872
vn -0.3185 0.4268 -0.8464
vn -0.5481 0.8311 0.0941
vn -0.0336 0.4895 0.8714
vn -0.5458 0.8379 0.0038
vn -0.7227 -0.3383 -0.6027
vn -0.9903 0.0564 -0.1267
vn -0.3175 -0.9479 -0.0282
vn -0.6336 -0.7126 0.3012
vn 0.6440 -0.0110 -0.7649
vn 0.2626 0.9578 -0.1172
vn -0.1380 0.8842 -0.4462
vn -0.0658 0.5193 -0.8521
vn -0.4418 0.8587 -0.2597
vn -0.3655 0.9261 0.0932
vn -0.3455 -0.7292 -0.5907
vn -0.6418 0.2579 -0.7222
vn -0.7790 0.2459 -0.5768
vn -0.8692 0.2595 -0.4209
vn -0.3666 0.9287 0.0557
vn -0.5993 0.7996 0.0383
vn 0.5540 0.7608 -0.3380
vn 0.9171 -0.3371 -0.2129
vn 0.9788 -0.2047 0.0002
vn 0.9273 0.3728 -0.0345
vn 0.4248 -0.8108 0.4026
vn 0.7184 -0.6918 0.0723
vn 0.9922 0.1148 -0.0486
vn -0.4658 0.8497 -0.2471
vn 0.0739 0.9906 -0.1148
vn 0.4936 0.8565 -0.1508
vn 0.3752 0.8777 -0.2981
vn -0.8984 -0.1421 -0.4156
vn -0.8107 0.3309 -0.4829
vn -0.4665 0.7503 -0.4685
vn -0.2102 0.5800 -0.7870
vn -0.2621 0.9305 -0.2558
vn 0.1106 0.9460 -0.3048
vn 0.8798 0.4747 -0.0239
vn 0.0713 0.9331 -0.3526
vn -0.0656 -0.9972 0.0352
vn 0.2688 -0.9426 0.1983
vn -0.0742 -0.9856 0.1521
vn -0.4967 -0.8419 -0.2111
vn 0.8147 -0.3796 0.4383
vn 0.6295 -0.5884 0.5075
vn 0.3259 -0.5430 0.7739
vn 0.1074 0.1887 -0.9761
vn 0.1226 -0.3675 -0.9219
vn 0.2711 0.3144 -0.9097
vn 0.1865 0.8098 -0.5563
vn 0.1190 -0.7879 -0.6042
vn 0.5561 0.1760 -0.8123
vn -0.4317 -0.8845 -0.1768
vn -0.3194 -0.7811 -0.5366
vn -0.1165 -0.4058 -0.9065
vn -0.3386 -0.8205 0.4606
vn -0.1623 -0.7761 -0.6094
vn 0.5120 0.8590 0.0039
vn 0.5256 0.6444 0.5553
vn 0.2139 0.6958 0.6857
vn 0.1185 0.3422 0.9321
vn -0.6673 -0.7329 -0.1325
vn -0.7256 -0.6869 0.0417
vn -0.5809 -0.8140 0.0013
vn -0.9479 0.1595 0.2756
vn -0.9213 0.0694 0.3827
vn -0.0982 -0.9421 -0.3207
vn -0.3961 -0.9120 -0.1061
vn -0.4898 -0.8714 0.0257
vn 0.1896 0.8632 -0.4678
vn -0.6204 0.7708 0.1449
vn -0.2289 0.9567 0.1800
vn 0.4233 0.8429 -0.3320
vn -0.2734 0.9245 0.2655
vn -0.7511 0.2844 0.5958
vn -0.4330 0.3765 0.8190
vn -0.5227 -0.1016 0.8465
vn -0.1592 0.8572 0.4897
vn -0.6469 -0.1256 0.7522
vn 0.6760 0.5449 -0.4960
vn 0.3141 0.1943 -0.9293
vn 0.1565 -0.2787 -0.9475
vn 0.2923 -0.3040 -0.9067
vn -0.2995 -0.7987 -0.5218
vn -0.4032 -0.8266 -0.3927
vn 0.4207 -0.2774 -0.8638
vn 0.7212 0.1762 -0.6700
vn -0.1449 -0.5586 -0.8167
vn 0.3322 -0.2003 -0.9217
vn 0.2887 0.6880 0.6658
vn 0.6369 0.6622 0.3948
vn 0.7810 0.5902 -0.2042
vn 0.7355 0.6512 -0.1870
vn -0.5202 -0.7366 -0.4321
vn -0.3649 -0.8009 -0.4747
vn -0.2819 -0.8112 -0.5123
vn -0.6915 -0.5966 0.4073
vn -0.7937 -0.3714 0.4817
vn 0.4861 0.8716 -0.0637
vn 0.3241 0.8530 0.4091
vn 0.6758 0.7181 -0.1663
vn 0.6174 0.4986 -0.6085
vn 0.5262 0.1104 -0.8432
vn 0.7428 0.0147 -0.6694
vn 0.1852 -0.4402 -0.8786
vn 0.3759 -0.6612 -0.6492
vn -0.3182 0.3282 0.8894
vn -0.2057 0.6542 0.7278
vn -0.3696 0.7212 0.5859
vn 0.8829 -0.1361 -0.4495
vn 0.8711 0.2192 -0.4395
vn 0.6220 -0.7132 -0.3233
vn 0.7015 -0.6167 -0.3573
vn -0.2950 0.8201 -0.4903
vn -0.7027 0.6344 0.3220
vn -0.4420 0.8095 0.3865
vn 0.1272 0.9811 -0.1457
vn -0.0684 -0.9968 0.0410
vn -0.0103 -0.9395 0.3425
vn 0.2438 -0.7552 0.6085
vn -0.7857 -0.3168 0.5314
vn -0.4069 -0.1216 0.9054
vn -0.7648 0.6332 0.1187
vn -0.6135 0.7715 -0.1685
vn -0.4858 0.5183 -0.7039
vn -0.7392 0.1750 -0.6504
vn -0.0379 0.2867 -0.9573
vn 0.0345 -0.0774 -0.9964
vn -0.0994 0.8861 -0.4527
vn -0.3459 0.8946 -0.2830
vn -0.8005 0.5462 0.2467
vn -0.3205 0.9368 -0.1399
vn -0.8071 -0.1800 0.5623
vn -0.9164 -0.1780 0.3585
vn -0.8660 -0.4836 0.1274
vn -0.3810 -0.7553 0.5332
vn 0.2778 -0.9142 0.2952
vn 0.6055 -0.7931 -0.0655
vn 0.7676 0.6388 0.0518
vn 0.9489 0.1772 -0.2613
vn 0.9738 0.1911 -0.1236
vn 0.5889 0.8077 -0.0301
vn 0.7997 -0.4998 -0.3328
vn 0.9722 0.2259 0.0612
vn -0.0731 0.8973 0.4354
vn 0.0141 0.7784 0.6276
vn 0.5447 0.6652 0.5107
vn -0.7450 0.4842 0.4588
vn -0.4060 0.4183 0.8125
vn 0.3200 0.4120 0.8531
vn 0.6813 -0.0713 -0.7285
vn 0.9129 0.2956 -0.2816
vn 0.8924 0.4443 0.0784
vn 0.9206 0.3841 0.0701
vn -0.9757 0.1569 -0.1527
vn -0.7699 -0.0910 0.6316
vn -0.8425 -0.1577 0.5152
vn -0.9471 -0.1677 -0.2737
vn 0.0266 -0.1899 0.9814
vn -0.7065 -0.1918 0.6812
vn -0.9370 -0.3490 0.0127
vn -0.2632 0.1184 -0.9575
vn -0.2884 0.2667 -0.9196
vn -0.8409 0.2470 -0.4815
vn 0.7716 0.0201 -0.6358
vn 0.3403 0.0032 -0.9403
vn -0.3406 0.0197 -0.9400
vn -0.3761 -0.8906 -0.2557
vn -0.9955 -0.0000 0.0947
vn 0.1794 -0.7430 0.6448
vn -0.8212 -0.0314 0.5698
vn 0.8440 0.2074 0.4946
vn 0.8389 0.5343 0.1039
vn 0.8285 0.1592 0.5369
vn 0.6351 -0.2944 0.7141
vn 0.6404 0.7576 0.1260
vn 0.7908 0.1019 0.6036
vn 0.4967 -0.5506 0.6709
vn 0.9497 -0.2097 -0.2325
vn 0.9393 0.3397 0.0473
vn 0.9646 -0.0016 0.2636
vn 0.9050 -0.4249 -0.0196
vn 0.8530 -0.0104 0.5218
vn 0.9252 -0.3090 0.2204
vn -0.4816 0.3510 -0.8030
vn 0.5302 0.7646 -0.3665
vn 0.5612 0.6756 -0.4781
vn 0.2518 -0.1745 -0.9519
vn 0.6076 -0.0692 0.7912
vn 0.5469 -0.1087 0.8301
vn -0.0398 0.1337 0.9902
vn -0.5933 0.0889 0.8001
vn -0.2784 0.8631 0.4214
vn -0.1500 0.9699 -0.1918
vn -0.3004 0.9404 0.1592
vn -0.3382 0.7218 0.6038
vn 0.0634 0.7560 -0.6515
vn -0.2274 0.9509 0.2099
vn -0.4301 0.5751 0.6959
vn 0.6237 -0.5102 -0.5923
vn 0.7320 -0.3353 -0.5931
vn 0.9721 0.2109 -0.1025
vn 0.9743 0.1341 0.1810
vn 0.7363 0.0145 -0.6765
vn 0.7760 0.6304 -0.0233
vn 0.4577 0.5724 0.6803
vn 0.6515 -0.2292 0.7232
vn 0.0408 -0.8009 0.5974
vn -0.1090 -0.7909 0.6022
vn -0.0231 -0.6615 0.7496
vn -0.2855 -0.8470 -0.4484
vn -0.6474 -0.7518 -0.1254
vn -0.7189 -0.6561 0.2296
vn -0.5440 -0.6797 0.4920
vn 0.2901 -0.3515 0.8901
vn -0.1059 -0.3729 0.9218
vn -0.8368 -0.4471 0.3160
vn 0.8018 0.0058 0.5976
vn 0.0453 -0.4635 0.8849
vn 0.5548 -0.3125 -0.7711
vn 0.2263 0.1041 -0.9685
vn 0.8245 0.3464 -0.4474
vn 0.9973 -0.0652 0.0347
vn 0.0419 0.4396 -0.8972
vn 0.7751 0.5493 -0.3122
vn 0.3243 -0.3501 -0.8788
vn 0.4660 -0.8483 0.2515
vn 0.5951 -0.7926 0.1332
vn 0.7579 -0.6469 0.0840
vn 0.0971 0.0682 0.9929
vn 0.3667 -0.4872 0.7926
vn 0.3167 -0.6056 0.7300
vn -0.9366 0.3505 -0.0006
vn -0.6396 0.5582 0.5285
vn -0.5848 0.8071 0.0817
vn -0.7153 0.5676 -0.4077
vn -0.2244 0.6061 0.7631
vn -0.3576 0.9222 0.1474
vn -0.3910 0.6260 -0.6747
vn -0.0651 0.0645 0.9958
vn -0.4636 0.0981 0.8806
vn -0.5550 -0.2612 0.7898
vn -0.7211 -0.3915 0.5716
vn -0.6119 0.2462 0.7517
vn -0.8386 -0.0228 0.5443
vn -0.7774 -0.6287 0.0195
vn -0.6850 -0.0431 0.7272
vn -0.5830 -0.7903 0.1883
vn -0.0342 0.2079 0.9776
vn -0.1921 0.3704 0.9088
vn 0.4461 -0.1193 0.8870
vn -0.1626 0.3349 0.9281
vn -0.6696 -0.5589 -0.4891
vn -0.3130 -0.1134 -0.9430
vn 0.0516 -0.8412 -0.5382
vn -0.1006 0.7920 0.6021
vn -0.1277 0.7420 0.6581
vn -0.1771 0.6623 0.7281
vn 0.9539 -0.1135 -0.2777
vn 0.7896 0.0246 0.6131
vn 0.3976 0.2005 0.8954
vn 0.4331 0.2559 0.8642
vn 0.4661 0.3254 0.8227
vn -0.0702 0.4672 0.8814
vn -0.2739 0.4678 0.8403
vn -0.0711 -0.2521 0.9651
vn 0.8315 0.2036 0.5169
vn 0.4854 0.3070 0.8186
vn -0.0187 0.1661 0.9859
vn -0.0624 -0.6621 0.7468
vn 0.1991 -0.9781 0.0599
vn 0.0997 -0.9931 0.0613
vn -0.2299 -0.5360 0.8123
vn 0.6635 -0.5979 -0.4499
vn 0.4804 0.0701 -0.8743
vn 0.4181 -0.0131 -0.9083
vn 0.4253 -0.6521 -0.6276
vn 0.0420 0.6216 -0.7822
vn 0.3265 0.2026 -0.9232
vn -0.4450 -0.8778 -0.1772
vn -0.4815 -0.8755 -0.0398
vn -0.2735 -0.6518 -0.7074
vn -0.3993 -0.6154 -0.6796
vn 0.3317 0.4851 0.8091
vn 0.7243 0.6730 0.1500
vn 0.5017 0.8304 0.2425
vn 0.2712 0.5335 0.8011
vn 0.5908 0.6185 -0.5181
vn 0.4658 0.8767 0.1201
vn -0.2411 -0.0524 0.9691
vn -0.3598 0.0267 0.9327
vn -0.2173 0.1239 0.9682
vn -0.6343 -0.5172 0.5746
vn -0.7997 -0.3253 0.5046
vn -0.8274 -0.3512 0.4383
vn -0.7658 -0.5452 -0.3410
vn -0.7029 -0.4608 -0.5418
vn -0.8215 -0.1918 -0.5369
vn -0.1231 -0.3794 -0.9170
vn 0.1455 0.1441 -0.9788
vn -0.8609 -0.0287 -0.5079
vn -0.9250 -0.3071 0.2238
vn -0.6498 0.1360 -0.7478
vn -0.9841 -0.1571 -0.0832
vn -0.1984 0.2561 -0.9461
vn -0.1935 0.1230 -0.9734
vn 0.4564 0.4064 -0.7915
vn 0.7318 0.2106 -0.6482
vn 0.3988 -0.0836 0.9132
vn 0.9695 0.1727 0.1740
vn 0.9574 0.1016 0.2701
vn 0.4704 -0.2146 0.8559
vn 0.9709 0.2350 0.0455
vn 0.7357 0.0628 0.6744
vn 0.6487 0.1169 0.7520
vn 0.9916 0.0822 -0.0995
vn 0.9658 0.1811 0.1853
vn 0.4763 0.1676 0.8632
vn -0.9410 0.1360 0.3098
vn -0.2979 0.2239 0.9280
vn -0.3709 0.2184 0.9026
vn -0.9432 -0.0286 0.3309
vn -0.3391 0.1205 0.9330
vn -0.9929 0.0062 -0.1188
vn -0.4663 -0.1424 -0.8731
vn 0.1076 -0.4628 -0.8799
vn -0.3485 -0.9287 -0.1266
vn 0.0682 -0.2964 -0.9526
vn 0.6992 -0.4255 -0.5745
vn 0.7590 -0.4336 0.4858
vn 0.5019 0.1146 0.8573
vn 0.6838 0.3790 0.6235
vn 0.3767 -0.2020 0.9040
vn 0.0970 -0.4318 0.8967
vn 0.9157 0.0762 0.3946
vn 0.4404 -0.4133 0.7970
vn -0.5851 -0.5558 0.5905
vn -0.6640 -0.7318 -0.1534
vn -0.6026 -0.2369 -0.7621
vn -0.3438 -0.0156 -0.9389
vn -0.3695 -0.1061 -0.9231
vn -0.3197 0.4014 -0.8583
vn 0.0315 0.5541 -0.8319
vn 0.2458 0.4532 -0.8568
vn 0.3300 -0.4682 0.8197
vn 0.3061 -0.8288 0.4685
vn 0.0225 -0.9034 0.4282
vn 0.0232 -0.2895 0.9569
vn 0.1593 -0.6307 -0.7595
vn -0.3792 -0.9252 -0.0102
vn -0.3488 -0.0194 0.9370
vn -0.5888 0.6388 0.4953
vn -0.1528 0.2813 0.9474
vn -0.1698 0.1107 0.9792
vn -0.3929 0.5126 0.7635
vn 0.4440 -0.5849 -0.6788
vn -0.1212 0.0692 -0.9902
vn 0.1625 -0.0684 -0.9843
vn 0.4426 -0.7532 -0.4866
vn -0.2915 0.6512 -0.7007
vn 0.1582 0.0505 -0.9861
vn 0.6403 -0.7271 0.2476
vn 0.7389 -0.6395 0.2122
vn 0.7988 -0.5688 0.1959
vn 0.4802 -0.2199 0.8491
vn 0.1637 -0.0787 0.9834
vn -0.7877 0.2089 -0.5796
vn -0.8326 0.5417 -0.1156
vn -0.7143 0.5673 -0.4098
vn -0.5474 0.3191 -0.7737
vn -0.6291 0.7264 -0.2768
vn -0.2620 -0.0931 -0.9606
vn -0.0656 -0.2658 -0.9618
vn -0.0060 -0.1426 -0.9898
vn 0.6031 -0.5934 -0.5330
vn 0.7886 -0.3673 -0.4932
vn -0.8827 -0.4229 -0.2048
vn -0.6191 -0.2494 0.7447
vn -0.9129 0.0691 0.4022
vn -0.8568 -0.0363 -0.5144
vn -0.8626 0.2427 0.4440
vn 0.8362 -0.5307 -0.1382
vn 0.5330 -0.3574 0.7669
vn -0.0592 -0.6399 0.7662
vn -0.0473 -0.9283 -0.3688
vn -0.6291 0.5904 0.5056
vn -0.3505 0.7101 0.6107
vn 0.1490 0.7505 0.6438
vn 0.0424 0.7043 0.7086
vn 0.5263 0.7261 0.4425
vn 0.8167 0.4190 0.3968
vn -0.7924 0.3653 0.4885
vn -0.9529 0.0453 0.3000
vn 0.9397 0.3329 -0.0780
vn 0.9708 -0.1012 -0.2176
vn 0.9653 -0.2535 -0.0631
vn 0.5604 -0.5070 -0.6549
vn 0.5537 -0.6137 -0.5628
vn -0.6212 0.6931 0.3658
vn -0.8090 0.5749 0.1230
vn -0.8787 0.0497 0.4748
vn -0.7450 -0.0559 0.6647
vn 0.2577 -0.9095 0.3263
vn 0.2378 -0.8389 0.4896
vn -0.4201 0.8415 -0.3397
vn -0.4497 0.7474 -0.4890
vn 0.9287 -0.2639 0.2605
vn 0.6949 0.4638 -0.5495
vn 0.3093 0.8664 -0.3921
vn 0.7385 0.5715 0.3580
vn 0.3997 -0.5481 0.7347
vn 0.0906 -0.6088 0.7881
vn 0.8471 -0.4786 0.2308
vn 0.9186 0.1517 -0.3649
vn 0.8746 0.2841 -0.3929
vn 0.5661 0.8187 -0.0964
vn -0.2172 0.9544 0.2050
vn -0.0426 0.9969 0.0668
vn 0.3917 0.9113 -0.1266
vn -0.4182 0.9048 0.0804
vn -0.7836 0.5364 0.3134
vn 0.1002 -0.7744 0.6247
vn -0.8187 0.5192 -0.2453
vn -0.5390 0.8272 -0.1585
vn 0.1161 0.8624 -0.4928
vn -0.9229 0.3189 -0.2159
vn 0.8367 0.4222 -0.3489
vn 0.8822 0.3834 -0.2735
vn -0.9251 0.0475 0.3768
vn 0.5865 -0.7314 -0.3480
vn 0.9282 0.1606 -0.3357
vn 0.5902 -0.7920 -0.1562
vn 0.1543 -0.7872 0.5971
vn -0.7062 -0.7064 -0.0476
vn 0.2793 -0.6531 -0.7039
vn -0.1955 -0.0806 0.9774
vn -0.6922 0.2185 0.6878
vn -0.3284 -0.9428 0.0572
vn 0.0775 0.7136 -0.6962
vn -0.0120 0.9149 -0.4034
vn -0.1832 0.9690 0.1655
vn -0.5487 0.7063 0.4472
vn -0.2511 0.7012 0.6673
vn 0.2791 0.7450 -0.6059
vn 0.5519 0.6276 -0.5491
vn 0.9492 0.1942 -0.2475
vn -0.4604 -0.4139 0.7853
vn -0.6017 -0.2639 -0.7539
vn 0.0006 0.9825 -0.1861
vn -0.1231 -0.9747 -0.1866
vn 0.2772 -0.9247 0.2609
vn 0.3356 -0.7767 0.5331
vn 0.7628 -0.5125 0.3944
vn -0.6376 -0.7678 0.0628
vn -0.4731 -0.6683 0.5741
vn -0.8842 -0.4667 -0.0195
vn -0.9361 -0.0597 -0.3467
vn -0.3727 0.6949 0.6150
vn -0.3199 0.6197 0.7167
vn 0.7388 0.5335 0.4118
vn 0.9694 -0.1904 -0.1548
vn 0.8231 -0.4706 -0.3179
vn 0.8684 0.1917 0.4573
vn 0.8772 -0.0399 0.4785
vn 0.9156 -0.3986 -0.0535
vn 0.8635 -0.2581 0.4334
vn 0.2188 0.9367 0.2734
vn 0.1555 0.9845 0.0813
vn -0.1257 0.0790 -0.9889
vn -0.6699 0.1083 -0.7345
vn 0.1427 -0.8908 -0.4314
vn 0.0214 -0.9914 -0.1288
vn -0.6175 -0.6175 0.4873
vn -0.1813 -0.9474 0.2637
vn 0.1003 -0.9698 0.2222
vn -0.9800 0.1328 -0.1479
vn -0.9731 0.1780 0.1462
vn -0.5212 0.7857 -0.3333
vn -0.0838 0.8359 0.5425
vn 0.1629 0.8671 -0.4708
vn 0.1000 0.8872 -0.4505
vn -0.2339 0.0718 -0.9696
vn 0.2308 -0.4844 -0.8438
vn 0.2598 -0.3423 -0.9030
vn 0.2138 -0.2177 -0.9523
vn 0.2752 -0.2321 -0.9330
vn -0.4214 0.1533 -0.8938
vn -0.8961 0.1792 0.4061
vn -0.0484 -0.9672 -0.2494
vn -0.0278 -0.9721 -0.2331
vn 0.4282 -0.6158 -0.6614
vn 0.3152 -0.6579 -0.6840
vn -0.3528 0.9094 -0.2203
vn 0.3055 0.8271 -0.4717
vn -0.2402 0.9693 -0.0516
vn 0.2879 0.8427 -0.4549
vn 0.0506 0.6018 -0.7971
vn 0.8233 0.2937 -0.4856
vn 0.7251 0.2060 -0.6572
vn 0.4278 -0.6001 -0.6759
vn 0.0861 -0.9700 -0.2274
vn 0.4225 -0.6152 -0.6656
vn 0.0084 -0.8760 -0.4822
vn -0.3704 -0.8382 0.4004
vn -0.6301 -0.1155 0.7679
vn -0.4943 0.6023 0.6268
vn -0.1816 0.9726 0.1453
vn 0.2393 0.8291 -0.5053
vn 0.5232 0.0710 -0.8492
vn 0.3879 -0.0510 -0.9203
vn 0.9062 -0.2200 -0.3611
vn 0.4236 -0.8341 0.3534
vn 0.5139 0.6693 -0.5366
vn -0.6877 -0.0333 0.7252
vn -0.3421 -0.5654 0.7505
vn -0.3550 -0.5877 0.7270
vn -0.7614 0.5972 0.2521
vn -0.3046 -0.6200 0.7231
vn -0.1838 0.9549 -0.2332
vn -0.0815 0.3570 0.9306
vn -0.0431 0.4140 0.9093
vn 0.5172 -0.2560 0.8166
vn -0.4860 0.0683 0.8713
vn -0.0731 -0.9086 -0.4112
vn 0.2044 -0.6737 -0.7102
vn -0.2863 -0.9573 -0.0390
vn 0.5741 -0.8147 -0.0818
vn 0.2204 -0.9744 -0.0435
vn 0.7507 -0.5958 0.2854
vn 0.6867 -0.7109 0.1519
vn 0.7670 0.5718 0.2913
vn -0.1545 -0.3309 -0.9309
vn -0.4552 -0.0429 -0.8894
vn -0.7889 0.2233 -0.5725
vn -0.8546 0.0672 -0.5149
vn 0.1039 -0.9756 -0.1937
vn 0.3180 -0.9474 -0.0370
vn 0.0678 0.9858 0.1537
vn 0.5461 -0.8289 0.1214
vn 0.0180 0.9873 -0.1579
vn 0.1576 0.9529 -0.2591
vn -0.1485 0.9859 -0.0772
vn -0.3682 0.9296 -0.0184
vn 0.4430 -0.4437 -0.7790
vn 0.5807 -0.8111 -0.0703
vn 0.5655 -0.7906 0.2347
vn 0.5513 -0.1959 0.8110
vn 0.7088 -0.4477 0.5451
vn -0.4036 -0.5729 -0.7133
vn -0.3829 -0.7709 -0.5090
vn 0.3180 -0.4636 -0.8270
vn -0.0570 -0.4110 -0.9098
vn -0.3837 -0.3102 -0.8698
vn -0.5767 0.4068 -0.7084
vn -0.4910 0.8697 -0.0509
vn 0.5920 -0.2941 0.7504
vn -0.9057 -0.1205 -0.4064
vn -0.9057 0.0413 0.4219
vn -0.3181 -0.7670 -0.5572
vn -0.5408 -0.7888 0.2920
vn 0.4525 -0.8557 -0.2511
vn 0.2215 -0.6794 0.6995
vn -0.2183 0.1822 0.9587
vn -0.4548 0.8563 0.2446
vn -0.2575 0.7400 0.6213
vn 0.3358 0.2595 0.9055
vn 0.2610 0.5063 0.8219
vn 0.2551 0.7324 0.6313
vn 0.6188 -0.1362 0.7736
vn -0.1940 0.4814 0.8547
vn -0.4036 0.3506 -0.8451
vn 0.2994 -0.9539 0.0218
vn 0.4919 -0.8258 0.2758
vn -0.5627 -0.7650 -0.3132
vn 0.2116 -0.9773 -0.0033
vn -0.9452 0.1784 -0.2734
vn -0.6628 0.7328 -0.1541
vn -0.2858 0.9565 -0.0590
vn -0.0328 -0.8547 -0.5180
vn -0.0319 -0.9739 0.2246
vn -0.0082 0.9127 -0.4086
vn 0.8680 -0.3693 0.3319
vn -0.7187 -0.6125 -0.3290
vn 0.1226 -0.3035 0.9449
vn 0.0104 -0.0938 0.9955
vn 0.2337 0.5801 0.7803
vn 0.1775 0.9840 0.0124
vn 0.2362 0.9445 -0.2282
vn 0.1323 -0.8750 -0.4657
vn 0.7181 -0.0297 -0.6953
vn -0.2119 -0.8166 -0.5370
vn -0.2665 0.1042 -0.9582
vn 0.2555 0.2979 -0.9198
vn 0.3196 0.8659 -0.3848
vn 0.1786 -0.0263 -0.9836
vn -0.3192 -0.4806 0.8167
vn -0.4186 -0.8642 0.2791
vn -0.0897 0.0155 0.9958
vn -0.3610 0.8800 0.3088
vn -0.5273 -0.8462 0.0766
vn -0.8895 -0.4375 0.1316
vn 0.3559 -0.6077 0.7100
vn 0.6593 -0.7328 -0.1682
vn -0.1967 -0.0259 0.9801
vn -0.9536 0.2594 -0.1530
vn 0.3889 0.5225 -0.7587
vn 0.3860 0.7892 -0.4776
vn 0.2718 0.8159 0.5103
vn 0.2148 0.9717 0.0984
vn -0.3273 -0.9097 0.2557
vn -0.5088 -0.7321 0.4529
vn -0.7578 -0.6343 0.1527
vn -0.6514 -0.5649 0.5065
vn -0.7124 -0.6494 -0.2660
vn -0.0960 0.3288 0.9395
vn 0.2311 0.5110 0.8279
vn -0.3116 0.2149 0.9256
vn -0.1485 -0.9452 -0.2907
vn -0.2160 -0.8611 -0.4603
vn -0.0004 -0.9899 -0.1420
vn -0.7532 0.5322 0.3865
vn -0.6795 0.5800 0.4493
vn 0.4652 0.1237 -0.8765
vn 0.5655 0.4761 -0.6734
vn 0.4197 -0.2367 -0.8762
vn -0.5926 0.5334 0.6036
vn 0.5974 0.4622 -0.6554
vn 0.8375 -0.3045 -0.4538
vn -0.6230 -0.1575 0.7662
vn 0.1357 0.8159 -0.5620
vn -0.1570 -0.9850 -0.0713
vn -0.7937 -0.6037 0.0743
vn 0.6692 -0.7153 0.2012
vn -0.1295 -0.9200 -0.3698
vn -0.8236 -0.5667 0.0207
vn -0.9020 0.3680 0.2258
vn -0.5422 0.1936 0.8176
vn -0.9366 0.0694 0.3434
vn -0.4298 0.8946 0.1222
vn -0.1875 -0.7437 -0.6416
vn -0.8386 -0.5445 0.0140
vn 0.6007 -0.3833 -0.7016
vn -0.3076 -0.4506 -0.8381
vn 0.8632 0.2796 0.4203
vn 0.4501 0.0646 0.8906
vn -0.1069 0.9718 0.2104
vn -0.7947 -0.0006 0.6070
vn -0.6143 0.0170 0.7888
vn 0.6384 0.0512 -0.7680
vn -0.3412 -0.1026 -0.9344
vn 0.9133 0.1365 -0.3838
vn -0.4750 0.0006 0.8800
vn 0.2844 0.0824 0.9551
vn -0.0280 -0.9884 0.1496
vn 0.5091 -0.7002 0.5005
vn -0.6298 -0.7060 -0.3239
vn -0.7139 -0.6988 -0.0459
vn -0.0443 -0.8803 0.4723
vn 0.9097 -0.1559 0.3848
vn 0.8822 0.0238 0.4704
vn 0.9568 0.2164 0.1944
vn 0.9529 0.3031 -0.0102
vn 0.9133 -0.3827 -0.1395
vn 0.8920 -0.3032 0.3351
vn 0.1986 -0.4408 0.8754
vn -0.7135 -0.0560 0.6984
vn 0.6692 -0.3818 -0.6375
vn 0.7798 -0.0713 0.6219
vn 0.6279 0.6770 0.3839
vn 0.1148 0.9898 -0.0846
vn -0.4798 0.7401 -0.4713
vn 0.2144 0.9084 -0.3590
vn -0.4147 0.6284 -0.6581
vn -0.8164 0.0356 -0.5764
vn -0.8511 -0.0528 -0.5223
vn -0.8390 -0.5143 0.1779
vn -0.0033 -0.6420 0.7667
vn -0.9086 -0.1501 -0.3898
vn -0.3642 -0.1906 0.9116
vn 0.4861 0.7724 -0.4088
vn -0.3876 0.5269 -0.7564
vn -0.8695 -0.0971 -0.4844
vn -0.8113 -0.2467 -0.5300
vn 0.2045 -0.6102 -0.7654
vn -0.0647 -0.7917 -0.6075
vn -0.2418 -0.1827 -0.9530
vn -0.8281 0.0250 -0.5600
vn -0.9739 0.1458 -0.1739
vn 0.5409 -0.5990 -0.5905
vn -0.5642 -0.6734 0.4777
vn -0.6936 -0.2556 0.6735
vn -0.6760 -0.0969 0.7305
vn -0.9400 0.2094 0.2693
vn 0.4358 -0.3207 -0.8410
vn 0.9419 -0.3301 -0.0623
vn 0.6122 -0.1956 0.7661
vn 0.1341 -0.5635 0.8152
vn -0.4378 -0.6882 0.5786
vn -0.6387 -0.7652 -0.0803
vn -0.1383 -0.6885 0.7119
vn -0.4180 -0.9055 -0.0735
vn -0.4807 -0.5682 -0.6679
vn -0.5908 -0.3641 -0.7200
vn 0.0598 0.5815 -0.8113
vn 0.4947 0.8298 -0.2582
vn -0.0177 0.6713 -0.7410
vn 0.3681 0.9230 -0.1123
vn 0.3989 0.6288 0.6674
vn 0.4762 0.7118 0.5162
vn -0.3765 0.0788 -0.9231
vn -0.3226 0.1059 -0.9406
vn -0.0002 -0.0474 0.9989
vn 0.1847 0.0043 0.9828
vn -0.5329 -0.6779 -0.5065
vn -0.5646 0.0696 -0.8224
vn -0.7097 -0.6609 0.2440
vn -0.9326 0.1538 0.3265
vn -0.4892 0.8554 0.1704
vn -0.2841 0.8012 -0.5267
vn -0.3097 -0.9507 -0.0155
vn -0.1581 -0.7161 0.6799
vn 0.1062 0.7656 0.6344
vn 0.0567 0.0586 0.9967
vn 0.1675 0.9855 -0.0260
vn 0.5160 -0.5331 -0.6705
vn 0.4368 -0.8970 -0.0679
vn 0.6578 -0.7529 -0.0196
vn 0.2610 -0.9217 -0.2870
vn -0.2875 -0.9007 0.3258
vn 0.1469 -0.6491 0.7464
vn -0.2505 0.1609 0.9546
vn -0.6495 -0.0737 0.7568
vn 0.0645 -0.8686 -0.4912
vn -0.6051 -0.7800 -0.1599
vn 0.0113 -0.6684 -0.7437
vn -0.6226 -0.4930 -0.6077
vn 0.3353 -0.0968 -0.9371
vn 0.3025 0.3914 -0.8691
vn 0.3478 0.9254 -0.1504
vn 0.2010 0.8646 -0.4605
vn -0.9459 -0.0816 0.3142
vn -0.4089 0.7506 0.5190
vn -0.9856 0.1318 -0.1058
vn -0.4496 0.6345 0.6288
vn 0.3164 0.9024 0.2926
vn 0.1452 0.6301 0.7628
vn 0.8771 -0.3810 -0.2925
vn 0.2482 -0.2657 -0.9316
vn 0.6462 0.3252 -0.6904
vn -0.2381 0.3759 -0.8955
vn -0.4124 -0.0472 -0.9098
vn -0.8153 0.4549 -0.3584
vn -0.3989 0.5136 0.7597
vn -0.5391 0.8277 -0.1557
vn 0.1406 0.1454 0.9793
vn 0.5952 -0.0108 0.8035
vn 0.1914 -0.2707 0.9435
vn 0.7417 0.6333 -0.2207
vn 0.0250 0.5430 -0.8393
vn 0.7708 0.0081 0.6370
vn 0.9422 -0.0725 0.3270
vn -0.5706 -0.0256 -0.8208
vn -0.3521 -0.0057 -0.9360
vn -0.6910 -0.0439 -0.7215
vn -0.6859 -0.1933 -0.7016
vn 0.0066 -0.9634 -0.2681
vn 0.1550 -0.5497 0.8208
vn 0.7175 -0.4764 0.5081
vn 0.2068 -0.8421 0.4980
vn 0.0968 -0.7591 -0.6437
vn -0.1951 0.0205 -0.9806
vn -0.2407 0.1594 -0.9574
vn -0.2968 0.6378 -0.7107
vn -0.2454 0.9368 0.2494
vn 0.0013 0.4757 0.8796
vn 0.2411 -0.8392 0.4874
vn 0.8743 -0.4842 -0.0344
vn -0.1631 -0.9557 0.2450
vn -0.0008 -0.6785 -0.7346
vn 0.1905 0.3134 -0.9303
vn 0.5142 0.2619 -0.8167
vn 0.0677 0.1337 0.9887
vn -0.4836 0.5275 -0.6985
vn -0.4572 0.3462 -0.8192
vn -0.1166 -0.8584 -0.4995
vn 0.5222 -0.7337 -0.4347
vn 0.6014 -0.7989 0.0084
vn -0.0713 -0.8928 0.4448
vn -0.7335 0.4727 -0.4884
vn -0.4281 0.6351 -0.6430
vn -0.9455 -0.0331 -0.3240
vn -0.9111 -0.3480 0.2208
vn -0.5637 -0.5194 0.6422
vn 0.8591 -0.4682 -0.2068
vn 0.2401 -0.5886 -0.7720
vn -0.4132 -0.3129 -0.8552
vn 0.7494 -0.2758 0.6020
vn 0.8502 -0.5265 -0.0025
vn 0.2857 -0.1774 0.9418
vn 0.5265 -0.6273 -0.5738
vn -0.9225 0.3002 -0.2424
vn -0.7146 0.6963 0.0671
vn -0.7599 0.5220 0.3874
vn -0.2865 0.6113 0.7377
vn 0.4400 0.4041 0.8019
vn 0.8931 -0.0703 0.4444
vn -0.0387 -0.5160 -0.8557
vn -0.5265 -0.8484 -0.0557
vn 0.1466 -0.5085 -0.8485
vn 0.3295 -0.9338 0.1397
vn -0.4691 -0.4035 0.7856
vn -0.3833 0.7948 0.4705
vn -0.4109 0.2742 0.8695
vn -0.7092 0.5641 0.4229
vn -0.5168 0.0934 0.8510
vn -0.2163 0.1482 0.9650
vn -0.3028 0.3935 0.8680
vn 0.2721 -0.1672 -0.9476
vn 0.6794 -0.0687 -0.7305
vn 0.9742 -0.2040 0.0964
vn 0.2372 0.4300 -0.8711
vn 0.0028 0.8888 -0.4583
vn -0.5870 0.7790 -0.2204
vn -0.3541 0.9313 -0.0852
vn 0.4719 -0.8537 0.2201
vn 0.5448 -0.6476 0.5326
vn 0.9257 -0.3670 -0.0913
vn -0.2355 -0.5802 0.7797
vn 0.3200 -0.9473 0.0171
vn 0.6180 0.2241 -0.7536
vn -0.1837 0.5464 -0.8171
vn 0.6449 0.5744 -0.5041
vn -0.8385 0.4478 -0.3105
vn -0.9457 -0.0134 -0.3249
vn -0.9241 0.1065 0.3671
vn 0.1603 -0.0183 -0.9869
vn 0.4613 0.6337 -0.6210
vn 0.3295 0.0292 -0.9437
vn -0.6342 -0.0416 0.7720
vn 0.4416 0.8956 -0.0540
vn -0.0897 -0.1605 0.9830
vn -0.4064 -0.6794 0.6110
vn -0.5483 -0.8319 0.0856
vn -0.7144 -0.6997 -0.0001
vn 0.8989 0.4380 -0.0089
vn 0.7260 0.2294 -0.6483
vn 0.6174 0.4101 0.6713
vn 0.9297 0.3415 -0.1380
vn -0.8312 -0.5544 -0.0411
vn -0.0696 -0.1943 0.9785
vn 0.0597 0.0748 0.9954
vn -0.2953 -0.4164 0.8599
vn -0.4150 -0.3166 0.8529
vn 0.3854 -0.0054 -0.9227
vn 0.8938 0.3731 -0.2489
vn -0.3598 0.1535 0.9203
vn 0.6391 -0.1251 0.7589
vn -0.9584 0.2142 0.1888
vn -0.6507 -0.2065 -0.7307
vn -0.1907 -0.0570 -0.9800
vn 0.3820 -0.1167 -0.9168
vn -0.3696 -0.0499 0.9278
vn -0.8853 -0.1393 -0.4438
vn -0.8175 -0.0326 -0.5750
vn 0.9484 -0.2605 -0.1809
vn 0.9072 -0.1413 -0.3961
vn -0.7771 0.0503 -0.6273
vn 0.5908 0.7823 -0.1974
vn 0.7031 0.7006 -0.1221
vn 0.9315 -0.3408 -0.1273
vn -0.5596 -0.8146 0.1522
vn -0.8252 -0.4164 -0.3817
vn 0.4649 0.2011 -0.8623
vn -0.3891 -0.2642 -0.8825
vn 0.7884 -0.0364 -0.6141
vn 0.3229 -0.9308 -0.1713
vn -0.6177 -0.7122 0.3335
vn -0.8167 -0.5764 0.0270
vn -0.2045 -0.7111 0.6727
vn -0.2912 -0.5402 0.7896
vn 0.6175 -0.2290 0.7525
vn 0.0295 -0.2407 0.9701
vn 0.9203 0.2211 0.3228
vn 0.8300 0.5305 -0.1724
vn -0.1879 0.6474 -0.7386
vn -0.4320 0.8594 0.2733
vn -0.3785 0.8791 0.2896
vn -0.3798 -0.4196 0.8244
vn 0.1658 -0.0308 -0.9857
vn 0.0340 -0.1050 -0.9939
vn 0.8626 -0.2347 -0.4481
vn -0.4617 0.8560 0.2327
vn 0.4993 -0.8082 0.3123
vn -0.3294 0.1165 -0.9370
vn -0.3756 0.4319 0.8200
vn -0.1296 0.3354 0.9331
vn 0.8671 -0.4449 0.2240
vn 0.8997 -0.2986 0.3185
vn -0.7856 0.4339 0.4412
vn 0.9239 -0.2171 0.3149
vn -0.0461 -0.7645 -0.6430
vn -0.7493 -0.5821 -0.3157
vn -0.8280 -0.3068 -0.4694
vn -0.3218 -0.6879 -0.6505
vn 0.5619 0.8174 0.1268
vn 0.4509 -0.5783 -0.6799
vn 0.9601 -0.2795 0.0069
vn 0.0167 -0.1333 -0.9909
vn 0.4830 0.6666 -0.5678
vn 0.2623 0.8620 0.4338
vn 0.7169 0.3448 0.6059
vn -0.9668 0.2289 -0.1140
vn -0.9964 -0.0841 -0.0070
vn -0.3035 -0.5535 -0.7756
vn -0.6555 -0.1190 -0.7457
vn -0.8225 0.5165 -0.2383
vn -0.4393 0.7704 0.4622
vn 0.0450 0.6798 0.7320
vt 0.181819 0.000000
vt 0.195637 0.053163
vt 0.170455 0.019683
vt 0.269589 0.160868
vt 0.287001 0.132738
vt 0.296023 0.156477
vt 0.284749 0.178282
vt 0.404182 0.323425
vt 0.419345 0.345610
vt 0.397728 0.373969
vt 0.492187 0.407186
vt 0.459694 0.463465
vt 0.446581 0.446812
vt 0.458498 0.436458
vt 0.458494 0.438409
vt 0.461348 0.433981
vt 0.463586 0.403035
vt 0.463549 0.404682
vt 0.455722 0.419742
vt 0.457572 0.424606
vt 0.427853 0.418681
vt 0.481006 0.403850
vt 0.464158 0.429986
vt 0.468977 0.421513
vt 0.476736 0.410926
vt 0.458614 0.426435
vt 0.464446 0.396864
vt 0.438934 0.379003
vt 0.488970 0.368496
vt 0.485156 0.374764
vt 0.483564 0.376636
vt 0.464896 0.394733
vt 0.489181 0.371039
vt 0.488078 0.371648
vt 0.483954 0.401488
vt 0.486046 0.394838
vt 0.490651 0.388719
vt 0.491382 0.369085
vt 0.494875 0.381140
vt 0.505127 0.382868
vt 0.505578 0.383991
vt 0.484197 0.313656
vt 0.522728 0.354286
vt 0.514406 0.368700
vt 0.503579 0.367641
vt 0.501460 0.367040
vt 0.495692 0.367634
vt 0.457068 0.310552
vt 0.547681 0.326325
vt 0.375001 0.334604
vt 0.346159 0.312801
vt 0.438325 0.303652
vt 0.604075 0.407186
vt 0.640126 0.421050
vt 0.636365 0.460108
vt 0.647691 0.393651
vt 0.670455 0.413334
vt 0.687698 0.383468
vt 0.622752 0.379824
vt 0.603620 0.380596
vt 0.612147 0.383854
vt 0.616669 0.384948
vt 0.619765 0.383342
vt 0.660396 0.366856
vt 0.628942 0.374646
vt 0.637155 0.369722
vt 0.632991 0.369174
vt 0.632741 0.367949
vt 0.616434 0.357234
vt 0.627124 0.347477
vt 0.631912 0.364742
vt 0.628202 0.362191
vt 0.623286 0.356595
vt 0.716568 0.333214
vt 0.590782 0.337420
vt 0.600039 0.360626
vt 0.622813 0.314921
vt 0.666430 0.313449
vt 0.795455 0.433017
vt 0.798521 0.404738
vt 0.820592 0.452889
vt 0.839322 0.413890
vt 0.840385 0.414035
vt 0.830625 0.397132
vt 0.831334 0.397916
vt 0.832676 0.399338
vt 0.851518 0.392183
vt 0.845468 0.404057
vt 0.848403 0.392921
vt 0.816778 0.369968
vt 0.818728 0.371379
vt 0.773804 0.376193
vt 0.820897 0.364629
vt 0.848672 0.389363
vt 0.821870 0.392139
vt 0.819467 0.373194
vt 0.817071 0.383606
vt 0.869518 0.345679
vt 0.848360 0.384961
vt 0.851081 0.362819
vt 0.849722 0.358277
vt 0.847842 0.354279
vt 0.743549 0.331064
vt 0.815164 0.322721
vt 0.822595 0.361192
vt 0.841099 0.349199
vt 0.829284 0.351614
vt 0.825648 0.357259
vt 0.824040 0.358833
vt 0.856539 0.314921
vt 0.896575 0.328695
vt 0.057726 0.414905
vt 0.051305 0.403785
vt 0.108005 0.414109
vt 0.084128 0.460636
vt 0.063120 0.424249
vt 0.064242 0.422723
vt 0.027676 0.362857
vt 0.069253 0.372423
vt 0.102274 0.452699
vt 0.084290 0.352571
vt 0.134966 0.391229
vt 0.116037 0.341506
vt 0.144852 0.366841
vt 0.010703 0.328695
vt 0.072569 0.297540
vt 0.153905 0.314921
vt 0.170455 0.334604
vt 0.212499 0.314921
vt 0.227273 0.393652
vt 0.265086 0.393651
vt 0.244539 0.423557
vt 0.286084 0.418130
vt 0.278255 0.449807
vt 0.318182 0.393652
vt 0.228756 0.373281
vt 0.294841 0.368836
vt 0.236654 0.340914
vt 0.337730 0.334604
vt 0.329641 0.354286
vt 0.283934 0.311251
vt 0.435480 0.267833
vt 0.414334 0.295238
vt 0.434459 0.236191
vt 0.389599 0.255874
vt 0.462161 0.275556
vt 0.491680 0.286828
vt 0.442696 0.196826
vt 0.475821 0.216509
vt 0.426762 0.216508
vt 0.508517 0.236191
vt 0.500129 0.255874
vt 0.548899 0.292664
vt 0.538303 0.326043
vt 0.433684 0.132049
vt 0.480460 0.179286
vt 0.588867 0.255874
vt 0.632488 0.275556
vt 0.623807 0.216509
vt 0.637533 0.236191
vt 0.580178 0.236191
vt 0.593937 0.295238
vt 0.663564 0.255874
vt 0.728895 0.275556
vt 0.632850 0.177143
vt 0.673288 0.196826
vt 0.606244 0.196826
vt 0.680170 0.216508
vt 0.720004 0.295238
vt 0.834274 0.236191
vt 0.817368 0.255874
vt 0.728634 0.255874
vt 0.829539 0.159740
vt 0.840009 0.216603
vt 0.750117 0.216508
vt 0.808047 0.275556
vt 0.872374 0.295238
vt 0.870668 0.183659
vt 0.926747 0.255874
vt 0.923264 0.275556
vt 0.032699 0.295238
vt 0.033853 0.275556
vt 0.044147 0.255874
vt 0.078835 0.275556
vt 0.053547 0.236191
vt 0.095045 0.260061
vt 0.088063 0.199649
vt 0.133307 0.295238
vt 0.156340 0.257134
vt 0.166112 0.214592
vt 0.251154 0.216509
vt 0.250001 0.236191
vt 0.234055 0.258447
vt 0.207253 0.274883
vt 0.282011 0.236191
vt 0.294848 0.256447
vt 0.250001 0.196826
vt 0.295005 0.216509
vt 0.325621 0.236191
vt 0.341034 0.257279
vt 0.542236 0.216508
vt 0.542973 0.196826
vt 0.515653 0.173113
vt 0.583354 0.177143
vt 0.536367 0.134754
vt 0.589084 0.157461
vt 0.670663 0.157461
vt 0.731464 0.236191
vt 0.680611 0.177143
vt 0.717444 0.194962
vt 0.756333 0.196826
vt 0.777814 0.172686
vt 0.704546 0.157461
vt 0.741898 0.156031
vt 0.920455 0.295238
vt 0.935799 0.235373
vt 0.901216 0.157461
vt 0.977858 0.175843
vt 0.212847 0.214358
vt 0.222709 0.178187
vt 0.103123 0.140076
vt 0.167493 0.177143
vt 0.136364 0.157461
vt 0.159092 0.157461
vt 0.194089 0.136208
vt 0.204546 0.157461
vt 0.227273 0.157461
vt 0.344830 0.216508
vt 0.319613 0.165893
vt 0.377399 0.236191
vt 0.360107 0.196826
vt 0.400261 0.196826
vt 0.371386 0.177144
vt 0.403960 0.167204
vt 0.364014 0.157461
vt 0.386364 0.157461
vt 0.488637 0.098413
vt 0.495122 0.128340
vt 0.473195 0.125160
vt 0.503713 0.072300
vt 0.523176 0.098413
vt 0.556703 0.042648
vt 0.543373 0.068029
vt 0.583205 0.137778
vt 0.581748 0.091497
vt 0.588639 0.118096
vt 0.540599 0.008412
vt 0.556819 0.019683
vt 0.602273 0.098413
vt 0.625000 0.137778
vt 0.671935 0.098413
vt 0.680891 0.125569
vt 0.659091 0.118096
vt 0.724712 0.122532
vt 0.681695 0.078731
vt 0.741373 0.098413
vt 0.747876 0.121776
vt 0.701068 0.045390
vt 0.726053 0.046669
vt 0.747076 0.078731
vt 0.783509 0.099422
vt 0.804520 0.137778
vt 0.732452 0.008971
vt 0.759603 0.055997
vt 0.795455 0.118096
vt 0.861187 0.118096
vt 0.863070 0.137778
vt 0.829546 0.137778
vt 0.881986 0.055995
vt 0.895230 0.078731
vt 0.863636 0.078731
vt 0.871734 0.098413
vt 0.886364 0.118096
vt 0.912725 0.137778
vt 0.897727 0.098413
vt 0.909091 0.118096
vt 0.920455 0.098413
vt 0.931818 0.118096
vt 0.986964 0.139534
vt 0.921435 0.057350
vt 0.931818 0.078731
vt 0.943182 0.098413
vt 0.971961 0.118096
vt 0.943182 0.059048
vt 0.954545 0.078731
vt 0.965909 0.098413
vt 0.397864 0.137543
vt 0.372347 0.137778
vt 0.329546 0.137778
vt 0.420455 0.098413
vt 0.386364 0.118096
vt 0.392986 0.090200
vt 0.405379 0.072300
vt 0.364193 0.117132
vt 0.333625 0.118096
vt 0.345321 0.095743
vt 0.386364 0.039365
vt 0.336244 0.075164
vt 0.366701 0.011516
vt 0.306819 0.098413
vt 0.334461 0.050536
vt 0.113637 0.118096
vt 0.125001 0.137778
vt 0.159092 0.039365
vt 0.159407 0.079023
vt 0.129831 0.106779
vt 0.147728 0.137778
vt 0.145328 0.094256
vt 0.161483 0.122238
vt 0.175189 0.106612
vt 0.214625 0.098413
vt 0.204546 0.118096
vt 0.215910 0.137778
vt 0.234722 0.105195
vt 0.256909 0.133131
vt 0.227274 0.078731
vt 0.000000 0.000000
s 1
f 38/1/1 368/2/2 35/3/3
f 1/4/4 378/5/5 25/6/6
f 1/4/4 25/6/6 60/7/7
f 175/8/8 140/9/9 171/10/10
f 132/11/11 4/12/12 112/13/13 1399/14/14 1400/15/15 1398/16/16
f 1402/17/17 1403/18/18 1401/19/19 1404/20/20 112/13/13 167/21/21
f 1408/22/22 132/11/11 1398/16/16 1405/23/23 1406/24/24 1407/25/25
f 1409/26/26 1399/14/14 112/13/13 1404/20/20
f 1410/27/27 1402/17/17 167/21/21 119/28/28
f 1410/27/27 119/28/28 139/29/29 1412/30/30 1413/31/31 1411/32/32
f 139/29/29 1416/33/33 1417/34/34 1412/30/30
f 132/11/11 1408/22/22 1414/35/35 1415/36/36 1418/37/37
f 1416/33/33 139/29/29 1422/38/38
f 132/11/11 1418/37/37 1421/39/39 1420/40/40 1419/41/41
f 171/10/10 140/9/9 119/28/28
f 140/9/9 143/42/42 119/28/28
f 119/28/28 143/42/42 139/29/29
f 139/29/29 136/43/43 1424/44/44 1423/45/45 1426/46/46 1425/47/47 1422/38/38
f 140/9/9 145/48/48 143/42/42
f 139/29/29 143/42/42 147/49/49
f 139/29/29 147/49/49 136/43/43
f 178/50/50 228/51/51 175/8/8
f 175/8/8 110/52/52 140/9/9
f 140/9/9 110/52/52 145/48/48
f 132/53/11 148/54/53 4/55/12
f 150/56/54 148/54/53 132/53/11
f 150/56/54 127/57/55 148/54/53
f 129/58/56 127/57/55 150/56/54
f 1429/59/57 150/56/54 132/53/11 1419/60/41 1430/61/58 1427/62/59 1428/63/60
f 153/64/61 150/56/54 1429/59/57 1433/65/62 1431/66/63 1434/67/64 1432/68/65
f 153/64/61 129/58/56 150/56/54
f 1438/69/66 154/70/67 153/64/61 1432/68/65 1435/71/68 1436/72/69 1437/73/70
f 129/58/56 153/64/61 130/74/71
f 136/75/43 154/70/67 1438/69/66 1424/76/44
f 153/64/61 154/70/67 130/74/71
f 154/70/67 136/75/43 109/77/72
f 154/70/67 109/77/72 197/78/73
f 130/74/71 154/70/67 197/78/73
f 148/79/53 127/80/55 4/81/12
f 1443/82/74 1444/83/75 4/81/12 127/80/55 1442/84/76 1440/85/77 1439/86/78
f 120/87/79 1445/88/80 1441/89/81
f 1448/90/82 1447/91/83 127/80/55 129/92/56 1446/93/84
f 1441/89/81 1451/94/85 120/87/79
f 1452/95/86 1442/84/76 127/80/55 1447/91/83 1449/96/87 1450/97/88
f 123/98/89 120/87/79 1451/94/85 1455/99/90 1456/100/91 1453/101/92 1454/102/93
f 129/92/56 130/103/71 157/104/94
f 129/92/56 157/104/94 1457/105/95 1446/93/84
f 157/104/94 123/98/89 1454/102/93 1458/106/96 1459/107/97 1461/108/98 1460/109/99 1457/105/95
f 157/104/94 107/110/100 123/98/89
f 107/110/100 124/111/101 123/98/89
f 1445/112/80 120/113/79 160/114/102 4/115/12 1444/116/75 1462/117/103
f 120/113/79 123/118/89 161/119/104
f 112/120/13 4/115/12 160/114/102
f 120/113/79 161/119/104 160/114/102
f 161/119/104 163/121/105 160/114/102
f 163/121/105 114/122/106 160/114/102
f 163/121/105 166/123/107 114/122/106
f 166/123/107 117/124/108 114/122/106
f 123/118/89 124/125/101 161/119/104
f 124/125/101 163/121/105 161/119/104
f 212/126/109 166/123/107 163/121/105
f 166/123/107 104/127/110 117/124/108
f 117/124/108 104/127/110 173/128/111
f 104/127/110 102/129/112 173/128/111
f 114/130/106 170/131/113 160/132/102
f 160/132/102 167/133/21 112/134/13
f 160/132/102 170/131/113 167/133/21
f 167/133/21 170/131/113 119/135/28
f 114/130/106 117/136/108 170/131/113
f 117/136/108 171/137/10 170/131/113
f 170/131/113 171/137/10 119/135/28
f 173/138/111 171/137/10 117/136/108
f 173/138/111 178/139/50 171/137/10
f 171/137/10 178/139/50 175/140/8
f 102/129/112 221/141/114 173/138/111
f 173/138/111 221/141/114 178/139/50
f 221/141/114 228/51/51 178/139/50
f 67/142/115 179/143/116 228/51/51
f 179/143/116 175/8/8 228/51/51
f 179/143/116 110/52/52 175/8/8
f 67/142/115 110/52/52 179/143/116
f 65/144/117 67/142/115 271/145/118
f 67/142/115 180/146/119 110/52/52
f 180/146/119 145/48/48 110/52/52
f 180/146/119 183/147/120 145/48/48
f 145/48/48 183/147/120 143/42/42
f 64/148/121 185/149/122 277/150/123
f 277/150/123 185/149/122 65/144/117
f 185/149/122 187/151/124 65/144/117
f 65/144/117 187/151/124 67/142/115
f 187/151/124 188/152/125 67/142/115
f 67/142/115 188/152/125 180/146/119
f 188/152/125 183/147/120 180/146/119
f 183/147/120 191/153/126 143/42/42
f 191/153/126 147/154/49 143/42/42
f 62/155/127 96/156/128 64/148/121
f 64/148/121 96/156/128 185/149/122
f 233/157/129 194/158/130 191/153/126
f 101/159/131 199/160/132 234/161/133
f 191/153/126 192/162/134 147/154/49
f 192/162/134 136/75/43 147/154/49
f 191/153/126 194/158/130 192/162/134
f 192/162/134 109/77/72 136/75/43
f 194/158/130 197/78/73 192/162/134
f 192/162/134 197/78/73 109/77/72
f 234/161/133 199/160/132 233/157/129
f 199/160/132 200/163/135 233/157/129
f 233/157/129 200/163/135 194/158/130
f 200/163/135 202/164/136 194/158/130
f 194/158/130 202/164/136 197/78/73
f 98/165/137 93/166/138 240/167/139
f 240/167/139 93/166/138 101/159/131
f 93/166/138 91/168/140 101/159/131
f 101/159/131 91/168/140 199/160/132
f 202/164/136 89/169/141 197/78/73
f 197/78/73 89/169/141 130/103/71
f 95/170/142 205/171/143 246/172/144
f 41/173/145 208/174/146 250/175/147
f 89/169/141 157/104/94 130/103/71
f 246/172/144 205/171/143 202/164/136
f 205/171/143 207/176/148 202/164/136
f 202/164/136 207/176/148 89/169/141
f 89/169/141 107/110/100 157/104/94
f 250/175/147 208/174/146 95/170/142
f 207/176/148 211/177/149 89/169/141
f 89/169/141 211/177/149 107/110/100
f 211/177/149 124/111/101 107/110/100
f 263/178/150 208/174/146 41/173/145
f 95/170/142 84/179/151 205/171/143
f 205/171/143 84/179/151 207/176/148
f 84/179/151 82/180/152 207/176/148
f 207/176/148 82/180/152 211/177/149
f 88/181/153 163/121/105 124/125/101
f 82/182/152 212/126/109 88/181/153
f 88/181/153 212/126/109 163/121/105
f 84/183/151 214/184/154 82/182/152
f 82/182/152 214/184/154 212/126/109
f 261/185/155 217/186/156 84/183/151
f 84/183/151 217/186/156 214/184/154
f 86/187/157 217/186/156 261/185/155
f 214/184/154 217/186/156 212/126/109
f 217/186/156 218/188/158 212/126/109
f 212/126/109 218/188/158 166/123/107
f 218/188/158 104/127/110 166/123/107
f 86/187/157 69/189/159 217/186/156
f 71/190/160 69/189/159 86/187/157
f 217/186/156 69/189/159 218/188/158
f 218/188/158 102/129/112 104/127/110
f 76/191/161 222/192/162 78/193/163
f 78/193/163 221/141/114 79/194/164
f 79/194/164 221/141/114 102/129/112
f 76/191/161 224/195/165 222/192/162
f 222/192/162 224/195/165 78/193/163
f 224/195/165 227/196/166 78/193/163
f 78/193/163 227/196/166 221/141/114
f 227/196/166 228/51/51 221/141/114
f 73/197/167 1/4/4 76/191/161
f 1/4/4 230/198/168 76/191/161
f 76/191/161 230/198/168 224/195/165
f 1/4/4 60/7/7 230/198/168
f 230/198/168 57/199/169 224/195/165
f 224/195/165 57/199/169 227/196/166
f 57/199/169 55/200/170 227/196/166
f 227/196/166 55/200/170 228/51/51
f 185/149/122 237/201/171 187/151/124
f 183/147/120 188/152/125 191/153/126
f 188/152/125 233/157/129 191/153/126
f 188/152/125 187/151/124 233/157/129
f 187/151/124 234/161/133 233/157/129
f 187/151/124 237/201/171 234/161/133
f 237/201/171 101/159/131 234/161/133
f 185/149/122 96/156/128 237/201/171
f 96/156/128 238/202/172 237/201/171
f 238/202/172 240/167/139 237/201/171
f 237/201/171 240/167/139 101/159/131
f 96/156/128 243/203/173 238/202/172
f 243/203/173 244/204/174 238/202/172
f 238/202/172 244/204/174 240/167/139
f 244/204/174 98/165/137 240/167/139
f 243/203/173 292/205/175 244/204/174
f 292/205/175 53/206/176 244/204/174
f 244/204/174 53/206/176 98/165/137
f 53/206/176 51/207/177 98/165/137
f 200/163/135 246/172/144 202/164/136
f 199/160/132 249/208/178 200/163/135
f 98/165/137 256/209/179 93/166/138
f 200/163/135 249/208/178 246/172/144
f 249/208/178 95/170/142 246/172/144
f 199/160/132 91/168/140 249/208/178
f 91/168/140 250/175/147 249/208/178
f 249/208/178 250/175/147 95/170/142
f 93/166/138 253/210/180 91/168/140
f 91/168/140 253/210/180 250/175/147
f 253/210/180 254/211/181 250/175/147
f 254/211/181 41/173/145 250/175/147
f 93/166/138 256/209/179 253/210/180
f 253/210/180 258/212/182 254/211/181
f 254/211/181 258/212/182 41/173/145
f 98/165/137 51/207/177 256/209/179
f 51/207/177 50/213/183 256/209/179
f 256/209/179 50/213/183 253/210/180
f 50/213/183 48/214/184 253/210/180
f 253/210/180 48/214/184 258/212/182
f 211/177/149 88/215/153 124/111/101
f 211/177/149 82/180/152 88/215/153
f 95/170/142 261/216/155 84/179/151
f 208/174/146 261/216/155 95/170/142
f 208/174/146 263/178/150 261/216/155
f 41/173/145 40/217/185 263/178/150
f 263/178/150 40/217/185 261/216/155
f 40/217/185 86/218/157 261/216/155
f 218/188/158 79/194/164 102/129/112
f 218/188/158 69/189/159 79/194/164
f 69/189/159 71/190/160 79/194/164
f 71/190/160 264/219/186 79/194/164
f 79/194/164 264/219/186 78/193/163
f 264/219/186 76/191/161 78/193/163
f 264/219/186 266/220/187 76/191/161
f 266/220/187 73/197/167 76/191/161
f 86/187/157 332/221/188 71/190/160
f 332/221/188 269/222/189 71/190/160
f 71/190/160 269/222/189 264/219/186
f 269/222/189 266/220/187 264/219/186
f 266/220/187 1/4/4 73/197/167
f 332/221/188 19/223/190 269/222/189
f 19/223/190 17/224/191 269/222/189
f 17/224/191 15/225/192 269/222/189
f 15/225/192 13/226/193 269/222/189
f 269/222/189 13/226/193 266/220/187
f 13/226/193 12/227/194 266/220/187
f 12/227/194 1/4/4 266/220/187
f 230/198/168 274/228/195 57/199/169
f 60/7/7 278/229/196 230/198/168
f 55/200/170 67/142/115 228/51/51
f 55/200/170 271/145/118 67/142/115
f 57/199/169 272/230/197 55/200/170
f 55/200/170 272/230/197 271/145/118
f 272/230/197 65/144/117 271/145/118
f 57/199/169 274/228/195 272/230/197
f 274/228/195 277/150/123 272/230/197
f 272/230/197 277/150/123 65/144/117
f 230/198/168 278/229/196 274/228/195
f 278/229/196 280/231/198 274/228/195
f 274/228/195 280/231/198 277/150/123
f 280/231/198 282/232/199 277/150/123
f 282/232/199 64/148/121 277/150/123
f 278/229/196 284/233/200 280/231/198
f 280/231/198 284/233/200 282/232/199
f 284/233/200 287/234/201 282/232/199
f 282/232/199 287/234/201 64/148/121
f 287/234/201 62/155/127 64/148/121
f 60/7/7 25/6/6 278/229/196
f 278/229/196 23/235/202 284/233/200
f 23/235/202 22/236/203 284/233/200
f 284/233/200 22/236/203 287/234/201
f 31/237/204 289/238/205 62/239/127
f 29/240/206 290/241/207 31/237/204
f 28/242/208 295/243/209 29/240/206
f 62/239/127 289/238/205 96/156/128
f 289/238/205 243/203/173 96/156/128
f 289/238/205 292/205/175 243/203/173
f 31/237/204 290/241/207 289/238/205
f 290/241/207 292/205/175 289/238/205
f 29/240/206 295/243/209 290/241/207
f 296/244/210 53/206/176 292/205/175
f 295/243/209 299/245/211 290/241/207
f 290/241/207 299/245/211 292/205/175
f 299/245/211 300/246/212 292/205/175
f 292/205/175 300/246/212 296/244/210
f 38/247/1 308/248/213 28/242/208
f 295/243/209 28/242/208 299/245/211
f 299/245/211 45/249/214 300/246/212
f 300/246/212 44/250/215 296/244/210
f 296/244/210 44/250/215 53/206/176
f 44/250/215 51/207/177 53/206/176
f 45/251/214 44/252/215 300/253/212
f 44/252/215 50/213/183 51/207/177
f 44/252/215 302/254/216 50/213/183
f 302/254/216 48/214/184 50/213/183
f 299/255/211 305/256/217 45/251/214
f 45/251/214 305/256/217 44/252/215
f 305/256/217 302/254/216 44/252/215
f 302/254/216 307/257/218 48/214/184
f 28/258/208 308/259/213 299/255/211
f 308/259/213 310/260/219 299/255/211
f 299/255/211 310/260/219 305/256/217
f 305/256/217 307/257/218 302/254/216
f 305/256/217 313/261/220 307/257/218
f 307/257/218 313/261/220 48/214/184
f 313/261/220 315/262/221 48/214/184
f 48/214/184 315/262/221 258/212/182
f 38/263/1 35/264/3 308/259/213
f 308/259/213 35/264/3 310/260/219
f 310/260/219 313/261/220 305/256/217
f 313/261/220 33/265/222 315/262/221
f 315/262/221 41/173/145 258/212/182
f 33/266/222 316/267/223 315/268/221
f 35/269/3 323/270/224 310/271/219
f 315/268/221 316/267/223 41/173/145
f 316/267/223 40/217/185 41/173/145
f 313/272/220 319/273/225 33/266/222
f 33/266/222 319/273/225 316/267/223
f 319/273/225 320/274/226 316/267/223
f 316/267/223 320/274/226 40/217/185
f 310/271/219 323/270/224 313/272/220
f 323/270/224 325/275/227 313/272/220
f 313/272/220 325/275/227 319/273/225
f 325/275/227 326/276/228 319/273/225
f 319/273/225 326/276/228 320/274/226
f 320/274/226 86/218/157 40/217/185
f 323/270/224 328/277/229 325/275/227
f 325/275/227 328/277/229 326/276/228
f 328/277/229 331/278/230 326/276/228
f 326/276/228 331/278/230 320/274/226
f 331/278/230 332/279/188 320/274/226
f 320/274/226 332/279/188 86/218/157
f 35/269/3 334/280/231 323/270/224
f 334/280/231 336/281/232 323/270/224
f 323/270/224 336/281/232 328/277/229
f 336/281/232 338/282/233 328/277/229
f 328/277/229 338/282/233 331/278/230
f 338/282/233 341/283/234 331/278/230
f 331/278/230 341/283/234 332/279/188
f 334/280/231 9/284/235 336/281/232
f 9/284/235 8/285/236 336/281/232
f 336/281/232 8/285/236 338/282/233
f 8/285/236 6/286/237 338/282/233
f 338/282/233 6/286/237 341/283/234
f 22/236/203 342/287/238 287/234/201
f 23/235/202 344/288/239 22/236/203
f 278/229/196 353/289/240 23/235/202
f 287/234/201 342/287/238 62/155/127
f 342/287/238 31/290/204 62/155/127
f 22/236/203 344/288/239 342/287/238
f 344/288/239 347/291/241 342/287/238
f 347/291/241 349/292/242 342/287/238
f 342/287/238 349/292/242 31/290/204
f 349/292/242 29/293/206 31/290/204
f 344/288/239 351/294/243 347/291/241
f 347/291/241 351/294/243 349/292/242
f 23/235/202 353/289/240 344/288/239
f 353/289/240 355/295/244 344/288/239
f 344/288/239 355/295/244 351/294/243
f 355/295/244 357/296/245 351/294/243
f 351/294/243 357/296/245 349/292/242
f 349/292/242 357/296/245 29/293/206
f 357/296/245 28/297/208 29/293/206
f 278/229/196 25/6/6 353/289/240
f 25/6/6 355/295/244 353/289/240
f 359/298/246 38/299/1 357/296/245
f 357/296/245 38/299/1 28/297/208
f 25/6/6 378/5/5 355/295/244
f 378/5/5 377/300/247 355/295/244
f 355/295/244 377/300/247 357/296/245
f 377/300/247 359/298/246 357/296/245
f 359/298/246 368/301/2 38/299/1
f 341/302/234 361/303/248 332/221/188
f 334/304/231 368/2/2 9/305/235
f 35/3/3 368/2/2 334/304/231
f 361/303/248 19/223/190 332/221/188
f 341/302/234 6/306/237 361/303/248
f 6/306/237 362/307/249 361/303/248
f 361/303/248 362/307/249 19/223/190
f 362/307/249 17/224/191 19/223/190
f 8/308/236 364/309/250 6/306/237
f 6/306/237 364/309/250 362/307/249
f 362/307/249 364/309/250 17/224/191
f 364/309/250 15/225/192 17/224/191
f 9/305/235 367/310/251 8/308/236
f 8/308/236 367/310/251 364/309/250
f 367/310/251 15/225/192 364/309/250
f 9/305/235 370/311/252 367/310/251
f 370/311/252 372/312/253 367/310/251
f 367/310/251 372/312/253 15/225/192
f 372/312/253 375/313/254 15/225/192
f 15/225/192 375/313/254 13/226/193
f 375/313/254 12/227/194 13/226/193
f 9/305/235 368/2/2 370/311/252
f 370/311/252 377/314/247 372/312/253
f 372/312/253 377/314/247 375/313/254
f 377/314/247 378/315/5 375/313/254
f 375/313/254 378/315/5 12/227/194
f 378/315/5 1/4/4 12/227/194
f 368/2/2 359/316/246 370/311/252
f 359/316/246 377/314/247 370/311/252
f 131/317/255 849/317/256 1025/317/257 566/317/258
f 121/317/259 565/317/260 1025/317/257 849/317/256
f 128/317/261 566/317/258 1025/317/257 565/317/260
f 118/317/262 555/317/263 1026/317/264 868/317/265
f 115/317/266 424/317/267 1026/317/264 555/317/263
f 87/317/268 868/317/265 1026/317/264 424/317/267
f 2/317/269 426/317/270 1027/317/271 538/317/272
f 105/317/273 423/317/274 1027/317/271 426/317/270
f 92/317/275 538/317/272 1027/317/271 423/317/274
f 125/317/276 559/317/277 1028/317/278 563/317/279
f 116/317/280 562/317/281 1028/317/278 559/317/277
f 131/317/255 563/317/279 1028/317/278 562/317/281
f 121/317/259 560/317/282 1029/317/283 850/317/284
f 122/317/285 561/317/286 1029/317/283 560/317/282
f 126/317/287 850/317/284 1029/317/283 561/317/286
f 92/317/275 433/317/288 1030/317/289 894/317/290
f 90/317/291 434/317/292 1030/317/289 433/317/288
f 94/317/293 894/317/290 1030/317/289 434/317/292
f 90/317/291 435/317/294 1031/317/295 434/317/292
f 137/317/296 431/317/297 1031/317/295 435/317/294
f 94/317/293 434/317/292 1031/317/295 431/317/297
f 122/317/285 853/317/298 1032/317/299 851/317/300
f 116/317/280 559/317/277 1032/317/299 853/317/298
f 125/317/276 851/317/300 1032/317/299 559/317/277
f 122/317/285 854/317/301 1033/317/302 557/317/303
f 118/317/262 869/317/304 1033/317/302 854/317/301
f 105/317/273 557/317/303 1033/317/302 869/317/304
f 94/317/293 440/317/305 1034/317/306 863/317/307
f 350/317/308 438/317/309 1034/317/306 440/317/305
f 99/317/310 863/317/307 1034/317/306 438/317/309
f 1450/317/88 122/317/285 441/317/311 1440/317/77 1442/317/76 1452/317/86
f 1440/317/77 441/317/311 1439/317/78
f 3/317/312 855/317/313 1035/317/314 858/317/315
f 113/317/316 554/317/317 1035/317/314 855/317/313
f 7/317/318 858/317/315 1035/317/314 554/317/317
f 151/317/319 463/317/320 1036/317/321 903/317/322
f 155/317/323 457/317/324 1036/317/321 463/317/320
f 149/317/325 903/317/322 1036/317/321 457/317/324
f 3/317/312 856/317/326 1037/317/327 549/317/328
f 111/317/329 550/317/330 1037/317/327 856/317/326
f 100/317/331 549/317/328 1037/317/327 550/317/330
f 103/317/332 870/317/333 1038/317/334 543/317/335
f 87/317/268 548/317/336 1038/317/334 870/317/333
f 100/317/331 543/317/335 1038/317/334 548/317/336
f 92/317/275 436/317/337 1039/317/338 538/317/272
f 97/317/339 539/317/340 1039/317/338 436/317/337
f 2/317/269 538/317/272 1039/317/338 539/317/340
f 219/317/341 924/317/342 1040/317/343 935/317/344
f 198/317/345 478/317/346 1040/317/343 924/317/342
f 216/317/347 935/317/344 1040/317/343 478/317/346
f 245/317/348 498/317/349 1041/317/350 482/317/351
f 275/317/352 486/317/353 1041/317/350 498/317/349
f 247/317/354 482/317/351 1041/317/350 486/317/353
f 2/317/269 537/317/355 1042/317/356 427/317/357
f 90/317/291 536/317/358 1042/317/356 537/317/355
f 115/317/266 427/317/357 1042/317/356 536/317/358
f 242/317/359 489/317/360 1043/317/361 491/317/362
f 273/317/363 493/317/364 1043/317/361 489/317/360
f 248/317/365 491/317/362 1043/317/361 493/317/364
f 106/317/366 867/317/367 1044/317/368 535/317/369
f 87/317/268 422/317/370 1044/317/368 867/317/367
f 92/317/275 535/317/369 1044/317/368 422/317/370
f 105/317/273 869/317/304 1045/317/371 545/317/372
f 118/317/262 534/317/373 1045/317/371 869/317/304
f 103/317/332 545/317/372 1045/317/371 534/317/373
f 26/317/374 873/317/375 1046/317/376 469/317/377
f 24/317/378 931/317/379 1046/317/376 873/317/375
f 27/317/380 469/317/377 1046/317/376 931/317/379
f 374/317/381 525/317/382 1047/317/383 521/317/384
f 358/317/385 523/317/386 1047/317/383 525/317/382
f 360/317/387 521/317/384 1047/317/383 523/317/386
f 373/317/388 526/317/389 1048/317/390 524/317/391
f 354/317/392 520/317/393 1048/317/390 526/317/389
f 356/317/394 524/317/391 1048/317/390 520/317/393
f 373/317/388 522/317/395 1049/317/396 527/317/397
f 358/317/385 525/317/382 1049/317/396 522/317/395
f 374/317/381 527/317/397 1049/317/396 525/317/382
f 373/317/388 874/317/398 1050/317/399 522/317/395
f 419/317/400 504/317/401 1050/317/399 874/317/398
f 358/317/385 522/317/395 1050/317/399 504/317/401
f 358/317/385 875/317/402 1051/317/403 523/317/386
f 418/317/404 503/317/405 1051/317/403 875/317/402
f 360/317/387 523/317/386 1051/317/403 503/317/405
f 360/317/387 876/317/406 1052/317/407 519/317/408
f 421/317/409 500/317/410 1052/317/407 876/317/406
f 356/317/394 519/317/408 1052/317/407 500/317/410
f 273/317/363 877/317/411 1053/317/412 487/317/413
f 416/317/414 517/317/415 1053/317/412 877/317/411
f 275/317/352 487/317/413 1053/317/412 517/317/415
f 275/317/352 878/317/416 1054/317/417 486/317/353
f 417/317/418 515/317/419 1054/317/417 878/317/416
f 247/317/354 486/317/353 1054/317/417 515/317/419
f 247/317/354 879/317/420 1055/317/421 490/317/422
f 414/317/423 512/317/424 1055/317/421 879/317/420
f 242/317/359 490/317/422 1055/317/421 512/317/424
f 242/317/359 880/317/425 1056/317/426 489/317/360
f 415/317/427 513/317/428 1056/317/426 880/317/425
f 273/317/363 489/317/360 1056/317/426 513/317/428
f 7/317/318 881/317/429 1057/317/430 858/317/315
f 5/317/431 857/317/432 1057/317/430 881/317/429
f 3/317/312 858/317/315 1057/317/430 857/317/432
f 141/317/433 898/317/434 1058/317/435 865/317/436
f 137/317/296 435/317/294 1058/317/435 898/317/434
f 90/317/291 865/317/436 1058/317/435 435/317/294
f 201/317/437 884/317/438 1059/317/439 483/317/440
f 213/317/441 484/317/442 1059/317/439 884/317/438
f 203/317/443 483/317/440 1059/317/439 484/317/442
f 251/317/444 885/317/445 1060/317/446 496/317/447
f 275/317/352 498/317/349 1060/317/446 885/317/445
f 245/317/348 496/317/447 1060/317/446 498/317/349
f 383/317/448 495/317/449 1061/317/450 994/317/451
f 248/317/365 493/317/364 1061/317/450 495/317/449
f 273/317/363 994/317/451 1061/317/450 493/317/364
f 352/317/452 888/317/453 1062/317/454 760/317/455
f 350/317/308 984/317/456 1062/317/454 888/317/453
f 374/317/381 760/317/455 1062/317/454 984/317/456
f 356/317/394 889/317/457 1063/317/458 524/317/391
f 420/317/459 502/317/460 1063/317/458 889/317/457
f 373/317/388 524/317/391 1063/317/458 502/317/460
f 1453/317/92 1456/317/91 444/317/461 118/317/262 1458/317/96 1454/317/93
f 444/317/461 1456/317/91 1455/317/90
f 115/317/266 866/317/462 1064/317/463 424/317/267
f 92/317/275 422/317/370 1064/317/463 866/317/462
f 87/317/268 424/317/267 1064/317/463 422/317/370
f 151/317/319 893/317/464 1065/317/465 463/317/320
f 156/317/466 459/317/467 1065/317/465 893/317/464
f 155/317/323 463/317/320 1065/317/465 459/317/467
f 146/317/468 901/317/469 1066/317/470 464/317/471
f 158/317/472 460/317/473 1066/317/470 901/317/469
f 156/317/466 464/317/471 1066/317/470 460/317/473
f 92/317/275 894/317/290 1067/317/474 430/317/475
f 94/317/293 863/317/307 1067/317/474 894/317/290
f 99/317/310 430/317/475 1067/317/474 863/317/307
f 146/317/468 895/317/476 1068/317/477 461/317/478
f 149/317/325 455/317/479 1068/317/477 895/317/476
f 144/317/480 461/317/478 1068/317/477 455/317/479
f 138/317/481 577/317/482 1069/317/483 576/317/484
f 141/317/433 432/317/485 1069/317/483 577/317/482
f 97/317/339 576/317/484 1069/317/483 432/317/485
f 10/317/486 899/317/487 1070/317/488 900/317/489
f 138/317/481 579/317/490 1070/317/488 899/317/487
f 142/317/491 900/317/489 1070/317/488 579/317/490
f 99/317/310 585/317/492 1071/317/493 439/317/494
f 158/317/472 582/317/495 1071/317/493 585/317/492
f 352/317/452 439/317/494 1071/317/493 582/317/495
f 158/317/472 901/317/469 1072/317/496 583/317/497
f 146/317/468 584/317/498 1072/317/496 901/317/469
f 350/317/308 583/317/497 1072/317/496 584/317/498
f 99/317/310 902/317/499 1073/317/500 585/317/492
f 144/317/480 454/317/501 1073/317/500 902/317/499
f 158/317/472 585/317/492 1073/317/500 454/317/501
f 151/317/319 588/317/502 1074/317/503 893/317/464
f 152/317/504 587/317/505 1074/317/503 588/317/502
f 156/317/466 893/317/464 1074/317/503 587/317/505
f 149/317/325 904/317/506 1075/317/507 589/317/508
f 18/317/509 609/317/510 1075/317/507 904/317/506
f 11/317/511 589/317/508 1075/317/507 609/317/510
f 159/317/512 907/317/513 1076/317/514 591/317/515
f 158/317/472 454/317/501 1076/317/514 907/317/513
f 144/317/480 591/317/515 1076/317/514 454/317/501
f 155/317/323 459/317/467 1077/317/516 909/317/517
f 156/317/466 592/317/518 1077/317/516 459/317/467
f 162/317/519 909/317/517 1077/317/516 592/317/518
f 162/317/519 908/317/520 1078/317/521 911/317/522
f 158/317/472 907/317/513 1078/317/521 908/317/520
f 159/317/512 911/317/522 1078/317/521 907/317/513
f 155/317/323 909/317/517 1079/317/523 886/317/524
f 162/317/519 594/317/525 1079/317/523 909/317/517
f 16/317/526 886/317/524 1079/317/523 594/317/525
f 168/317/527 912/317/528 1080/317/529 597/317/530
f 164/317/531 914/317/532 1080/317/529 912/317/528
f 16/317/526 597/317/530 1080/317/529 914/317/532
f 172/317/533 606/317/534 1081/317/535 601/317/536
f 174/317/537 598/317/538 1081/317/535 606/317/534
f 14/317/539 601/317/536 1081/317/535 598/317/538
f 169/317/540 605/317/541 1082/317/542 604/317/543
f 172/317/533 913/317/544 1082/317/542 605/317/541
f 165/317/545 604/317/543 1082/317/542 913/317/544
f 169/317/540 604/317/543 1083/317/546 608/317/547
f 165/317/545 607/317/548 1083/317/546 604/317/543
f 174/317/537 608/317/547 1083/317/546 607/317/548
f 16/317/526 914/317/532 1084/317/549 479/317/550
f 164/317/531 462/317/551 1084/317/549 914/317/532
f 176/317/552 479/317/550 1084/317/549 462/317/551
f 177/317/553 428/317/554 1085/317/555 917/317/556
f 1085/317/555 428/317/554 1421/317/39 1418/317/37 1415/317/36 1414/317/35 611/317/557
f 184/317/558 917/317/556 1085/317/555 611/317/557
f 181/317/559 918/317/560 1086/317/561 470/317/562
f 184/317/558 618/317/563 1086/317/561 918/317/560
f 186/317/564 470/317/562 1086/317/561 618/317/563
f 241/317/565 919/317/566 1087/317/567 920/317/568
f 189/317/569 620/317/570 1087/317/567 919/317/566
f 193/317/571 920/317/568 1087/317/567 620/317/570
f 195/317/572 921/317/573 1088/317/574 467/317/575
f 241/317/565 920/317/568 1088/317/574 921/317/573
f 193/317/571 467/317/575 1088/317/574 920/317/568
f 203/317/443 925/317/576 1089/317/577 623/317/578
f 219/317/341 934/317/579 1089/317/577 925/317/576
f 196/317/580 623/317/578 1089/317/577 934/317/579
f 201/317/437 483/317/440 1090/317/581 624/317/582
f 203/317/443 622/317/583 1090/317/581 483/317/440
f 193/317/571 624/317/582 1090/317/581 622/317/583
f 204/317/584 626/317/585 1091/317/586 625/317/587
f 198/317/345 924/317/342 1091/317/586 626/317/585
f 219/317/341 625/317/587 1091/317/586 924/317/342
f 201/317/437 926/317/588 1092/317/589 481/317/590
f 198/317/345 626/317/585 1092/317/589 926/317/588
f 204/317/584 481/317/590 1092/317/589 626/317/585
f 21/317/591 927/317/592 1093/317/593 629/317/594
f 210/317/595 639/317/596 1093/317/593 927/317/592
f 213/317/441 629/317/594 1093/317/593 639/317/596
f 24/317/378 928/317/597 1094/317/598 633/317/599
f 206/317/600 632/317/601 1094/317/598 928/317/597
f 21/317/591 633/317/599 1094/317/598 632/317/601
f 27/317/380 930/317/602 1095/317/603 469/317/377
f 209/317/604 635/317/605 1095/317/603 930/317/602
f 26/317/374 469/317/377 1095/317/603 635/317/605
f 204/317/584 480/317/606 1096/317/607 637/317/608
f 203/317/443 636/317/609 1096/317/607 480/317/606
f 30/317/610 637/317/608 1096/317/607 636/317/609
f 210/317/595 932/317/611 1097/317/612 638/317/613
f 204/317/584 637/317/608 1097/317/612 932/317/611
f 30/317/610 638/317/613 1097/317/612 637/317/608
f 32/317/614 933/317/615 1098/317/616 643/317/617
f 30/317/610 640/317/618 1098/317/616 933/317/615
f 213/317/441 643/317/617 1098/317/616 640/317/618
f 216/317/347 475/317/619 1099/317/620 937/317/621
f 196/317/580 645/317/622 1099/317/620 475/317/619
f 220/317/623 937/317/621 1099/317/620 645/317/622
f 223/317/624 936/317/625 1100/317/626 938/317/627
f 219/317/341 647/317/628 1100/317/626 936/317/625
f 34/317/629 938/317/627 1100/317/626 647/317/628
f 223/317/624 938/317/627 1101/317/630 939/317/631
f 34/317/629 651/317/632 1101/317/630 938/317/627
f 226/317/633 939/317/631 1101/317/630 651/317/632
f 229/317/634 940/317/635 1102/317/636 653/317/637
f 223/317/624 939/317/631 1102/317/636 940/317/635
f 226/317/633 653/317/637 1102/317/636 939/317/631
f 226/317/633 650/317/638 1103/317/639 655/317/640
f 220/317/623 654/317/641 1103/317/639 650/317/638
f 225/317/642 655/317/640 1103/317/639 654/317/641
f 232/317/643 944/317/644 1104/317/645 941/317/646
f 229/317/634 653/317/637 1104/317/645 944/317/644
f 226/317/633 941/317/646 1104/317/645 653/317/637
f 232/317/643 941/317/646 1105/317/647 945/317/648
f 226/317/633 656/317/649 1105/317/647 941/317/646
f 36/317/650 945/317/648 1105/317/647 656/317/649
f 225/317/642 942/317/651 1106/317/652 657/317/653
f 229/317/634 944/317/644 1106/317/652 942/317/651
f 232/317/643 657/317/653 1106/317/652 944/317/644
f 232/317/643 945/317/648 1107/317/654 948/317/655
f 36/317/650 658/317/656 1107/317/654 945/317/648
f 235/317/657 948/317/655 1107/317/654 658/317/656
f 236/317/658 946/317/659 1108/317/660 660/317/661
f 225/317/642 657/317/653 1108/317/660 946/317/659
f 232/317/643 660/317/661 1108/317/660 657/317/653
f 235/317/657 947/317/662 1109/317/663 949/317/664
f 225/317/642 659/317/665 1109/317/663 947/317/662
f 231/317/666 949/317/664 1109/317/663 659/317/665
f 42/317/667 951/317/668 1110/317/669 456/317/670
f 236/317/658 664/317/671 1110/317/669 951/317/668
f 39/317/672 456/317/670 1110/317/669 664/317/671
f 245/317/348 666/317/673 1111/317/674 665/317/675
f 241/317/565 473/317/676 1111/317/674 666/317/673
f 186/317/564 665/317/675 1111/317/674 473/317/676
f 245/317/348 955/317/677 1112/317/678 485/317/679
f 189/317/569 954/317/680 1112/317/678 955/317/677
f 248/317/365 485/317/679 1112/317/678 954/317/680
f 248/317/365 954/317/680 1113/317/681 491/317/362
f 189/317/569 667/317/682 1113/317/681 954/317/680
f 242/317/359 491/317/362 1113/317/681 667/317/682
f 260/317/683 957/317/684 1114/317/685 673/317/686
f 252/317/687 672/317/688 1114/317/685 957/317/684
f 251/317/444 673/317/686 1114/317/685 672/317/688
f 260/317/683 958/317/689 1115/317/690 678/317/691
f 257/317/692 677/317/693 1115/317/690 958/317/689
f 262/317/694 678/317/691 1115/317/690 677/317/693
f 259/317/695 679/317/696 1116/317/697 960/317/698
f 260/317/683 678/317/691 1116/317/697 679/317/696
f 262/317/694 960/317/698 1116/317/697 678/317/691
f 270/317/699 963/317/700 1117/317/701 683/317/702
f 267/317/703 680/317/704 1117/317/701 963/317/700
f 265/317/705 683/317/702 1117/317/701 680/317/704
f 270/317/699 962/317/706 1118/317/707 689/317/708
f 43/317/709 688/317/710 1118/317/707 962/317/706
f 268/317/711 689/317/708 1118/317/707 688/317/710
f 268/317/711 964/317/712 1119/317/713 689/317/708
f 46/317/714 690/317/715 1119/317/713 964/317/712
f 270/317/699 689/317/708 1119/317/713 690/317/715
f 288/317/716 965/317/717 1120/317/718 700/317/719
f 281/317/720 697/317/721 1120/317/718 965/317/717
f 279/317/722 700/317/719 1120/317/718 697/317/721
f 47/317/723 704/317/724 1121/317/725 703/317/726
f 288/317/716 506/317/727 1121/317/725 704/317/724
f 286/317/728 703/317/726 1121/317/725 506/317/727
f 49/317/729 966/317/730 1122/317/731 446/317/732
f 288/317/716 704/317/724 1122/317/731 966/317/730
f 47/317/723 446/317/732 1122/317/731 704/317/724
f 286/317/728 506/317/727 1123/317/733 707/317/734
f 288/317/716 706/317/735 1123/317/733 506/317/727
f 291/317/736 707/317/734 1123/317/733 706/317/735
f 312/317/737 973/317/738 1124/317/739 721/317/740
f 135/317/741 882/317/742 1124/317/739 973/317/738
f 306/317/743 721/317/740 1124/317/739 882/317/742
f 314/317/744 724/317/745 1125/317/746 974/317/747
f 309/317/748 727/317/749 1125/317/746 724/317/745
f 321/317/750 974/317/747 1125/317/746 727/317/749
f 322/317/751 890/317/752 1126/317/753 734/317/754
f 327/317/755 733/317/756 1126/317/753 890/317/752
f 330/317/757 734/317/754 1126/317/753 733/317/756
f 58/317/758 740/317/759 1127/317/760 739/317/761
f 333/317/762 736/317/763 1127/317/760 740/317/759
f 330/317/757 739/317/761 1127/317/760 736/317/763
f 59/317/764 742/317/765 1128/317/766 741/317/767
f 335/317/768 738/317/769 1128/317/766 742/317/765
f 333/317/762 741/317/767 1128/317/766 738/317/769
f 343/317/770 978/317/771 1129/317/772 981/317/773
f 324/317/774 746/317/775 1129/317/772 978/317/771
f 337/317/776 981/317/773 1129/317/772 746/317/775
f 345/317/777 980/317/778 1130/317/779 749/317/780
f 340/317/781 747/317/782 1130/317/779 980/317/778
f 339/317/783 749/317/780 1130/317/779 747/317/782
f 337/317/776 748/317/784 1131/317/785 750/317/786
f 340/317/781 980/317/778 1131/317/785 748/317/784
f 345/317/777 750/317/786 1131/317/785 980/317/778
f 66/317/787 757/317/788 1132/317/789 756/317/790
f 306/317/743 452/317/791 1132/317/789 757/317/788
f 346/317/792 756/317/790 1132/317/789 452/317/791
f 66/317/787 983/317/793 1133/317/794 757/317/788
f 304/317/795 449/317/796 1133/317/794 983/317/793
f 306/317/743 757/317/788 1133/317/794 449/317/796
f 374/317/381 984/317/456 1134/317/797 985/317/798
f 350/317/308 759/317/799 1134/317/797 984/317/456
f 354/317/392 985/317/798 1134/317/797 759/317/799
f 374/317/381 516/317/800 1135/317/801 760/317/455
f 94/317/293 862/317/802 1135/317/801 516/317/800
f 352/317/452 760/317/455 1135/317/801 862/317/802
f 363/317/803 986/317/804 1136/317/805 529/317/806
f 365/317/807 766/317/808 1136/317/805 986/317/804
f 369/317/809 529/317/806 1136/317/805 766/317/808
f 68/317/810 989/317/811 1137/317/812 768/317/813
f 363/317/803 529/317/806 1137/317/812 989/317/811
f 369/317/809 768/317/813 1137/317/812 529/317/806
f 376/317/814 771/317/815 1138/317/816 770/317/817
f 354/317/392 526/317/389 1138/317/816 771/317/815
f 373/317/388 770/317/817 1138/317/816 526/317/389
f 379/317/818 775/317/819 1139/317/820 774/317/821
f 380/317/822 772/317/823 1139/317/820 775/317/819
f 354/317/392 774/317/821 1139/317/820 772/317/823
f 383/317/448 994/317/451 1140/317/824 783/317/825
f 273/317/363 782/317/826 1140/317/824 994/317/451
f 382/317/827 783/317/825 1140/317/824 782/317/826
f 385/317/828 789/317/829 1141/317/830 787/317/831
f 386/317/832 784/317/833 1141/317/830 789/317/829
f 251/317/444 787/317/831 1141/317/830 784/317/833
f 385/317/828 997/317/834 1142/317/835 999/317/836
f 384/317/837 788/317/838 1142/317/835 997/317/834
f 389/317/839 999/317/836 1142/317/835 788/317/838
f 389/317/839 998/317/840 1143/317/841 791/317/842
f 382/317/827 790/317/843 1143/317/841 998/317/840
f 387/317/844 791/317/842 1143/317/841 790/317/843
f 389/317/839 791/317/842 1144/317/845 795/317/846
f 387/317/844 794/317/847 1144/317/845 791/317/842
f 388/317/848 795/317/846 1144/317/845 794/317/847
f 388/317/848 794/317/847 1145/317/849 1001/317/850
f 387/317/844 798/317/851 1145/317/849 794/317/847
f 393/317/852 1001/317/850 1145/317/849 798/317/851
f 392/317/853 802/317/854 1146/317/855 799/317/856
f 393/317/852 797/317/857 1146/317/855 802/317/854
f 390/317/858 799/317/856 1146/317/855 797/317/857
f 395/317/859 1003/317/860 1147/317/861 805/317/862
f 393/317/852 802/317/854 1147/317/861 1003/317/860
f 392/317/853 805/317/862 1147/317/861 802/317/854
f 394/317/863 807/317/864 1148/317/865 806/317/866
f 395/317/859 804/317/867 1148/317/865 807/317/864
f 388/317/848 806/317/866 1148/317/865 804/317/867
f 396/317/868 809/317/869 1149/317/870 1005/317/871
f 391/317/872 811/317/873 1149/317/870 809/317/869
f 72/317/874 1005/317/871 1149/317/870 811/317/873
f 399/317/875 1006/317/876 1150/317/877 814/317/878
f 397/317/879 993/317/880 1150/317/877 1006/317/876
f 70/317/881 814/317/878 1150/317/877 993/317/880
f 401/317/882 1007/317/883 1151/317/884 817/317/885
f 398/317/886 815/317/887 1151/317/884 1007/317/883
f 400/317/888 817/317/885 1151/317/884 815/317/887
f 77/317/889 1011/317/890 1152/317/891 823/317/892
f 402/317/893 1010/317/894 1152/317/891 1011/317/890
f 80/317/895 823/317/892 1152/317/891 1010/317/894
f 405/317/896 1013/317/897 1153/317/898 825/317/899
f 77/317/889 823/317/892 1153/317/898 1013/317/897
f 80/317/895 825/317/899 1153/317/898 823/317/892
f 404/317/900 828/317/901 1154/317/902 827/317/903
f 81/317/904 824/317/905 1154/317/902 828/317/901
f 402/317/893 827/317/903 1154/317/902 824/317/905
f 404/317/900 826/317/906 1155/317/907 831/317/908
f 77/317/889 830/317/909 1155/317/907 826/317/906
f 403/317/910 831/317/908 1155/317/907 830/317/909
f 407/317/911 1017/317/912 1156/317/913 832/317/914
f 405/317/896 829/317/915 1156/317/913 1017/317/912
f 81/317/904 832/317/914 1156/317/913 829/317/915
f 407/317/911 1014/317/916 1157/317/917 834/317/918
f 404/317/900 833/317/919 1157/317/917 1014/317/916
f 406/317/920 834/317/918 1157/317/917 833/317/919
f 83/317/921 839/317/922 1158/317/923 838/317/924
f 403/317/910 835/317/925 1158/317/923 839/317/922
f 407/317/911 838/317/924 1158/317/923 835/317/925
f 408/317/926 836/317/927 1159/317/928 1018/317/929
f 403/317/910 839/317/922 1159/317/928 836/317/927
f 83/317/921 1018/317/929 1159/317/928 839/317/922
f 412/317/930 1019/317/931 1160/317/932 844/317/933
f 1427/317/59 1430/317/58 840/317/934 1160/317/932 1019/317/931 1428/317/60
f 411/317/935 844/317/933 1160/317/932 840/317/934
f 1161/317/936 1021/317/937 1435/317/68 1432/317/65 1434/317/64 1431/317/63
f 1161/317/936 1431/317/63 1433/317/62 1429/317/57 1428/317/60 1019/317/931
f 412/317/930 1021/317/937 1161/317/936 1019/317/931
f 411/317/935 1020/317/938 1162/317/939 843/317/940
f 177/317/553 842/317/941 1162/317/939 1020/317/938
f 410/317/942 843/317/940 1162/317/939 842/317/941
f 133/317/943 567/317/944 1163/317/945 569/317/946
f 125/317/276 563/317/279 1163/317/945 567/317/944
f 131/317/255 569/317/946 1163/317/945 563/317/279
f 131/317/255 562/317/281 1164/317/947 849/317/256
f 116/317/280 852/317/948 1164/317/947 562/317/281
f 121/317/259 849/317/256 1164/317/947 852/317/948
f 125/317/276 564/317/949 1165/317/950 851/317/300
f 126/317/287 561/317/286 1165/317/950 564/317/949
f 122/317/285 851/317/300 1165/317/950 561/317/286
f 121/317/259 558/317/951 1166/317/952 560/317/282
f 1439/317/78 441/317/311 1166/317/952 558/317/951 1462/317/103 1444/317/75 1443/317/74
f 122/317/285 560/317/282 1166/317/952 441/317/311
f 105/317/273 426/317/270 1167/317/953 557/317/303
f 426/317/270 2/317/269 556/317/954 1167/317/953
f 1167/317/953 556/317/954 116/317/280 853/317/298
f 557/317/303 1167/317/953 853/317/298 122/317/285
f 115/317/266 555/317/263 1168/317/955 427/317/357
f 555/317/263 118/317/262 445/317/956 1168/317/955
f 1168/317/955 445/317/956 116/317/280 556/317/954
f 427/317/357 1168/317/955 556/317/954 2/317/269
f 111/317/329 552/317/957 1169/317/958 553/317/959
f 552/317/957 5/317/431 881/317/429 1169/317/958
f 1169/317/958 881/317/429 7/317/318 554/317/317
f 553/317/959 1169/317/958 554/317/317 113/317/316
f 105/317/273 544/317/960 1170/317/961 546/317/962
f 544/317/960 108/317/963 551/317/964 1170/317/961
f 1170/317/961 551/317/964 100/317/331 547/317/965
f 546/317/962 1170/317/961 547/317/965 106/317/366
f 5/317/431 552/317/957 1171/317/966 857/317/432
f 111/317/329 856/317/326 1171/317/966 552/317/957
f 3/317/312 857/317/432 1171/317/966 856/317/326
f 113/317/316 859/317/967 1172/317/968 860/317/969
f 100/317/331 551/317/964 1172/317/968 859/317/967
f 108/317/963 860/317/969 1172/317/968 551/317/964
f 3/317/312 549/317/328 1173/317/970 855/317/313
f 100/317/331 859/317/967 1173/317/970 549/317/328
f 113/317/316 855/317/313 1173/317/970 859/317/967
f 111/317/329 553/317/959 1174/317/971 861/317/972
f 113/317/316 860/317/969 1174/317/971 553/317/959
f 108/317/963 861/317/972 1174/317/971 860/317/969
f 106/317/366 547/317/965 1175/317/973 867/317/367
f 100/317/331 548/317/336 1175/317/973 547/317/965
f 87/317/268 867/317/367 1175/317/973 548/317/336
f 103/317/332 542/317/974 1176/317/975 545/317/372
f 542/317/974 111/317/329 861/317/972 1176/317/975
f 1176/317/975 861/317/972 108/317/963 544/317/960
f 545/317/372 1176/317/975 544/317/960 105/317/273
f 37/317/976 451/317/977 1177/317/978 453/317/979
f 451/317/977 239/317/980 952/317/981 1177/317/978
f 1177/317/978 952/317/981 42/317/667 456/317/670
f 453/317/979 1177/317/978 456/317/670 39/317/672
f 111/317/329 542/317/974 1178/317/982 550/317/330
f 103/317/332 543/317/335 1178/317/982 542/317/974
f 100/317/331 550/317/330 1178/317/982 543/317/335
f 97/317/339 541/317/983 1179/317/984 540/317/985
f 99/317/310 439/317/494 1179/317/984 541/317/983
f 352/317/452 540/317/985 1179/317/984 439/317/494
f 94/317/293 429/317/986 1180/317/987 862/317/802
f 97/317/339 540/317/985 1180/317/987 429/317/986
f 352/317/452 862/317/802 1180/317/987 540/317/985
f 2/317/269 539/317/340 1181/317/988 864/317/989
f 97/317/339 432/317/485 1181/317/988 539/317/340
f 141/317/433 864/317/989 1181/317/988 432/317/485
f 90/317/291 537/317/355 1182/317/990 865/317/436
f 2/317/269 864/317/989 1182/317/990 537/317/355
f 141/317/433 865/317/436 1182/317/990 864/317/989
f 115/317/266 536/317/358 1183/317/991 866/317/462
f 90/317/291 433/317/288 1183/317/991 536/317/358
f 92/317/275 866/317/462 1183/317/991 433/317/288
f 1459/317/97 1458/317/96 118/317/262 442/317/992 1461/317/98
f 442/317/992 1460/317/99 1461/317/98
f 106/317/366 535/317/369 1184/317/993 546/317/962
f 92/317/275 423/317/274 1184/317/993 535/317/369
f 105/317/273 546/317/962 1184/317/993 423/317/274
f 103/317/332 534/317/373 1185/317/994 870/317/333
f 118/317/262 868/317/265 1185/317/994 534/317/373
f 87/317/268 870/317/333 1185/317/994 868/317/265
f 193/317/571 922/317/995 1186/317/996 477/317/997
f 922/317/995 190/317/998 476/317/999 1186/317/996
f 1186/317/996 476/317/999 216/317/347 478/317/346
f 477/317/997 1186/317/996 478/317/346 198/317/345
f 373/317/388 502/317/460 1187/317/1000 874/317/398
f 420/317/459 497/317/1001 1187/317/1000 502/317/460
f 419/317/400 874/317/398 1187/317/1000 497/317/1001
f 358/317/385 504/317/401 1188/317/1002 875/317/402
f 419/317/400 494/317/1003 1188/317/1002 504/317/401
f 418/317/404 875/317/402 1188/317/1002 494/317/1003
f 94/317/293 518/317/1004 1189/317/1005 761/317/1006
f 518/317/1004 360/317/387 519/317/408 1189/317/1005
f 1189/317/1005 519/317/408 356/317/394 520/317/393
f 761/317/1006 1189/317/1005 520/317/393 354/317/392
f 360/317/387 503/317/405 1190/317/1007 876/317/406
f 418/317/404 492/317/1008 1190/317/1007 503/317/405
f 421/317/409 876/317/406 1190/317/1007 492/317/1008
f 273/317/363 513/317/428 1191/317/1009 877/317/411
f 415/317/427 510/317/1010 1191/317/1009 513/317/428
f 416/317/414 877/317/411 1191/317/1009 510/317/1010
f 275/317/352 517/317/415 1192/317/1011 878/317/416
f 416/317/414 509/317/1012 1192/317/1011 517/317/415
f 417/317/418 878/317/416 1192/317/1011 509/317/1012
f 247/317/354 515/317/419 1193/317/1013 879/317/420
f 417/317/418 508/317/1014 1193/317/1013 515/317/419
f 414/317/423 879/317/420 1193/317/1013 508/317/1014
f 242/317/359 512/317/424 1194/317/1015 880/317/425
f 414/317/423 505/317/1016 1194/317/1015 512/317/424
f 415/317/427 880/317/425 1194/317/1015 505/317/1016
f 155/317/323 466/317/1017 1195/317/1018 910/317/1019
f 176/317/552 462/317/551 1195/317/1018 466/317/1017
f 164/317/531 910/317/1019 1195/317/1018 462/317/551
f 190/317/998 923/317/1020 1196/317/1021 476/317/999
f 923/317/1020 195/317/572 474/317/1022 1196/317/1021
f 1196/317/1021 474/317/1022 196/317/580 475/317/619
f 476/317/999 1196/317/1021 475/317/619 216/317/347
f 360/317/387 518/317/1004 1197/317/1023 521/317/384
f 94/317/293 516/317/800 1197/317/1023 518/317/1004
f 374/317/381 521/317/384 1197/317/1023 516/317/800
f 196/317/580 474/317/1022 1198/317/1024 883/317/1025
f 195/317/572 467/317/575 1198/317/1024 474/317/1022
f 193/317/571 883/317/1025 1198/317/1024 467/317/575
f 366/317/1026 987/317/1027 1199/317/1028 530/317/1029
f 363/317/803 528/317/1030 1199/317/1028 987/317/1027
f 402/317/893 530/317/1029 1199/317/1028 528/317/1030
f 118/317/262 854/317/301 1200/317/1031 442/317/992
f 122/317/285 1450/317/88 1449/317/87 1200/317/1031 854/317/301
f 442/317/992 1200/317/1031 1449/317/87 1447/317/83 1448/317/82 1446/317/84 1457/317/95 1460/317/99
f 16/317/526 479/317/550 1201/317/1032 886/317/524
f 176/317/552 466/317/1017 1201/317/1032 479/317/550
f 155/317/323 886/317/524 1201/317/1032 466/317/1017
f 149/317/325 457/317/324 1202/317/1033 455/317/479
f 155/317/323 458/317/1034 1202/317/1033 457/317/324
f 144/317/480 455/317/479 1202/317/1033 458/317/1034
f 356/317/394 500/317/410 1203/317/1035 889/317/457
f 421/317/409 488/317/1036 1203/317/1035 500/317/410
f 420/317/459 889/317/457 1203/317/1035 488/317/1036
f 126/317/287 564/317/949 1204/317/1037 568/317/1038
f 564/317/949 125/317/276 567/317/944 1204/317/1037
f 1204/317/1037 567/317/944 133/317/943 570/317/1039
f 568/317/1038 1204/317/1037 570/317/1039 134/317/1040
f 97/317/339 436/317/337 1205/317/1041 541/317/983
f 92/317/275 430/317/475 1205/317/1041 436/317/337
f 99/317/310 541/317/983 1205/317/1041 430/317/475
f 126/317/287 568/317/1038 1206/317/1042 850/317/284
f 568/317/1038 134/317/1040 896/317/1043 1206/317/1042
f 1206/317/1042 896/317/1043 128/317/261 565/317/260
f 850/317/284 1206/317/1042 565/317/260 121/317/259
f 128/317/261 571/317/1044 1207/317/1045 566/317/258
f 571/317/1044 303/317/1046 448/317/1047 1207/317/1045
f 1207/317/1045 448/317/1047 346/317/792 572/317/1048
f 566/317/258 1207/317/1045 572/317/1048 131/317/255
f 131/317/255 572/317/1048 1208/317/1049 569/317/946
f 572/317/1048 346/317/792 452/317/791 1208/317/1049
f 1208/317/1049 452/317/791 306/317/743 573/317/1050
f 569/317/946 1208/317/1049 573/317/1050 133/317/943
f 133/317/943 573/317/1050 1209/317/1051 570/317/1039
f 573/317/1050 306/317/743 882/317/742 1209/317/1051
f 1209/317/1051 882/317/742 135/317/741 574/317/1052
f 570/317/1039 1209/317/1051 574/317/1052 134/317/1040
f 134/317/1040 574/317/1052 1210/317/1053 896/317/1043
f 574/317/1052 135/317/741 447/317/1054 1210/317/1053
f 1210/317/1053 447/317/1054 303/317/1046 571/317/1044
f 896/317/1043 1210/317/1053 571/317/1044 128/317/261
f 137/317/296 898/317/434 1211/317/1055 578/317/1056
f 898/317/434 141/317/433 580/317/1057 1211/317/1055
f 1211/317/1055 580/317/1057 10/317/486 900/317/489
f 578/317/1056 1211/317/1055 900/317/489 142/317/491
f 138/317/481 575/317/1058 1212/317/1059 897/317/1060
f 94/317/293 431/317/297 1212/317/1059 575/317/1058
f 137/317/296 897/317/1060 1212/317/1059 431/317/297
f 138/317/481 576/317/484 1213/317/1061 575/317/1058
f 97/317/339 429/317/986 1213/317/1061 576/317/484
f 94/317/293 575/317/1058 1213/317/1061 429/317/986
f 142/317/491 579/317/490 1214/317/1062 578/317/1056
f 138/317/481 897/317/1060 1214/317/1062 579/317/490
f 137/317/296 578/317/1056 1214/317/1062 897/317/1060
f 10/317/486 580/317/1057 1215/317/1063 899/317/487
f 141/317/433 577/317/482 1215/317/1063 580/317/1057
f 138/317/481 899/317/487 1215/317/1063 577/317/482
f 152/317/504 916/317/1064 1216/317/1065 587/317/505
f 916/317/1064 18/317/509 586/317/1066 1216/317/1065
f 1216/317/1065 586/317/1066 146/317/468 464/317/471
f 587/317/505 1216/317/1065 464/317/471 156/317/466
f 352/317/452 582/317/495 1217/317/1067 888/317/453
f 158/317/472 583/317/497 1217/317/1067 582/317/495
f 350/317/308 888/317/453 1217/317/1067 583/317/497
f 350/317/308 581/317/1068 1218/317/1069 438/317/309
f 144/317/480 902/317/499 1218/317/1069 581/317/1068
f 99/317/310 438/317/309 1218/317/1069 902/317/499
f 144/317/480 581/317/1068 1219/317/1070 461/317/478
f 350/317/308 584/317/498 1219/317/1070 581/317/1068
f 146/317/468 461/317/478 1219/317/1070 584/317/498
f 149/317/325 895/317/476 1220/317/1071 904/317/506
f 146/317/468 586/317/1066 1220/317/1071 895/317/476
f 18/317/509 904/317/506 1220/317/1071 586/317/1066
f 164/317/531 595/317/1072 1221/317/1073 593/317/1074
f 595/317/1072 14/317/539 598/317/538 1221/317/1073
f 1221/317/1073 598/317/538 174/317/537 596/317/1075
f 593/317/1074 1221/317/1073 596/317/1075 159/317/512
f 151/317/319 903/317/322 1222/317/1076 905/317/1077
f 149/317/325 589/317/508 1222/317/1076 903/317/322
f 11/317/511 905/317/1077 1222/317/1076 589/317/508
f 151/317/319 905/317/1077 1223/317/1078 588/317/502
f 11/317/511 590/317/1079 1223/317/1078 905/317/1077
f 152/317/504 588/317/502 1223/317/1078 590/317/1079
f 159/317/512 591/317/515 1224/317/1080 906/317/1081
f 144/317/480 458/317/1034 1224/317/1080 591/317/515
f 155/317/323 906/317/1081 1224/317/1080 458/317/1034
f 162/317/519 592/317/518 1225/317/1082 908/317/520
f 156/317/466 460/317/473 1225/317/1082 592/317/518
f 158/317/472 908/317/520 1225/317/1082 460/317/473
f 164/317/531 593/317/1074 1226/317/1083 910/317/1019
f 159/317/512 906/317/1081 1226/317/1083 593/317/1074
f 155/317/323 910/317/1019 1226/317/1083 906/317/1081
f 159/317/512 468/317/1084 1227/317/1085 911/317/522
f 16/317/526 594/317/525 1227/317/1085 468/317/1084
f 162/317/519 911/317/522 1227/317/1085 594/317/525
f 159/317/512 596/317/1075 1228/317/1086 468/317/1084
f 596/317/1075 174/317/537 602/317/1087 1228/317/1086
f 1228/317/1086 602/317/1087 168/317/527 597/317/530
f 468/317/1084 1228/317/1086 597/317/530 16/317/526
f 1425/317/47 177/317/553 612/317/1088 1229/317/1089 1417/317/34 1416/317/33 1422/317/38
f 612/317/1088 181/317/559 613/317/1090 1229/317/1089
f 1229/317/1089 613/317/1090 182/317/1091 614/317/1092
f 1417/317/34 1229/317/1089 614/317/1092 1411/317/32 1413/317/31 1412/317/30
f 168/317/527 599/317/1093 1230/317/1094 912/317/528
f 14/317/539 595/317/1072 1230/317/1094 599/317/1093
f 164/317/531 912/317/528 1230/317/1094 595/317/1072
f 165/317/545 913/317/544 1231/317/1095 600/317/1096
f 172/317/533 601/317/536 1231/317/1095 913/317/544
f 14/317/539 600/317/1096 1231/317/1095 601/317/536
f 165/317/545 600/317/1096 1232/317/1097 603/317/1098
f 14/317/539 599/317/1093 1232/317/1097 600/317/1096
f 168/317/527 603/317/1098 1232/317/1097 599/317/1093
f 165/317/545 603/317/1098 1233/317/1099 607/317/548
f 168/317/527 602/317/1087 1233/317/1099 603/317/1098
f 174/317/537 607/317/548 1233/317/1099 602/317/1087
f 169/317/540 608/317/547 1234/317/1100 605/317/541
f 174/317/537 606/317/534 1234/317/1100 608/317/547
f 172/317/533 605/317/541 1234/317/1100 606/317/534
f 152/317/504 590/317/1079 1235/317/1101 610/317/1102
f 11/317/511 915/317/1103 1235/317/1101 590/317/1079
f 20/317/1104 610/317/1102 1235/317/1101 915/317/1103
f 11/317/511 609/317/510 1236/317/1105 915/317/1103
f 18/317/509 471/317/1106 1236/317/1105 609/317/510
f 20/317/1104 915/317/1103 1236/317/1105 471/317/1106
f 152/317/504 610/317/1102 1237/317/1107 916/317/1064
f 20/317/1104 471/317/1106 1237/317/1107 610/317/1102
f 18/317/509 916/317/1064 1237/317/1107 471/317/1106
f 184/317/558 611/317/557 1238/317/1108 615/317/1109
f 1407/317/25 1406/317/24 1238/317/1108 611/317/557 1414/317/35 1408/317/22
f 1238/317/1108 1406/317/24 1405/317/23 1398/317/16 1400/317/15 615/317/1109
f 1410/317/27 1411/317/32 614/317/1092 1239/317/1110 1401/317/19 1403/317/18 1402/317/17
f 614/317/1092 182/317/1091 616/317/1111 1239/317/1110
f 1239/317/1110 616/317/1111 184/317/558 615/317/1109
f 615/317/1109 1400/317/15 1399/317/14 1409/317/26 1404/317/20 1401/317/19 1239/317/1110
f 184/317/558 616/317/1111 1240/317/1112 618/317/563
f 616/317/1111 182/317/1091 617/317/1113 1240/317/1112
f 1240/317/1112 617/317/1113 189/317/569 953/317/1114
f 618/317/563 1240/317/1112 953/317/1114 186/317/564
f 184/317/558 918/317/560 1241/317/1115 917/317/556
f 181/317/559 612/317/1088 1241/317/1115 918/317/560
f 177/317/553 917/317/556 1241/317/1115 612/317/1088
f 181/317/559 472/317/1116 1242/317/1117 613/317/1090
f 189/317/569 617/317/1113 1242/317/1117 472/317/1116
f 182/317/1091 613/317/1090 1242/317/1117 617/317/1113
f 181/317/559 619/317/1118 1243/317/1119 472/317/1116
f 619/317/1118 190/317/998 922/317/995 1243/317/1119
f 1243/317/1119 922/317/995 193/317/571 620/317/570
f 472/317/1116 1243/317/1119 620/317/570 189/317/569
f 181/317/559 470/317/562 1244/317/1120 619/317/1118
f 470/317/562 186/317/564 621/317/1121 1244/317/1120
f 1244/317/1120 621/317/1121 195/317/572 923/317/1020
f 619/317/1118 1244/317/1120 923/317/1020 190/317/998
f 241/317/565 921/317/573 1245/317/1122 473/317/676
f 195/317/572 621/317/1121 1245/317/1122 921/317/573
f 186/317/564 473/317/676 1245/317/1122 621/317/1121
f 204/317/584 932/317/611 1246/317/1123 627/317/1124
f 932/317/611 210/317/595 927/317/592 1246/317/1123
f 1246/317/1123 927/317/592 21/317/591 632/317/601
f 627/317/1124 1246/317/1123 632/317/601 206/317/600
f 203/317/443 623/317/578 1247/317/1125 622/317/583
f 196/317/580 883/317/1025 1247/317/1125 623/317/578
f 193/317/571 622/317/583 1247/317/1125 883/317/1025
f 201/317/437 624/317/582 1248/317/1126 926/317/588
f 193/317/571 477/317/997 1248/317/1126 624/317/582
f 198/317/345 926/317/588 1248/317/1126 477/317/997
f 204/317/584 625/317/587 1249/317/1127 480/317/606
f 219/317/341 925/317/576 1249/317/1127 625/317/587
f 203/317/443 480/317/606 1249/317/1127 925/317/576
f 204/317/584 627/317/1124 1250/317/1128 481/317/590
f 627/317/1124 206/317/600 634/317/1129 1250/317/1128
f 1250/317/1128 634/317/1129 209/317/604 628/317/1130
f 481/317/590 1250/317/1128 628/317/1130 201/317/437
f 201/317/437 628/317/1130 1251/317/1131 884/317/438
f 628/317/1130 209/317/604 630/317/1132 1251/317/1131
f 1251/317/1131 630/317/1132 21/317/591 629/317/594
f 884/317/438 1251/317/1131 629/317/594 213/317/441
f 210/317/595 642/317/1133 1252/317/1134 639/317/596
f 642/317/1133 215/317/1135 465/317/1136 1252/317/1134
f 1252/317/1134 465/317/1136 32/317/614 643/317/617
f 639/317/596 1252/317/1134 643/317/617 213/317/441
f 27/317/380 631/317/1137 1253/317/1138 930/317/602
f 21/317/591 630/317/1132 1253/317/1138 631/317/1137
f 209/317/604 930/317/602 1253/317/1138 630/317/1132
f 24/317/378 633/317/599 1254/317/1139 931/317/379
f 21/317/591 631/317/1137 1254/317/1139 633/317/599
f 27/317/380 931/317/379 1254/317/1139 631/317/1137
f 26/317/374 929/317/1140 1255/317/1141 873/317/375
f 206/317/600 928/317/597 1255/317/1141 929/317/1140
f 24/317/378 873/317/375 1255/317/1141 928/317/597
f 26/317/374 635/317/605 1256/317/1142 929/317/1140
f 209/317/604 634/317/1129 1256/317/1142 635/317/605
f 206/317/600 929/317/1140 1256/317/1142 634/317/1129
f 30/317/610 636/317/609 1257/317/1143 640/317/618
f 203/317/443 484/317/442 1257/317/1143 636/317/609
f 213/317/441 640/317/618 1257/317/1143 484/317/442
f 215/317/1135 642/317/1133 1258/317/1144 641/317/1145
f 210/317/595 638/317/613 1258/317/1144 642/317/1133
f 30/317/610 641/317/1145 1258/317/1144 638/317/613
f 235/317/657 949/317/664 1259/317/1146 663/317/1147
f 949/317/664 231/317/666 662/317/1148 1259/317/1146
f 1259/317/1146 662/317/1148 239/317/980 451/317/977
f 663/317/1147 1259/317/1146 451/317/977 37/317/976
f 32/317/614 465/317/1136 1260/317/1149 933/317/615
f 215/317/1135 641/317/1145 1260/317/1149 465/317/1136
f 30/317/610 933/317/615 1260/317/1149 641/317/1145
f 219/317/341 936/317/625 1261/317/1150 934/317/579
f 223/317/624 644/317/1151 1261/317/1150 936/317/625
f 196/317/580 934/317/579 1261/317/1150 644/317/1151
f 223/317/624 649/317/1152 1262/317/1153 644/317/1151
f 220/317/623 645/317/622 1262/317/1153 649/317/1152
f 196/317/580 644/317/1151 1262/317/1153 645/317/622
f 34/317/629 647/317/628 1263/317/1154 646/317/1155
f 219/317/341 935/317/344 1263/317/1154 647/317/628
f 216/317/347 646/317/1155 1263/317/1154 935/317/344
f 220/317/623 648/317/1156 1264/317/1157 937/317/621
f 34/317/629 646/317/1155 1264/317/1157 648/317/1156
f 216/317/347 937/317/621 1264/317/1157 646/317/1155
f 220/317/623 650/317/638 1265/317/1158 648/317/1156
f 226/317/633 651/317/632 1265/317/1158 650/317/638
f 34/317/629 648/317/1156 1265/317/1158 651/317/632
f 229/317/634 652/317/1159 1266/317/1160 940/317/635
f 220/317/623 649/317/1152 1266/317/1160 652/317/1159
f 223/317/624 940/317/635 1266/317/1160 649/317/1152
f 229/317/634 942/317/651 1267/317/1161 652/317/1159
f 225/317/642 654/317/641 1267/317/1161 942/317/651
f 220/317/623 652/317/1159 1267/317/1161 654/317/641
f 225/317/642 943/317/1162 1268/317/1163 655/317/640
f 36/317/650 656/317/649 1268/317/1163 943/317/1162
f 226/317/633 655/317/640 1268/317/1163 656/317/649
f 225/317/642 947/317/662 1269/317/1164 943/317/1162
f 235/317/657 658/317/656 1269/317/1164 947/317/662
f 36/317/650 943/317/1162 1269/317/1164 658/317/656
f 231/317/666 659/317/665 1270/317/1165 950/317/1166
f 225/317/642 946/317/659 1270/317/1165 659/317/665
f 236/317/658 950/317/1166 1270/317/1165 946/317/659
f 235/317/657 661/317/1167 1271/317/1168 948/317/655
f 236/317/658 660/317/661 1271/317/1168 661/317/1167
f 232/317/643 948/317/655 1271/317/1168 660/317/661
f 235/317/657 663/317/1147 1272/317/1169 661/317/1167
f 663/317/1147 37/317/976 453/317/979 1272/317/1169
f 1272/317/1169 453/317/979 39/317/672 664/317/671
f 661/317/1167 1272/317/1169 664/317/671 236/317/658
f 231/317/666 950/317/1166 1273/317/1170 662/317/1148
f 950/317/1166 236/317/658 951/317/668 1273/317/1170
f 1273/317/1170 951/317/668 42/317/667 952/317/981
f 662/317/1148 1273/317/1170 952/317/981 239/317/980
f 241/317/565 668/317/1171 1274/317/1172 919/317/566
f 668/317/1171 247/317/354 490/317/422 1274/317/1172
f 1274/317/1172 490/317/422 242/317/359 667/317/682
f 919/317/566 1274/317/1172 667/317/682 189/317/569
f 189/317/569 955/317/677 1275/317/1173 953/317/1114
f 245/317/348 665/317/675 1275/317/1173 955/317/677
f 186/317/564 953/317/1114 1275/317/1173 665/317/675
f 247/317/354 668/317/1171 1276/317/1174 482/317/351
f 241/317/565 666/317/673 1276/317/1174 668/317/1171
f 245/317/348 482/317/351 1276/317/1174 666/317/673
f 248/317/365 495/317/449 1277/317/1175 670/317/1176
f 495/317/449 383/317/448 669/317/1177 1277/317/1175
f 1277/317/1175 669/317/1177 252/317/687 956/317/1178
f 670/317/1176 1277/317/1175 956/317/1178 255/317/1179
f 248/317/365 670/317/1176 1278/317/1180 499/317/1181
f 670/317/1176 255/317/1179 674/317/1182 1278/317/1180
f 1278/317/1180 674/317/1182 257/317/692 671/317/1183
f 499/317/1181 1278/317/1180 671/317/1183 251/317/444
f 255/317/1179 956/317/1178 1279/317/1184 676/317/1185
f 956/317/1178 252/317/687 675/317/1186 1279/317/1184
f 1279/317/1184 675/317/1186 259/317/695 959/317/1187
f 676/317/1185 1279/317/1184 959/317/1187 265/317/705
f 252/317/687 669/317/1177 1280/317/1188 672/317/688
f 383/317/448 501/317/1189 1280/317/1188 669/317/1177
f 251/317/444 672/317/688 1280/317/1188 501/317/1189
f 260/317/683 673/317/686 1281/317/1190 958/317/689
f 251/317/444 671/317/1183 1281/317/1190 673/317/686
f 257/317/692 958/317/689 1281/317/1190 671/317/1183
f 255/317/1179 676/317/1185 1282/317/1191 674/317/1182
f 676/317/1185 265/317/705 961/317/1192 1282/317/1191
f 1282/317/1191 961/317/1192 262/317/694 677/317/693
f 674/317/1182 1282/317/1191 677/317/693 257/317/692
f 259/317/695 682/317/1193 1283/317/1194 959/317/1187
f 682/317/1193 43/317/709 962/317/706 1283/317/1194
f 1283/317/1194 962/317/706 270/317/699 683/317/702
f 959/317/1187 1283/317/1194 683/317/702 265/317/705
f 259/317/695 675/317/1186 1284/317/1195 679/317/696
f 252/317/687 957/317/684 1284/317/1195 675/317/1186
f 260/317/683 679/317/696 1284/317/1195 957/317/684
f 265/317/705 680/317/704 1285/317/1196 961/317/1192
f 267/317/703 681/317/1197 1285/317/1196 680/317/704
f 262/317/694 961/317/1192 1285/317/1196 681/317/1197
f 415/317/427 505/317/1016 1286/317/1198 693/317/1199
f 505/317/1016 414/317/423 691/317/1200 1286/317/1198
f 1286/317/1198 691/317/1200 276/317/1201 692/317/1202
f 693/317/1199 1286/317/1198 692/317/1202 279/317/722
f 267/317/703 684/317/1203 1287/317/1204 681/317/1197
f 43/317/709 685/317/1205 1287/317/1204 684/317/1203
f 262/317/694 681/317/1197 1287/317/1204 685/317/1205
f 43/317/709 682/317/1193 1288/317/1206 685/317/1205
f 259/317/695 960/317/698 1288/317/1206 682/317/1193
f 262/317/694 685/317/1205 1288/317/1206 960/317/698
f 46/317/714 687/317/1207 1289/317/1208 686/317/1209
f 43/317/709 684/317/1203 1289/317/1208 687/317/1207
f 267/317/703 686/317/1209 1289/317/1208 684/317/1203
f 270/317/699 690/317/715 1290/317/1210 963/317/700
f 46/317/714 686/317/1209 1290/317/1210 690/317/715
f 267/317/703 963/317/700 1290/317/1210 686/317/1209
f 268/317/711 688/317/710 1291/317/1211 964/317/712
f 43/317/709 687/317/1207 1291/317/1211 688/317/710
f 46/317/714 964/317/712 1291/317/1211 687/317/1207
f 416/317/414 510/317/1010 1292/317/1212 694/317/1213
f 510/317/1010 415/317/427 693/317/1199 1292/317/1212
f 1292/317/1212 693/317/1199 279/317/722 697/317/721
f 694/317/1213 1292/317/1212 697/317/721 281/317/720
f 417/317/418 509/317/1012 1293/317/1214 695/317/1215
f 509/317/1012 416/317/414 694/317/1213 1293/317/1214
f 1293/317/1214 694/317/1213 281/317/720 698/317/1216
f 695/317/1215 1293/317/1214 698/317/1216 283/317/1217
f 417/317/418 695/317/1215 1294/317/1218 508/317/1014
f 695/317/1215 283/317/1217 696/317/1219 1294/317/1218
f 1294/317/1218 696/317/1219 276/317/1201 691/317/1200
f 508/317/1014 1294/317/1218 691/317/1200 414/317/423
f 276/317/1201 699/317/1220 1295/317/1221 692/317/1202
f 699/317/1220 285/317/1222 892/317/1223 1295/317/1221
f 1295/317/1221 892/317/1223 288/317/716 700/317/719
f 692/317/1202 1295/317/1221 700/317/719 279/317/722
f 281/317/720 965/317/717 1296/317/1224 698/317/1216
f 965/317/717 288/317/716 966/317/730 1296/317/1224
f 1296/317/1224 966/317/730 49/317/729 701/317/1225
f 698/317/1216 1296/317/1224 701/317/1225 283/317/1217
f 283/317/1217 701/317/1225 1297/317/1226 696/317/1219
f 701/317/1225 49/317/729 702/317/1227 1297/317/1226
f 1297/317/1226 702/317/1227 285/317/1222 699/317/1220
f 696/317/1219 1297/317/1226 699/317/1220 276/317/1201
f 286/317/728 507/317/1228 1298/317/1229 703/317/726
f 507/317/1228 285/317/1222 702/317/1227 1298/317/1229
f 1298/317/1229 702/317/1227 49/317/729 446/317/732
f 703/317/726 1298/317/1229 446/317/732 47/317/723
f 285/317/1222 709/317/1230 1299/317/1231 705/317/1232
f 709/317/1230 293/317/1233 443/317/1234 1299/317/1231
f 1299/317/1231 443/317/1234 52/317/1235 967/317/1236
f 705/317/1232 1299/317/1231 967/317/1236 291/317/736
f 291/317/736 706/317/735 1300/317/1237 705/317/1232
f 288/317/716 892/317/1223 1300/317/1237 706/317/735
f 285/317/1222 705/317/1232 1300/317/1237 892/317/1223
f 293/317/1233 709/317/1230 1301/317/1238 708/317/1239
f 285/317/1222 507/317/1228 1301/317/1238 709/317/1230
f 286/317/728 708/317/1239 1301/317/1238 507/317/1228
f 291/317/736 967/317/1236 1302/317/1240 707/317/734
f 967/317/1236 52/317/1235 443/317/1234 1302/317/1240
f 1302/317/1240 443/317/1234 293/317/1233 708/317/1239
f 707/317/734 1302/317/1240 708/317/1239 286/317/728
f 118/317/262 444/317/461 1303/317/1241 445/317/956
f 558/317/951 1303/317/1241 444/317/461 1455/317/90 1451/317/85 1441/317/81 1445/317/80 1462/317/103
f 1303/317/1241 558/317/951 121/317/259 852/317/948
f 445/317/956 1303/317/1241 852/317/948 116/317/280
f 248/317/365 710/317/1242 1304/317/1243 485/317/679
f 710/317/1242 294/317/1244 968/317/1245 1304/317/1243
f 1304/317/1243 968/317/1245 297/317/1246 711/317/1247
f 485/317/679 1304/317/1243 711/317/1247 245/317/348
f 245/317/348 712/317/1248 1305/317/1249 496/317/447
f 712/317/1248 298/317/1250 716/317/1251 1305/317/1249
f 1305/317/1249 716/317/1251 301/317/1252 713/317/1253
f 496/317/447 1305/317/1249 713/317/1253 251/317/444
f 297/317/1246 715/317/1254 1306/317/1255 711/317/1247
f 298/317/1250 712/317/1248 1306/317/1255 715/317/1254
f 245/317/348 711/317/1247 1306/317/1255 712/317/1248
f 248/317/365 499/317/1181 1307/317/1256 710/317/1242
f 499/317/1181 251/317/444 713/317/1253 1307/317/1256
f 1307/317/1256 713/317/1253 301/317/1252 714/317/1257
f 710/317/1242 1307/317/1256 714/317/1257 294/317/1244
f 297/317/1246 717/317/1258 1308/317/1259 715/317/1254
f 717/317/1258 54/317/1260 437/317/1261 1308/317/1259
f 1308/317/1259 437/317/1261 56/317/1262 970/317/1263
f 715/317/1254 1308/317/1259 970/317/1263 298/317/1250
f 54/317/1260 717/317/1258 1309/317/1264 969/317/1265
f 297/317/1246 968/317/1245 1309/317/1264 717/317/1258
f 294/317/1244 969/317/1265 1309/317/1264 968/317/1245
f 301/317/1252 718/317/1266 1310/317/1267 714/317/1257
f 718/317/1266 56/317/1262 437/317/1261 1310/317/1267
f 1310/317/1267 437/317/1261 54/317/1260 969/317/1265
f 714/317/1257 1310/317/1267 969/317/1265 294/317/1244
f 56/317/1262 718/317/1266 1311/317/1268 970/317/1263
f 301/317/1252 716/317/1251 1311/317/1268 718/317/1266
f 298/317/1250 970/317/1263 1311/317/1268 716/317/1251
f 303/317/1046 719/317/1269 1312/317/1270 450/317/1271
f 719/317/1269 309/317/748 972/317/1272 1312/317/1270
f 1312/317/1270 972/317/1272 311/317/1273 720/317/1274
f 450/317/1271 1312/317/1270 720/317/1274 304/317/795
f 304/317/795 720/317/1274 1313/317/1275 449/317/796
f 720/317/1274 311/317/1273 722/317/1276 1313/317/1275
f 1313/317/1275 722/317/1276 312/317/737 721/317/740
f 449/317/796 1313/317/1275 721/317/740 306/317/743
f 311/317/1273 972/317/1272 1314/317/1277 725/317/1278
f 972/317/1272 309/317/748 724/317/745 1314/317/1277
f 1314/317/1277 724/317/745 314/317/744 975/317/1279
f 725/317/1278 1314/317/1277 975/317/1279 317/317/1280
f 309/317/748 719/317/1269 1315/317/1281 971/317/1282
f 303/317/1046 447/317/1054 1315/317/1281 719/317/1269
f 135/317/741 971/317/1282 1315/317/1281 447/317/1054
f 312/317/737 723/317/1283 1316/317/1284 973/317/738
f 309/317/748 971/317/1282 1316/317/1284 723/317/1283
f 135/317/741 973/317/738 1316/317/1284 971/317/1282
f 312/317/737 722/317/1276 1317/317/1285 726/317/1286
f 722/317/1276 311/317/1273 725/317/1278 1317/317/1285
f 1317/317/1285 725/317/1278 317/317/1280 728/317/1287
f 726/317/1286 1317/317/1285 728/317/1287 318/317/1288
f 309/317/748 723/317/1283 1318/317/1289 727/317/749
f 723/317/1283 312/317/737 726/317/1286 1318/317/1289
f 1318/317/1289 726/317/1286 318/317/1288 729/317/1290
f 727/317/749 1318/317/1289 729/317/1290 321/317/750
f 314/317/744 730/317/1291 1319/317/1292 975/317/1279
f 730/317/1291 322/317/751 891/317/1293 1319/317/1292
f 1319/317/1292 891/317/1293 329/317/1294 731/317/1295
f 975/317/1279 1319/317/1292 731/317/1295 317/317/1280
f 318/317/1288 728/317/1287 1320/317/1296 732/317/1297
f 728/317/1287 317/317/1280 731/317/1295 1320/317/1296
f 1320/317/1296 731/317/1295 329/317/1294 887/317/1298
f 732/317/1297 1320/317/1296 887/317/1298 324/317/774
f 321/317/750 729/317/1290 1321/317/1299 976/317/1300
f 729/317/1290 318/317/1288 732/317/1297 1321/317/1299
f 1321/317/1299 732/317/1297 324/317/774 514/317/1301
f 976/317/1300 1321/317/1299 514/317/1301 322/317/751
f 329/317/1294 891/317/1293 1322/317/1302 735/317/1303
f 891/317/1293 322/317/751 737/317/1304 1322/317/1302
f 1322/317/1302 737/317/1304 333/317/762 738/317/769
f 735/317/1303 1322/317/1302 738/317/769 335/317/768
f 322/317/751 730/317/1291 1323/317/1305 976/317/1300
f 314/317/744 974/317/747 1323/317/1305 730/317/1291
f 321/317/750 976/317/1300 1323/317/1305 974/317/747
f 329/317/1294 735/317/1303 1324/317/1306 511/317/1307
f 735/317/1303 335/317/768 977/317/1308 1324/317/1306
f 1324/317/1306 977/317/1308 330/317/757 733/317/756
f 511/317/1307 1324/317/1306 733/317/756 327/317/755
f 335/317/768 742/317/765 1325/317/1309 977/317/1308
f 742/317/765 59/317/764 872/317/1310 1325/317/1309
f 1325/317/1309 872/317/1310 58/317/758 739/317/761
f 977/317/1308 1325/317/1309 739/317/761 330/317/757
f 330/317/757 736/317/763 1326/317/1311 734/317/754
f 333/317/762 737/317/1304 1326/317/1311 736/317/763
f 322/317/751 734/317/754 1326/317/1311 737/317/1304
f 58/317/758 872/317/1310 1327/317/1312 740/317/759
f 59/317/764 741/317/767 1327/317/1312 872/317/1310
f 333/317/762 740/317/759 1327/317/1312 741/317/767
f 327/317/755 890/317/752 1328/317/1313 743/317/1314
f 890/317/752 322/317/751 514/317/1301 1328/317/1313
f 1328/317/1313 514/317/1301 324/317/774 978/317/771
f 743/317/1314 1328/317/1313 978/317/771 343/317/770
f 327/317/755 743/317/1314 1329/317/1315 511/317/1307
f 743/317/1314 343/317/770 979/317/1316 1329/317/1315
f 1329/317/1315 979/317/1316 339/317/783 744/317/1317
f 511/317/1307 1329/317/1315 744/317/1317 329/317/1294
f 329/317/1294 744/317/1317 1330/317/1318 887/317/1298
f 744/317/1317 339/317/783 747/317/782 1330/317/1318
f 1330/317/1318 747/317/782 340/317/781 745/317/1319
f 887/317/1298 1330/317/1318 745/317/1319 324/317/774
f 337/317/776 752/317/1320 1331/317/1321 981/317/773
f 752/317/1320 63/317/1322 425/317/1323 1331/317/1321
f 1331/317/1321 425/317/1323 61/317/1324 982/317/1325
f 981/317/773 1331/317/1321 982/317/1325 343/317/770
f 340/317/781 748/317/784 1332/317/1326 745/317/1319
f 337/317/776 746/317/775 1332/317/1326 748/317/784
f 324/317/774 745/317/1319 1332/317/1326 746/317/775
f 343/317/770 751/317/1327 1333/317/1328 979/317/1316
f 345/317/777 749/317/780 1333/317/1328 751/317/1327
f 339/317/783 979/317/1316 1333/317/1328 749/317/780
f 346/317/792 448/317/1047 1334/317/1329 756/317/790
f 448/317/1047 303/317/1046 755/317/1330 1334/317/1329
f 1334/317/1329 755/317/1330 348/317/1331 532/317/1332
f 756/317/790 1334/317/1329 532/317/1332 66/317/787
f 61/317/1324 753/317/1333 1335/317/1334 982/317/1325
f 345/317/777 751/317/1327 1335/317/1334 753/317/1333
f 343/317/770 982/317/1325 1335/317/1334 751/317/1327
f 61/317/1324 425/317/1323 1336/317/1335 753/317/1333
f 63/317/1322 754/317/1336 1336/317/1335 425/317/1323
f 345/317/777 753/317/1333 1336/317/1335 754/317/1336
f 63/317/1322 752/317/1320 1337/317/1337 754/317/1336
f 337/317/776 750/317/786 1337/317/1337 752/317/1320
f 345/317/777 754/317/1336 1337/317/1337 750/317/786
f 421/317/409 762/317/1338 1338/317/1339 488/317/1036
f 762/317/1338 363/317/803 987/317/1027 1338/317/1339
f 1338/317/1339 987/317/1027 366/317/1026 763/317/1340
f 488/317/1036 1338/317/1339 763/317/1340 420/317/459
f 304/317/795 758/317/1341 1339/317/1342 450/317/1271
f 348/317/1331 755/317/1330 1339/317/1342 758/317/1341
f 303/317/1046 450/317/1271 1339/317/1342 755/317/1330
f 66/317/787 532/317/1332 1340/317/1343 983/317/793
f 348/317/1331 758/317/1341 1340/317/1343 532/317/1332
f 304/317/795 983/317/793 1340/317/1343 758/317/1341
f 354/317/392 759/317/799 1341/317/1344 761/317/1006
f 350/317/308 440/317/305 1341/317/1344 759/317/799
f 94/317/293 761/317/1006 1341/317/1344 440/317/305
f 420/317/459 763/317/1340 1342/317/1345 497/317/1001
f 763/317/1340 366/317/1026 531/317/1346 1342/317/1345
f 1342/317/1345 531/317/1346 369/317/809 764/317/1347
f 497/317/1001 1342/317/1345 764/317/1347 419/317/400
f 419/317/400 764/317/1347 1343/317/1348 494/317/1003
f 764/317/1347 369/317/809 766/317/808 1343/317/1348
f 1343/317/1348 766/317/808 365/317/807 765/317/1349
f 494/317/1003 1343/317/1348 765/317/1349 418/317/404
f 418/317/404 765/317/1349 1344/317/1350 492/317/1008
f 765/317/1349 365/317/807 986/317/804 1344/317/1350
f 1344/317/1350 986/317/804 363/317/803 762/317/1338
f 492/317/1008 1344/317/1350 762/317/1338 421/317/409
f 402/317/893 767/317/1351 1345/317/1352 1010/317/894
f 767/317/1351 371/317/1353 871/317/1354 1345/317/1352
f 1345/317/1352 871/317/1354 68/317/810 988/317/1355
f 1010/317/894 1345/317/1352 988/317/1355 80/317/895
f 374/317/381 773/317/1356 1346/317/1357 527/317/397
f 773/317/1356 381/317/1358 992/317/1359 1346/317/1357
f 1346/317/1357 992/317/1359 376/317/814 770/317/817
f 527/317/397 1346/317/1357 770/317/817 373/317/388
f 68/317/810 768/317/813 1347/317/1360 988/317/1355
f 369/317/809 822/317/1361 1347/317/1360 768/317/813
f 80/317/895 988/317/1355 1347/317/1360 822/317/1361
f 371/317/1353 767/317/1351 1348/317/1362 769/317/1363
f 402/317/893 528/317/1030 1348/317/1362 767/317/1351
f 363/317/803 769/317/1363 1348/317/1362 528/317/1030
f 68/317/810 871/317/1354 1349/317/1364 989/317/811
f 371/317/1353 769/317/1363 1349/317/1364 871/317/1354
f 363/317/803 989/317/811 1349/317/1364 769/317/1363
f 354/317/392 772/317/823 1350/317/1365 985/317/798
f 380/317/822 990/317/1366 1350/317/1365 772/317/823
f 374/317/381 985/317/798 1350/317/1365 990/317/1366
f 380/317/822 776/317/1367 1351/317/1368 990/317/1366
f 381/317/1358 773/317/1356 1351/317/1368 776/317/1367
f 374/317/381 990/317/1366 1351/317/1368 773/317/1356
f 379/317/818 991/317/1369 1352/317/1370 778/317/1371
f 991/317/1369 376/317/814 777/317/1372 1352/317/1370
f 1352/317/1370 777/317/1372 70/317/881 993/317/880
f 778/317/1371 1352/317/1370 993/317/880 397/317/879
f 379/317/818 774/317/821 1353/317/1373 991/317/1369
f 354/317/392 771/317/815 1353/317/1373 774/317/821
f 376/317/814 991/317/1369 1353/317/1373 771/317/815
f 380/317/822 775/317/819 1354/317/1374 779/317/1375
f 775/317/819 379/317/818 778/317/1371 1354/317/1374
f 1354/317/1374 778/317/1371 397/317/879 812/317/1376
f 779/317/1375 1354/317/1374 812/317/1376 398/317/886
f 380/317/822 779/317/1375 1355/317/1377 776/317/1367
f 779/317/1375 398/317/886 781/317/1378 1355/317/1377
f 1355/317/1377 781/317/1378 70/317/881 780/317/1379
f 776/317/1367 1355/317/1377 780/317/1379 381/317/1358
f 273/317/363 487/317/413 1356/317/1380 782/317/826
f 487/317/413 275/317/352 785/317/1381 1356/317/1380
f 1356/317/1380 785/317/1381 386/317/832 995/317/1382
f 782/317/826 1356/317/1380 995/317/1382 382/317/827
f 70/317/881 777/317/1372 1357/317/1383 780/317/1379
f 376/317/814 992/317/1359 1357/317/1383 777/317/1372
f 381/317/1358 780/317/1379 1357/317/1383 992/317/1359
f 386/317/832 785/317/1381 1358/317/1384 784/317/833
f 275/317/352 885/317/445 1358/317/1384 785/317/1381
f 251/317/444 784/317/833 1358/317/1384 885/317/445
f 251/317/444 501/317/1189 1359/317/1385 787/317/831
f 501/317/1189 383/317/448 786/317/1386 1359/317/1385
f 1359/317/1385 786/317/1386 384/317/837 997/317/834
f 787/317/831 1359/317/1385 997/317/834 385/317/828
f 384/317/837 786/317/1386 1360/317/1387 996/317/1388
f 383/317/448 783/317/825 1360/317/1387 786/317/1386
f 382/317/827 996/317/1388 1360/317/1387 783/317/825
f 386/317/832 789/317/829 1361/317/1389 1000/317/1390
f 789/317/829 385/317/828 792/317/1391 1361/317/1389
f 1361/317/1389 792/317/1391 390/317/858 793/317/1392
f 1000/317/1390 1361/317/1389 793/317/1392 387/317/844
f 382/317/827 998/317/840 1362/317/1393 996/317/1388
f 389/317/839 788/317/838 1362/317/1393 998/317/840
f 384/317/837 996/317/1388 1362/317/1393 788/317/838
f 389/317/839 796/317/1394 1363/317/1395 999/317/836
f 390/317/858 792/317/1391 1363/317/1395 796/317/1394
f 385/317/828 999/317/836 1363/317/1395 792/317/1391
f 389/317/839 795/317/846 1364/317/1396 796/317/1394
f 795/317/846 388/317/848 801/317/1397 1364/317/1396
f 1364/317/1396 801/317/1397 392/317/853 799/317/856
f 796/317/1394 1364/317/1396 799/317/856 390/317/858
f 387/317/844 790/317/843 1365/317/1398 1000/317/1390
f 382/317/827 995/317/1382 1365/317/1398 790/317/843
f 386/317/832 1000/317/1390 1365/317/1398 995/317/1382
f 393/317/852 798/317/851 1366/317/1399 797/317/857
f 387/317/844 793/317/1392 1366/317/1399 798/317/851
f 390/317/858 797/317/857 1366/317/1399 793/317/1392
f 395/317/859 807/317/864 1367/317/1400 1004/317/1401
f 807/317/864 394/317/863 810/317/1402 1367/317/1400
f 1367/317/1400 810/317/1402 396/317/868 1005/317/871
f 1004/317/1401 1367/317/1400 1005/317/871 72/317/874
f 391/317/872 800/317/1403 1368/317/1404 803/317/1405
f 388/317/848 1001/317/850 1368/317/1404 800/317/1403
f 393/317/852 803/317/1405 1368/317/1404 1001/317/850
f 395/317/859 805/317/862 1369/317/1406 804/317/867
f 392/317/853 801/317/1397 1369/317/1406 805/317/862
f 388/317/848 804/317/867 1369/317/1406 801/317/1397
f 394/317/863 806/317/866 1370/317/1407 1002/317/1408
f 388/317/848 800/317/1403 1370/317/1407 806/317/866
f 391/317/872 1002/317/1408 1370/317/1407 800/317/1403
f 395/317/859 808/317/1409 1371/317/1410 1003/317/860
f 391/317/872 803/317/1405 1371/317/1410 808/317/1409
f 393/317/852 1003/317/860 1371/317/1410 803/317/1405
f 396/317/868 810/317/1402 1372/317/1411 809/317/869
f 394/317/863 1002/317/1408 1372/317/1411 810/317/1402
f 391/317/872 809/317/869 1372/317/1411 1002/317/1408
f 398/317/886 812/317/1376 1373/317/1412 815/317/887
f 812/317/1376 397/317/879 1006/317/876 1373/317/1412
f 1373/317/1412 1006/317/876 399/317/875 816/317/1413
f 815/317/887 1373/317/1412 816/317/1413 400/317/888
f 72/317/874 811/317/873 1374/317/1414 1004/317/1401
f 391/317/872 808/317/1409 1374/317/1414 811/317/873
f 395/317/859 1004/317/1401 1374/317/1414 808/317/1409
f 401/317/882 813/317/1415 1375/317/1416 1007/317/883
f 70/317/881 781/317/1378 1375/317/1416 813/317/1415
f 398/317/886 1007/317/883 1375/317/1416 781/317/1378
f 400/317/888 819/317/1417 1376/317/1418 817/317/885
f 819/317/1417 74/317/1419 533/317/1420 1376/317/1418
f 1376/317/1418 533/317/1420 75/317/1421 820/317/1422
f 817/317/885 1376/317/1418 820/317/1422 401/317/882
f 399/317/875 814/317/878 1377/317/1423 1008/317/1424
f 70/317/881 813/317/1415 1377/317/1423 814/317/878
f 401/317/882 1008/317/1424 1377/317/1423 813/317/1415
f 75/317/1421 533/317/1420 1378/317/1425 818/317/1426
f 74/317/1419 1009/317/1427 1378/317/1425 533/317/1420
f 399/317/875 818/317/1426 1378/317/1425 1009/317/1427
f 74/317/1419 819/317/1417 1379/317/1428 1009/317/1427
f 400/317/888 816/317/1413 1379/317/1428 819/317/1417
f 399/317/875 1009/317/1427 1379/317/1428 816/317/1413
f 366/317/1026 821/317/1429 1380/317/1430 531/317/1346
f 821/317/1429 81/317/904 1012/317/1431 1380/317/1430
f 1380/317/1430 1012/317/1431 80/317/895 822/317/1361
f 531/317/1346 1380/317/1430 822/317/1361 369/317/809
f 75/317/1421 818/317/1426 1381/317/1432 820/317/1422
f 399/317/875 1008/317/1424 1381/317/1432 818/317/1426
f 401/317/882 820/317/1422 1381/317/1432 1008/317/1424
f 81/317/904 821/317/1429 1382/317/1433 824/317/905
f 366/317/1026 530/317/1029 1382/317/1433 821/317/1429
f 402/317/893 824/317/905 1382/317/1433 530/317/1029
f 407/317/911 834/317/918 1383/317/1434 838/317/924
f 834/317/918 406/317/920 837/317/1435 1383/317/1434
f 1383/317/1434 837/317/1435 408/317/926 1018/317/929
f 838/317/924 1383/317/1434 1018/317/929 83/317/921
f 81/317/904 829/317/915 1384/317/1436 1012/317/1431
f 405/317/896 825/317/899 1384/317/1436 829/317/915
f 80/317/895 1012/317/1431 1384/317/1436 825/317/899
f 77/317/889 826/317/906 1385/317/1437 1011/317/890
f 404/317/900 827/317/903 1385/317/1437 826/317/906
f 402/317/893 1011/317/890 1385/317/1437 827/317/903
f 407/317/911 832/317/914 1386/317/1438 1014/317/916
f 81/317/904 828/317/901 1386/317/1438 832/317/914
f 404/317/900 1014/317/916 1386/317/1438 828/317/901
f 405/317/896 1015/317/1439 1387/317/1440 1013/317/897
f 403/317/910 830/317/909 1387/317/1440 1015/317/1439
f 77/317/889 1013/317/897 1387/317/1440 830/317/909
f 406/317/920 833/317/919 1388/317/1441 1016/317/1442
f 404/317/900 831/317/908 1388/317/1441 833/317/919
f 403/317/910 1016/317/1442 1388/317/1441 831/317/908
f 407/317/911 835/317/925 1389/317/1443 1017/317/912
f 403/317/910 1015/317/1439 1389/317/1443 835/317/925
f 405/317/896 1017/317/912 1389/317/1443 1015/317/1439
f 408/317/926 837/317/1435 1390/317/1444 836/317/927
f 406/317/920 1016/317/1442 1390/317/1444 837/317/1435
f 403/317/910 836/317/927 1390/317/1444 1016/317/1442
f 842/317/941 177/317/553 1425/317/47 1426/317/46 1391/317/1445
f 841/317/1446 1391/317/1445 1426/317/46 1423/317/45 1424/317/44 1438/317/66 1437/317/70
f 1391/317/1445 841/317/1446 409/317/1447 1022/317/1448
f 842/317/941 1391/317/1445 1022/317/1448 410/317/942
f 177/317/553 1020/317/938 1392/317/1449 428/317/554
f 411/317/935 840/317/934 1392/317/1449 1020/317/938
f 1421/317/39 428/317/554 1392/317/1449 840/317/934 1430/317/58 1419/317/41 1420/317/40
f 410/317/942 846/317/1450 1393/317/1451 843/317/940
f 846/317/1450 413/317/1452 848/317/1453 1393/317/1451
f 1393/317/1451 848/317/1453 85/317/1454 1024/317/1455
f 843/317/940 1393/317/1451 1024/317/1455 411/317/935
f 412/317/930 1023/317/1456 1394/317/1457 1021/317/937
f 409/317/1447 841/317/1446 1394/317/1457 1023/317/1456
f 1436/317/69 1435/317/68 1021/317/937 1394/317/1457 841/317/1446 1437/317/70
f 413/317/1452 846/317/1450 1395/317/1458 845/317/1459
f 410/317/942 1022/317/1448 1395/317/1458 846/317/1450
f 409/317/1447 845/317/1459 1395/317/1458 1022/317/1448
f 409/317/1447 1023/317/1456 1396/317/1460 845/317/1459
f 1023/317/1456 412/317/930 847/317/1461 1396/317/1460
f 1396/317/1460 847/317/1461 85/317/1454 848/317/1453
f 845/317/1459 1396/317/1460 848/317/1453 413/317/1452
f 85/317/1454 847/317/1461 1397/317/1462 1024/317/1455
f 412/317/930 844/317/933 1397/317/1462 847/317/1461
f 411/317/935 1024/317/1455 1397/317/1462 844/317/933
